CAR_ID,品牌系列,主动式多仿形座椅,裸眼3D数字仪表屏,主动式多仿形座椅组件,智能魔术车身控制系统,多仿形座椅,MBUX智能人机交互系统实景穿越导航,AMG_扰流板,AMG_Track_Pace,畅新空气护盾,主动式环境氛围照明系统,主动式环境氛围灯,智能数字大灯DIGITAL_LIGHT,M高性能卡钳,M运动型排气系统,星空全景天窗,循迹倒车,BMW环形光耀格栅,M运动型排气,魔毯智能空气悬挂系统,炫影光幕格栅,炫影光幕格栅_1,Brembo赛车级刹车系统,自适应旋转悬浮Pad,智能扭矩控制系统i_TAC,遥控驾驶,全息透明影像系统,移动电站,舒奢一体式升舱顶,手机遥控泊车,碳纤维车顶,陶瓷刹车盘,魔术感应门,福祉座椅,Brembo布雷博制动卡钳,AR实景导航,对外供电功能,运动型排气系统,Sport_Chrono_计时器表盘,HomeLink,Sport_Chrono组件,带模式开关的Sport_Chrono组件,中央锁止轮毂,智能召唤,_梦想之翼_前组合灯动态迎宾效果,_北斗之翼_后组合灯动态迎宾效果,侧旗标灯,nanoeTM纳米水离子,十周年纪念版内饰,Brembo刹车系统,三指导航飞屏,人车家生态空间,生态拓展空间,双屏互动带三指飞屏功能,三指飞屏双屏导航互动,三指飞屏双屏导航共享,第二排魔法吧台,540_全景影像系统_带透明底盘,影院幕布式遮物帘
70558,迈巴赫S级,无,无,无,无,无,无,无,无,无,无,无,无,无,无,无,无,无,无,无,无,无,无,无,无,无,无,无,无,无,无,无,无,无,无,无,无,无,无,无,无,无,无,无,无,无,无,无,无,无,无,无,无,无,无,无,无,无,无
67444,迈巴赫S级,无,(选配),无,无,无,无,无,无,无,无,无,无,无,无,无,无,无,无,无,无,无,无,无,无,无,无,无,无,无,无,无,无,无,无,无,无,无,无,无,无,无,无,无,无,无,无,无,无,无,无,无,无,无,无,无,无,无,无
70557,迈巴赫S级,无,无,无,无,无,无,无,无,无,无,无,无,无,无,无,无,无,无,无,无,无,无,无,无,无,无,无,无,无,无,无,无,无,无,无,无,无,无,无,无,无,无,无,无,无,无,无,无,无,无,无,无,无,无,无,无,无,无
68040,迈巴赫S级,无,(选配),无,无,无,无,无,无,无,无,无,无,无,无,无,无,无,无,无,无,无,无,无,无,无,无,无,无,无,无,无,无,无,无,无,无,无,无,无,无,无,无,无,无,无,无,无,无,无,无,无,无,无,无,无,无,无,无
72308,迈巴赫S级,无,无,无,无,无,无,无,无,无,无,无,无,无,无,无,无,无,无,无,无,无,无,无,无,无,无,无,无,无,无,无,无,无,无,无,无,无,无,无,无,无,无,无,无,无,无,无,无,无,无,无,无,无,无,无,无,无,无
72306,迈巴赫S级,无,无,无,无,无,无,无,无,无,无,无,无,无,无,无,无,无,无,无,无,无,无,无,无,无,无,无,无,无,无,无,无,无,无,无,无,无,无,无,无,无,无,无,无,无,无,无,无,无,无,无,无,无,无,无,无,无,无
68041,迈巴赫S级,(标配),(选配),无,无,无,无,无,无,无,无,无,无,无,无,无,无,无,无,无,无,无,无,无,无,无,无,无,无,无,无,无,无,无,无,无,无,无,无,无,无,无,无,无,无,无,无,无,无,无,无,无,无,无,无,无,无,无,无
61337,迈巴赫S级,(标配),(选配),无,无,无,无,无,无,无,无,无,无,无,无,无,无,无,无,无,无,无,无,无,无,无,无,无,无,无,无,无,无,无,无,无,无,无,无,无,无,无,无,无,无,无,无,无,无,无,无,无,无,无,无,无,无,无,无
67446,迈巴赫S级,无,无,无,无,无,无,无,无,无,无,无,无,无,无,无,无,无,无,无,无,无,无,无,无,无,无,无,无,无,无,无,无,无,无,无,无,无,无,无,无,无,无,无,无,无,无,无,无,无,无,无,无,无,无,无,无,无,无
70555,迈巴赫S级,无,无,无,无,无,无,无,无,无,无,无,无,无,无,无,无,无,无,无,无,无,无,无,无,无,无,无,无,无,无,无,无,无,无,无,无,无,无,无,无,无,无,无,无,无,无,无,无,无,无,无,无,无,无,无,无,无,无
72307,迈巴赫S级,无,无,无,无,无,无,无,无,无,无,无,无,无,无,无,无,无,无,无,无,无,无,无,无,无,无,无,无,无,无,无,无,无,无,无,无,无,无,无,无,无,无,无,无,无,无,无,无,无,无,无,无,无,无,无,无,无,无
70556,迈巴赫S级,(标配),无,无,无,无,无,无,无,无,无,无,无,无,无,无,无,无,无,无,无,无,无,无,无,无,无,无,无,无,无,无,无,无,无,无,无,无,无,无,无,无,无,无,无,无,无,无,无,无,无,无,无,无,无,无,无,无,无
54579,迈巴赫S级,无,无,无,无,无,无,无,无,无,无,无,无,无,无,无,无,无,无,无,无,无,无,无,无,无,无,无,无,无,无,无,无,无,无,无,无,无,无,无,无,无,无,无,无,无,无,无,无,无,无,无,无,无,无,无,无,无,无
67445,迈巴赫S级,(标配),(标配),无,无,无,无,无,无,无,无,无,无,无,无,无,无,无,无,无,无,无,无,无,无,无,无,无,无,无,无,无,无,无,无,无,无,无,无,无,无,无,无,无,无,无,无,无,无,无,无,无,无,无,无,无,无,无,无
72305,迈巴赫S级,(标配),(标配),无,无,无,无,无,无,无,无,无,无,无,无,无,无,无,无,无,无,无,无,无,无,无,无,无,无,无,无,无,无,无,无,无,无,无,无,无,无,无,无,无,无,无,无,无,无,无,无,无,无,无,无,无,无,无,无
65978,奔驰G级,无,无,(标配),无,无,无,无,无,无,无,无,无,无,无,无,无,无,无,无,无,无,无,无,无,无,无,无,无,无,无,无,无,无,无,无,无,无,无,无,无,无,无,无,无,无,无,无,无,无,无,无,无,无,无,无,无,无,无
65977,奔驰G级,无,无,无,无,无,无,无,无,无,无,无,无,无,无,无,无,无,无,无,无,无,无,无,无,无,无,无,无,无,无,无,无,无,无,无,无,无,无,无,无,无,无,无,无,无,无,无,无,无,无,无,无,无,无,无,无,无,无
66721,奔驰G级,无,无,(标配),无,无,无,无,无,无,无,无,无,无,无,无,无,无,无,无,无,无,无,无,无,无,无,无,无,无,无,无,无,无,无,无,无,无,无,无,无,无,无,无,无,无,无,无,无,无,无,无,无,无,无,无,无,无,无
66524,奔驰G级,无,无,无,无,无,无,无,无,无,无,无,无,无,无,无,无,无,无,无,无,无,无,无,无,无,无,无,无,无,无,无,无,无,无,无,无,无,无,无,无,无,无,无,无,无,无,无,无,无,无,无,无,无,无,无,无,无,无
67435,奔驰G级,无,无,无,无,无,无,无,无,无,无,无,无,无,无,无,无,无,无,无,无,无,无,无,无,无,无,无,无,无,无,无,无,无,无,无,无,无,无,无,无,无,无,无,无,无,无,无,无,无,无,无,无,无,无,无,无,无,无
70926,迈巴赫GLS,无,无,无,无,无,无,无,无,无,无,无,无,无,无,无,无,无,无,无,无,无,无,无,无,无,无,无,无,无,无,无,无,无,无,无,无,无,无,无,无,无,无,无,无,无,无,无,无,无,无,无,无,无,无,无,无,无,无
66811,迈巴赫GLS,无,无,无,(选配),无,无,无,无,无,无,无,无,无,无,无,无,无,无,无,无,无,无,无,无,无,无,无,无,无,无,无,无,无,无,无,无,无,无,无,无,无,无,无,无,无,无,无,无,无,无,无,无,无,无,无,无,无,无
70927,迈巴赫GLS,无,无,无,(选配),无,无,无,无,无,无,无,无,无,无,无,无,无,无,无,无,无,无,无,无,无,无,无,无,无,无,无,无,无,无,无,无,无,无,无,无,无,无,无,无,无,无,无,无,无,无,无,无,无,无,无,无,无,无
62314,迈巴赫GLS,无,无,无,无,无,无,无,无,无,无,无,无,无,无,无,无,无,无,无,无,无,无,无,无,无,无,无,无,无,无,无,无,无,无,无,无,无,无,无,无,无,无,无,无,无,无,无,无,无,无,无,无,无,无,无,无,无,无
63209,迈巴赫GLS,无,无,无,(标配),无,无,无,无,无,无,无,无,无,无,无,无,无,无,无,无,无,无,无,无,无,无,无,无,无,无,无,无,无,无,无,无,无,无,无,无,无,无,无,无,无,无,无,无,无,无,无,无,无,无,无,无,无,无
70925,迈巴赫GLS,无,无,无,无,无,无,无,无,无,无,无,无,无,无,无,无,无,无,无,无,无,无,无,无,无,无,无,无,无,无,无,无,无,无,无,无,无,无,无,无,无,无,无,无,无,无,无,无,无,无,无,无,无,无,无,无,无,无
63122,奔驰E级(进口),无,无,无,无,无,无,无,无,无,无,无,无,无,无,无,无,无,无,无,无,无,无,无,无,无,无,无,无,无,无,无,无,无,无,无,无,无,无,无,无,无,无,无,无,无,无,无,无,无,无,无,无,无,无,无,无,无,无
70201,奔驰E级(进口),无,无,无,无,无,无,无,无,无,无,无,无,无,无,无,无,无,无,无,无,无,无,无,无,无,无,无,无,无,无,无,无,无,无,无,无,无,无,无,无,无,无,无,无,无,无,无,无,无,无,无,无,无,无,无,无,无,无
63123,奔驰E级(进口),无,无,无,无,无,无,无,无,无,无,无,无,无,无,无,无,无,无,无,无,无,无,无,无,无,无,无,无,无,无,无,无,无,无,无,无,无,无,无,无,无,无,无,无,无,无,无,无,无,无,无,无,无,无,无,无,无,无
70202,奔驰E级(进口),无,无,无,无,(选配),(选配),无,无,无,无,无,无,无,无,无,无,无,无,无,无,无,无,无,无,无,无,无,无,无,无,无,无,无,无,无,无,无,无,无,无,无,无,无,无,无,无,无,无,无,无,无,无,无,无,无,无,无,无
59860,奔驰E级(进口),无,无,无,无,(选配),(选配),无,无,无,无,无,无,无,无,无,无,无,无,无,无,无,无,无,无,无,无,无,无,无,无,无,无,无,无,无,无,无,无,无,无,无,无,无,无,无,无,无,无,无,无,无,无,无,无,无,无,无,无
70203,奔驰E级(进口),无,无,无,无,无,(选配),无,无,无,无,无,无,无,无,无,无,无,无,无,无,无,无,无,无,无,无,无,无,无,无,无,无,无,无,无,无,无,无,无,无,无,无,无,无,无,无,无,无,无,无,无,无,无,无,无,无,无,无
63124,奔驰E级(进口),无,无,无,无,无,(选配),无,无,无,无,无,无,无,无,无,无,无,无,无,无,无,无,无,无,无,无,无,无,无,无,无,无,无,无,无,无,无,无,无,无,无,无,无,无,无,无,无,无,无,无,无,无,无,无,无,无,无,无
63125,奔驰E级(进口),无,无,无,无,(选配),(选配),无,无,无,无,无,无,无,无,无,无,无,无,无,无,无,无,无,无,无,无,无,无,无,无,无,无,无,无,无,无,无,无,无,无,无,无,无,无,无,无,无,无,无,无,无,无,无,无,无,无,无,无
63004,奔驰CLS,无,无,无,无,无,(选配),(选配),无,无,无,无,无,无,无,无,无,无,无,无,无,无,无,无,无,无,无,无,无,无,无,无,无,无,无,无,无,无,无,无,无,无,无,无,无,无,无,无,无,无,无,无,无,无,无,无,无,无,无
63005,奔驰CLS,无,无,无,无,无,(选配),(选配),无,无,无,无,无,无,无,无,无,无,无,无,无,无,无,无,无,无,无,无,无,无,无,无,无,无,无,无,无,无,无,无,无,无,无,无,无,无,无,无,无,无,无,无,无,无,无,无,无,无,无
63006,奔驰CLS,无,无,无,无,无,(选配),(标配),无,无,无,无,无,无,无,无,无,无,无,无,无,无,无,无,无,无,无,无,无,无,无,无,无,无,无,无,无,无,无,无,无,无,无,无,无,无,无,无,无,无,无,无,无,无,无,无,无,无,无
65910,奔驰GLB AMG,无,无,无,无,无,无,无,(选配),无,无,无,无,无,无,无,无,无,无,无,无,无,无,无,无,无,无,无,无,无,无,无,无,无,无,无,无,无,无,无,无,无,无,无,无,无,无,无,无,无,无,无,无,无,无,无,无,无,无
70754,奔驰EQE,无,无,无,无,无,无,无,无,(标配),无,无,无,无,无,无,无,无,无,无,无,无,无,无,无,无,无,无,无,无,无,无,无,无,无,无,无,无,无,无,无,无,无,无,无,无,无,无,无,无,无,无,无,无,无,无,无,无,无
70753,奔驰EQE,无,无,无,无,无,无,无,无,(标配),无,无,无,无,无,无,无,无,无,无,无,无,无,无,无,无,无,无,无,无,无,无,无,无,无,无,无,无,无,无,无,无,无,无,无,无,无,无,无,无,无,无,无,无,无,无,无,无,无
69750,奔驰EQE,无,无,无,无,无,无,无,无,(标配),无,无,无,无,无,无,无,无,无,无,无,无,无,无,无,无,无,无,无,无,无,无,无,无,无,无,无,无,无,无,无,无,无,无,无,无,无,无,无,无,无,无,无,无,无,无,无,无,无
71114,奔驰CLA AMG,无,无,无,无,无,无,无,(选配),无,无,无,无,无,无,无,无,无,无,无,无,无,无,无,无,无,无,无,无,无,无,无,无,无,无,无,无,无,无,无,无,无,无,无,无,无,无,无,无,无,无,无,无,无,无,无,无,无,无
68688,奔驰CLA AMG,无,无,无,无,无,无,无,(标配),无,无,无,无,无,无,无,无,无,无,无,无,无,无,无,无,无,无,无,无,无,无,无,无,无,无,无,无,无,无,无,无,无,无,无,无,无,无,无,无,无,无,无,无,无,无,无,无,无,无
60934,奔驰E级AMG,无,无,无,无,无,(标配),无,(标配),无,无,无,无,无,无,无,无,无,无,无,无,无,无,无,无,无,无,无,无,无,无,无,无,无,无,无,无,无,无,无,无,无,无,无,无,无,无,无,无,无,无,无,无,无,无,无,无,无,无
61685,奔驰EQS,无,无,无,无,无,无,无,无,无,无,(选配),无,无,无,无,无,无,无,无,无,无,无,无,无,无,无,无,无,无,无,无,无,无,无,无,无,无,无,无,无,无,无,无,无,无,无,无,无,无,无,无,无,无,无,无,无,无,无
61683,奔驰EQS,无,无,无,无,无,无,无,无,无,无,(选配),无,无,无,无,无,无,无,无,无,无,无,无,无,无,无,无,无,无,无,无,无,无,无,无,无,无,无,无,无,无,无,无,无,无,无,无,无,无,无,无,无,无,无,无,无,无,无
61684,奔驰EQS,无,无,无,无,无,无,无,无,无,无,(选配),无,无,无,无,无,无,无,无,无,无,无,无,无,无,无,无,无,无,无,无,无,无,无,无,无,无,无,无,无,无,无,无,无,无,无,无,无,无,无,无,无,无,无,无,无,无,无
72446,奔驰GLA AMG,无,无,无,无,无,无,无,无,无,无,无,无,无,无,无,无,无,无,无,无,无,无,无,无,无,无,无,无,无,无,无,无,无,无,无,无,无,无,无,无,无,无,无,无,无,无,无,无,无,无,无,无,无,无,无,无,无,无
65909,奔驰GLA AMG,无,无,无,无,无,无,无,(选配),无,无,无,无,无,无,无,无,无,无,无,无,无,无,无,无,无,无,无,无,无,无,无,无,无,无,无,无,无,无,无,无,无,无,无,无,无,无,无,无,无,无,无,无,无,无,无,无,无,无
62689,奔驰EQE AMG,无,无,无,无,无,无,无,无,(标配),(标配),无,无,无,无,无,无,无,无,无,无,无,无,无,无,无,无,无,无,无,无,无,无,无,无,无,无,无,无,无,无,无,无,无,无,无,无,无,无,无,无,无,无,无,无,无,无,无,无
61343,奔驰EQS AMG,无,无,无,无,无,无,无,无,无,无,(标配),(标配),无,无,无,无,无,无,无,无,无,无,无,无,无,无,无,无,无,无,无,无,无,无,无,无,无,无,无,无,无,无,无,无,无,无,无,无,无,无,无,无,无,无,无,无,无,无
69229,宝马X5,无,无,无,无,无,无,无,无,无,无,无,无,(标配),(标配),无,无,无,无,无,无,无,无,无,无,无,无,无,无,无,无,无,无,无,无,无,无,无,无,无,无,无,无,无,无,无,无,无,无,无,无,无,无,无,无,无,无,无,无
64451,宝马X5,无,无,无,无,无,无,无,无,无,无,无,无,无,无,无,无,无,无,无,无,无,无,无,无,无,无,无,无,无,无,无,无,无,无,无,无,无,无,无,无,无,无,无,无,无,无,无,无,无,无,无,无,无,无,无,无,无,无
64453,宝马X5,无,无,无,无,无,无,无,无,无,无,无,无,无,无,无,无,无,无,无,无,无,无,无,无,无,无,无,无,无,无,无,无,无,无,无,无,无,无,无,无,无,无,无,无,无,无,无,无,无,无,无,无,无,无,无,无,无,无
64452,宝马X5,无,无,无,无,无,无,无,无,无,无,无,无,无,无,无,无,无,无,无,无,无,无,无,无,无,无,无,无,无,无,无,无,无,无,无,无,无,无,无,无,无,无,无,无,无,无,无,无,无,无,无,无,无,无,无,无,无,无
64454,宝马X5,无,无,无,无,无,无,无,无,无,无,无,无,(选配),(选配),无,无,无,无,无,无,无,无,无,无,无,无,无,无,无,无,无,无,无,无,无,无,无,无,无,无,无,无,无,无,无,无,无,无,无,无,无,无,无,无,无,无,无,无
64449,宝马X5,无,无,无,无,无,无,无,无,无,无,无,无,(选配),(选配),无,无,无,无,无,无,无,无,无,无,无,无,无,无,无,无,无,无,无,无,无,无,无,无,无,无,无,无,无,无,无,无,无,无,无,无,无,无,无,无,无,无,无,无
64450,宝马X5,无,无,无,无,无,无,无,无,无,无,无,无,(标配),(标配),无,无,无,无,无,无,无,无,无,无,无,无,无,无,无,无,无,无,无,无,无,无,无,无,无,无,无,无,无,无,无,无,无,无,无,无,无,无,无,无,无,无,无,无
60890,宝马7系,无,无,无,无,无,无,无,无,无,无,无,无,无,无,无,无,(标配),无,无,无,无,无,无,无,无,无,无,无,无,无,无,无,无,无,无,无,无,无,无,无,无,无,无,无,无,无,无,无,无,无,无,无,无,无,无,无,无,无
56718,宝马7系,无,无,无,无,无,无,无,无,无,无,无,无,无,无,无,无,(标配),无,无,无,无,无,无,无,无,无,无,无,无,无,无,无,无,无,无,无,无,无,无,无,无,无,无,无,无,无,无,无,无,无,无,无,无,无,无,无,无,无
60891,宝马7系,无,无,无,无,无,无,无,无,无,无,无,无,无,无,无,无,(标配),无,无,无,无,无,无,无,无,无,无,无,无,无,无,无,无,无,无,无,无,无,无,无,无,无,无,无,无,无,无,无,无,无,无,无,无,无,无,无,无,无
60888,宝马7系,无,无,无,无,无,无,无,无,无,无,无,无,无,无,无,无,(标配),无,无,无,无,无,无,无,无,无,无,无,无,无,无,无,无,无,无,无,无,无,无,无,无,无,无,无,无,无,无,无,无,无,无,无,无,无,无,无,无,无
60756,宝马7系,无,无,无,无,无,无,无,无,无,无,无,无,无,无,无,无,(标配),无,无,无,无,无,无,无,无,无,无,无,无,无,无,无,无,无,无,无,无,无,无,无,无,无,无,无,无,无,无,无,无,无,无,无,无,无,无,无,无,无
60889,宝马7系,无,无,无,无,无,无,无,无,无,无,无,无,无,无,无,无,(标配),无,无,无,无,无,无,无,无,无,无,无,无,无,无,无,无,无,无,无,无,无,无,无,无,无,无,无,无,无,无,无,无,无,无,无,无,无,无,无,无,无
59249,宝马X7,无,无,无,无,无,无,无,无,无,无,无,无,无,无,无,无,无,无,无,(标配),无,无,无,无,无,无,无,无,无,无,无,无,无,无,无,无,无,无,无,无,无,无,无,无,无,无,无,无,无,无,无,无,无,无,无,无,无,无
59247,宝马X7,无,无,无,无,无,无,无,无,无,无,无,无,(标配),无,无,无,无,无,无,(标配),无,无,无,无,无,无,无,无,无,无,无,无,无,无,无,无,无,无,无,无,无,无,无,无,无,无,无,无,无,无,无,无,无,无,无,无,无,无
59248,宝马X7,无,无,无,无,无,无,无,无,无,无,无,无,无,无,无,无,无,无,无,(标配),无,无,无,无,无,无,无,无,无,无,无,无,无,无,无,无,无,无,无,无,无,无,无,无,无,无,无,无,无,无,无,无,无,无,无,无,无,无
59246,宝马X7,无,无,无,无,无,无,无,无,无,无,无,无,(标配),无,无,无,无,无,无,(标配),无,无,无,无,无,无,无,无,无,无,无,无,无,无,无,无,无,无,无,无,无,无,无,无,无,无,无,无,无,无,无,无,无,无,无,无,无,无
68903,宝马X7,无,无,无,无,无,无,无,无,无,无,无,无,无,无,无,无,无,无,无,(标配),无,无,无,无,无,无,无,无,无,无,无,无,无,无,无,无,无,无,无,无,无,无,无,无,无,无,无,无,无,无,无,无,无,无,无,无,无,无
68904,宝马X7,无,无,无,无,无,无,无,无,无,无,无,无,(标配),无,无,无,无,无,无,(标配),无,无,无,无,无,无,无,无,无,无,无,无,无,无,无,无,无,无,无,无,无,无,无,无,无,无,无,无,无,无,无,无,无,无,无,无,无,无
65130,宝马X6,无,无,无,无,无,无,无,无,无,无,无,无,(选配),无,无,无,无,无,无,无,(标配),无,无,无,无,无,无,无,无,无,无,无,无,无,无,无,无,无,无,无,无,无,无,无,无,无,无,无,无,无,无,无,无,无,无,无,无,无
63347,宝马X6,无,无,无,无,无,无,无,无,无,无,无,无,无,无,无,无,无,无,无,无,无,无,无,无,无,无,无,无,无,无,无,无,无,无,无,无,无,无,无,无,无,无,无,无,无,无,无,无,无,无,无,无,无,无,无,无,无,无
63348,宝马X6,无,无,无,无,无,无,无,无,无,无,无,无,(标配),无,无,无,无,无,无,无,(标配),无,无,无,无,无,无,无,无,无,无,无,无,无,无,无,无,无,无,无,无,无,无,无,无,无,无,无,无,无,无,无,无,无,无,无,无,无
53749,宝马X4,无,无,无,无,无,无,无,无,无,无,无,无,无,无,无,无,无,无,无,无,无,无,无,无,无,无,无,无,无,无,无,无,无,无,无,无,无,无,无,无,无,无,无,无,无,无,无,无,无,无,无,无,无,无,无,无,无,无
53748,宝马X4,无,无,无,无,无,无,无,无,无,无,无,无,无,无,无,无,无,无,无,无,无,无,无,无,无,无,无,无,无,无,无,无,无,无,无,无,无,无,无,无,无,无,无,无,无,无,无,无,无,无,无,无,无,无,无,无,无,无
56579,宝马X4,无,无,无,无,无,无,无,无,无,无,无,无,(标配),无,无,无,无,无,无,无,无,无,无,无,无,无,无,无,无,无,无,无,无,无,无,无,无,无,无,无,无,无,无,无,无,无,无,无,无,无,无,无,无,无,无,无,无,无
58854,宝马6系GT,无,无,无,无,无,无,无,无,无,无,无,无,无,无,无,无,无,无,无,无,无,无,无,无,无,无,无,无,无,无,无,无,无,无,无,无,无,无,无,无,无,无,无,无,无,无,无,无,无,无,无,无,无,无,无,无,无,无
58851,宝马6系GT,无,无,无,无,无,无,无,无,无,无,无,无,无,无,无,无,无,无,无,无,无,无,无,无,无,无,无,无,无,无,无,无,无,无,无,无,无,无,无,无,无,无,无,无,无,无,无,无,无,无,无,无,无,无,无,无,无,无
69295,宝马6系GT,无,无,无,无,无,无,无,无,无,无,无,无,(标配),无,无,无,无,无,无,无,无,无,无,无,无,无,无,无,无,无,无,无,无,无,无,无,无,无,无,无,无,无,无,无,无,无,无,无,无,无,无,无,无,无,无,无,无,无
58852,宝马6系GT,无,无,无,无,无,无,无,无,无,无,无,无,无,无,无,无,无,无,无,无,无,无,无,无,无,无,无,无,无,无,无,无,无,无,无,无,无,无,无,无,无,无,无,无,无,无,无,无,无,无,无,无,无,无,无,无,无,无
57568,宝马8系,无,无,无,无,无,无,无,无,无,无,无,无,(标配),无,无,无,无,无,无,无,(标配),无,无,无,无,无,无,无,无,无,无,无,无,无,无,无,无,无,无,无,无,无,无,无,无,无,无,无,无,无,无,无,无,无,无,无,无,无
57567,宝马8系,无,无,无,无,无,无,无,无,无,无,无,无,(标配),无,无,无,无,无,无,无,(标配),无,无,无,无,无,无,无,无,无,无,无,无,无,无,无,无,无,无,无,无,无,无,无,无,无,无,无,无,无,无,无,无,无,无,无,无,无
57566,宝马8系,无,无,无,无,无,无,无,无,无,无,无,无,(标配),无,无,无,无,无,无,无,(标配),无,无,无,无,无,无,无,无,无,无,无,无,无,无,无,无,无,无,无,无,无,无,无,无,无,无,无,无,无,无,无,无,无,无,无,无,无
57569,宝马8系,无,无,无,无,无,无,无,无,无,无,无,无,(标配),无,无,无,无,无,无,无,(标配),无,无,无,无,无,无,无,无,无,无,无,无,无,无,无,无,无,无,无,无,无,无,无,无,无,无,无,无,无,无,无,无,无,无,无,无,无
63899,宝马iX,无,无,无,无,无,无,无,无,无,无,无,无,无,无,无,无,无,无,无,无,无,无,无,无,无,无,无,无,无,无,无,无,无,无,无,无,无,无,无,无,无,无,无,无,无,无,无,无,无,无,无,无,无,无,无,无,无,无
63896,宝马iX,无,无,无,无,无,无,无,无,无,无,无,无,无,无,无,无,无,无,无,无,无,无,无,无,无,无,无,无,无,无,无,无,无,无,无,无,无,无,无,无,无,无,无,无,无,无,无,无,无,无,无,无,无,无,无,无,无,无
63476,宝马X5 M,无,无,无,无,无,无,无,无,无,无,无,无,无,无,无,无,无,无,无,无,无,无,无,无,无,无,无,无,无,无,无,无,无,无,无,无,无,无,无,无,无,无,无,无,无,无,无,无,无,无,无,无,无,无,无,无,无,无
61599,宝马Z4,无,无,无,无,无,无,无,无,无,无,无,无,无,无,无,无,无,无,无,无,无,无,无,无,无,无,无,无,无,无,无,无,无,无,无,无,无,无,无,无,无,无,无,无,无,无,无,无,无,无,无,无,无,无,无,无,无,无
61598,宝马Z4,无,无,无,无,无,无,无,无,无,无,无,无,(标配),无,无,无,无,无,无,无,无,无,无,无,无,无,无,无,无,无,无,无,无,无,无,无,无,无,无,无,无,无,无,无,无,无,无,无,无,无,无,无,无,无,无,无,无,无
71352,宝马M240i,无,无,无,无,无,无,无,无,无,无,无,无,(标配),无,无,无,无,无,无,无,无,无,无,无,无,无,无,无,无,无,无,无,无,无,无,无,无,无,无,无,无,无,无,无,无,无,无,无,无,无,无,无,无,无,无,无,无,无
69026,宝马M240i,无,无,无,无,无,无,无,无,无,无,无,无,(标配),无,无,无,无,无,无,无,无,无,无,无,无,无,无,无,无,无,无,无,无,无,无,无,无,无,无,无,无,无,无,无,无,无,无,无,无,无,无,无,无,无,无,无,无,无
62587,宝马M760Le,无,无,无,无,无,无,无,无,无,无,无,无,无,无,无,无,(标配),无,无,无,无,无,无,无,无,无,无,无,无,无,无,无,无,无,无,无,无,无,无,无,无,无,无,无,无,无,无,无,无,无,无,无,无,无,无,无,无,无
62417,宝马i7,无,无,无,无,无,无,无,无,无,无,无,无,无,无,无,无,无,无,无,无,无,无,无,无,无,无,无,无,无,无,无,无,无,无,无,无,无,无,无,无,无,无,无,无,无,无,无,无,无,无,无,无,无,无,无,无,无,无
62416,宝马i7,无,无,无,无,无,无,无,无,无,无,无,无,无,无,无,无,无,无,无,无,无,无,无,无,无,无,无,无,无,无,无,无,无,无,无,无,无,无,无,无,无,无,无,无,无,无,无,无,无,无,无,无,无,无,无,无,无,无
56703,宝马i7,无,无,无,无,无,无,无,无,无,无,无,无,无,无,无,无,无,无,无,无,无,无,无,无,无,无,无,无,无,无,无,无,无,无,无,无,无,无,无,无,无,无,无,无,无,无,无,无,无,无,无,无,无,无,无,无,无,无
62415,宝马i7,无,无,无,无,无,无,无,无,无,无,无,无,无,无,无,无,无,无,无,无,无,无,无,无,无,无,无,无,无,无,无,无,无,无,无,无,无,无,无,无,无,无,无,无,无,无,无,无,无,无,无,无,无,无,无,无,无,无
60892,宝马i7,无,无,无,无,无,无,无,无,无,无,无,无,无,无,无,无,(标配),无,无,无,无,无,无,无,无,无,无,无,无,无,无,无,无,无,无,无,无,无,无,无,无,无,无,无,无,无,无,无,无,无,无,无,无,无,无,无,无,无
62414,宝马i7,无,无,无,无,无,无,无,无,无,无,无,无,无,无,无,无,(标配),无,无,无,无,无,无,无,无,无,无,无,无,无,无,无,无,无,无,无,无,无,无,无,无,无,无,无,无,无,无,无,无,无,无,无,无,无,无,无,无,无
57156,宝马XM,无,无,无,无,无,无,无,无,无,无,无,无,无,无,无,无,(标配),无,无,无,无,无,无,无,无,无,无,无,无,无,无,无,无,无,无,无,无,无,无,无,无,无,无,无,无,无,无,无,无,无,无,无,无,无,无,无,无,无
62420,宝马XM,无,无,无,无,无,无,无,无,无,无,无,无,无,无,无,无,(标配),无,无,无,无,无,无,无,无,无,无,无,无,无,无,无,无,无,无,无,无,无,无,无,无,无,无,无,无,无,无,无,无,无,无,无,无,无,无,无,无,无
62467,宝马XM,无,无,无,无,无,无,无,无,无,无,无,无,无,无,无,无,(标配),无,无,无,无,无,无,无,无,无,无,无,无,无,无,无,无,无,无,无,无,无,无,无,无,无,无,无,无,无,无,无,无,无,无,无,无,无,无,无,无,无
68905,宝马X7 M60i,无,无,无,无,无,无,无,无,无,无,无,无,(标配),无,无,无,无,(标配),无,(标配),无,无,无,无,无,无,无,无,无,无,无,无,无,无,无,无,无,无,无,无,无,无,无,无,无,无,无,无,无,无,无,无,无,无,无,无,无,无
57279,宝马X3 M40i,无,无,无,无,无,无,无,无,无,无,无,无,(标配),无,无,无,无,无,无,无,无,无,无,无,无,无,无,无,无,无,无,无,无,无,无,无,无,无,无,无,无,无,无,无,无,无,无,无,无,无,无,无,无,无,无,无,无,无
61600,宝马Z4 M40i,无,无,无,无,无,无,无,无,无,无,无,无,(标配),无,无,无,无,无,无,无,无,无,无,无,无,无,无,无,无,无,无,无,无,无,无,无,无,无,无,无,无,无,无,无,无,无,无,无,无,无,无,无,无,无,无,无,无,无
51640,宝马X4 M40i,无,无,无,无,无,无,无,无,无,无,无,无,(标配),无,无,无,无,无,无,无,无,无,无,无,无,无,无,无,无,无,无,无,无,无,无,无,无,无,无,无,无,无,无,无,无,无,无,无,无,无,无,无,无,无,无,无,无,无
63897,宝马iX M60,无,无,无,无,无,无,无,无,无,无,无,无,(标配),无,无,无,无,无,无,无,无,无,无,无,无,无,无,无,无,无,无,无,无,无,无,无,无,无,无,无,无,无,无,无,无,无,无,无,无,无,无,无,无,无,无,无,无,无
62588,宝马i7 M70L,无,无,无,无,无,无,无,无,无,无,无,无,无,无,无,无,(标配),无,无,无,无,无,无,无,无,无,无,无,无,无,无,无,无,无,无,无,无,无,无,无,无,无,无,无,无,无,无,无,无,无,无,无,无,无,无,无,无,无
71703,汉,无,无,无,无,无,无,无,无,无,无,无,无,无,无,无,无,无,无,无,无,无,无,无,无,无,无,无,无,无,无,无,无,无,无,无,无,无,无,无,无,无,无,无,无,无,无,无,无,无,无,无,无,无,无,无,无,无,无
69813,汉,无,无,无,无,无,无,无,无,无,无,无,无,无,无,无,无,无,无,无,无,无,无,无,无,无,无,无,无,无,无,无,无,无,无,无,无,无,无,无,无,无,无,无,无,无,无,无,无,无,无,无,无,无,无,无,无,无,无
71707,汉,无,无,无,无,无,无,无,无,无,无,无,无,无,无,无,无,无,无,无,无,无,无,无,无,无,无,无,无,无,无,无,无,无,无,无,无,无,无,无,无,无,无,无,无,无,无,无,无,无,无,无,无,无,无,无,无,无,无
72515,汉,无,无,无,无,无,无,无,无,无,无,无,无,无,无,无,无,无,无,无,无,无,无,无,无,无,无,无,无,无,无,无,无,无,无,无,无,无,无,无,无,无,无,无,无,无,无,无,无,无,无,无,无,无,无,无,无,无,无
71706,汉,无,无,无,无,无,无,无,无,无,无,无,无,无,无,无,无,无,无,无,无,无,无,无,无,无,无,无,无,无,无,无,无,无,无,无,无,无,无,无,无,无,无,无,无,无,无,无,无,无,无,无,无,无,无,无,无,无,无
66906,汉,无,无,无,无,无,无,无,无,无,无,无,无,无,无,无,无,无,无,无,无,无,无,无,无,无,无,无,无,无,无,无,无,无,无,无,无,无,无,无,无,无,无,无,无,无,无,无,无,无,无,无,无,无,无,无,无,无,无
71591,汉,无,无,无,无,无,无,无,无,无,无,无,无,无,无,无,无,无,无,无,无,无,无,无,无,无,无,无,无,无,无,无,无,无,无,无,无,无,无,无,无,无,无,无,无,无,无,无,无,无,无,无,无,无,无,无,无,无,无
71534,汉,无,无,无,无,无,无,无,无,无,无,无,无,无,无,无,无,无,无,无,无,无,无,无,无,无,无,无,无,无,无,无,无,无,无,无,无,无,无,无,无,无,无,无,无,无,无,无,无,无,无,无,无,无,无,无,无,无,无
45619,汉,无,无,无,无,无,无,无,无,无,无,无,无,无,无,无,无,无,无,无,无,无,无,无,无,无,无,无,无,无,无,无,无,无,无,无,无,无,无,无,无,无,无,无,无,无,无,无,无,无,无,无,无,无,无,无,无,无,无
72514,汉,无,无,无,无,无,无,无,无,无,无,无,无,无,无,无,无,无,无,无,无,无,无,无,无,无,无,无,无,无,无,无,无,无,无,无,无,无,无,无,无,无,无,无,无,无,无,无,无,无,无,无,无,无,无,无,无,无,无
71705,汉,无,无,无,无,无,无,无,无,无,无,无,无,无,无,无,无,无,无,无,无,无,无,无,无,无,无,无,无,无,无,无,无,无,无,无,无,无,无,无,无,无,无,无,无,无,无,无,无,无,无,无,无,无,无,无,无,无,无
69817,汉,无,无,无,无,无,无,无,无,无,无,无,无,无,无,无,无,无,无,无,无,无,无,无,无,无,无,无,无,无,无,无,无,无,无,无,无,无,无,无,无,无,无,无,无,无,无,无,无,无,无,无,无,无,无,无,无,无,无
69816,汉,无,无,无,无,无,无,无,无,无,无,无,无,无,无,无,无,无,无,无,无,无,无,无,无,无,无,无,无,无,无,无,无,无,无,无,无,无,无,无,无,无,无,无,无,无,无,无,无,无,无,无,无,无,无,无,无,无,无
69814,汉,无,无,无,无,无,无,无,无,无,无,无,无,无,无,无,无,无,无,无,无,无,无,无,无,无,无,无,无,无,无,无,无,无,无,无,无,无,无,无,无,无,无,无,无,无,无,无,无,无,无,无,无,无,无,无,无,无,无
69815,汉,无,无,无,无,无,无,无,无,无,无,无,无,无,无,无,无,无,无,无,无,无,无,无,无,无,无,无,无,无,无,无,无,无,无,无,无,无,无,无,无,无,无,无,无,无,无,无,无,无,无,无,无,无,无,无,无,无,无
71704,汉,无,无,无,无,无,无,无,无,无,无,无,无,无,无,无,无,无,无,无,无,无,无,无,无,无,无,无,无,无,无,无,无,无,无,无,无,无,无,无,无,无,无,无,无,无,无,无,无,无,无,无,无,无,无,无,无,无,无
71533,汉,无,无,无,无,无,无,无,无,无,无,无,无,无,无,无,无,无,无,无,无,无,无,无,无,无,无,无,无,无,无,无,无,无,无,无,无,无,无,无,无,无,无,无,无,无,无,无,无,无,无,无,无,无,无,无,无,无,无
71535,汉,无,无,无,无,无,无,无,无,无,无,无,无,无,无,无,无,无,无,无,无,无,无,无,无,无,无,无,无,无,无,无,无,无,无,无,无,无,无,无,无,无,无,无,无,无,无,无,无,无,无,无,无,无,无,无,无,无,无
52453,汉,无,无,无,无,无,无,无,无,无,无,无,无,无,无,无,无,无,无,无,无,无,无,无,无,无,无,无,无,无,无,无,无,无,无,无,无,无,无,无,无,无,无,无,无,无,无,无,无,无,无,无,无,无,无,无,无,无,无
66774,汉,无,无,无,无,无,无,无,无,无,无,无,无,无,无,无,无,无,无,无,无,无,无,无,无,无,无,无,无,无,无,无,无,无,无,无,无,无,无,无,无,无,无,无,无,无,无,无,无,无,无,无,无,无,无,无,无,无,无
66909,汉,无,无,无,无,无,无,无,无,无,无,无,无,无,无,无,无,无,无,无,无,无,无,无,无,无,无,无,无,无,无,无,无,无,无,无,无,无,无,无,无,无,无,无,无,无,无,无,无,无,无,无,无,无,无,无,无,无,无
66905,汉,无,无,无,无,无,无,无,无,无,无,无,无,无,无,无,无,无,无,无,无,无,无,无,无,无,无,无,无,无,无,无,无,无,无,无,无,无,无,无,无,无,无,无,无,无,无,无,无,无,无,无,无,无,无,无,无,无,无
71623,汉,无,无,无,无,无,无,无,无,无,无,无,无,无,无,无,无,无,无,无,无,无,无,无,无,无,无,无,无,无,无,无,无,无,无,无,无,无,无,无,无,无,无,无,无,无,无,无,无,无,无,无,无,无,无,无,无,无,无
66903,汉,无,无,无,无,无,无,无,无,无,无,无,无,无,无,无,无,无,无,无,无,无,无,无,无,无,无,无,无,无,无,无,无,无,无,无,无,无,无,无,无,无,无,无,无,无,无,无,无,无,无,无,无,无,无,无,无,无,无
67270,汉,无,无,无,无,无,无,无,无,无,无,无,无,无,无,无,无,无,无,无,无,无,无,无,无,无,无,无,无,无,无,无,无,无,无,无,无,无,无,无,无,无,无,无,无,无,无,无,无,无,无,无,无,无,无,无,无,无,无
69143,汉,无,无,无,无,无,无,无,无,无,无,无,无,无,无,无,无,无,无,无,无,无,无,无,无,无,无,无,无,无,无,无,无,无,无,无,无,无,无,无,无,无,无,无,无,无,无,无,无,无,无,无,无,无,无,无,无,无,无
66773,汉,无,无,无,无,无,无,无,无,无,无,无,无,无,无,无,无,无,无,无,无,无,无,无,无,无,无,无,无,无,无,无,无,无,无,无,无,无,无,无,无,无,无,无,无,无,无,无,无,无,无,无,无,无,无,无,无,无,无
66902,汉,无,无,无,无,无,无,无,无,无,无,无,无,无,无,无,无,无,无,无,无,无,无,无,无,无,无,无,无,无,无,无,无,无,无,无,无,无,无,无,无,无,无,无,无,无,无,无,无,无,无,无,无,无,无,无,无,无,无
69802,汉,无,无,无,无,无,无,无,无,无,无,无,无,无,无,无,无,无,无,无,无,无,无,无,无,无,无,无,无,无,无,无,无,无,无,无,无,无,无,无,无,无,无,无,无,无,无,无,无,无,无,无,无,无,无,无,无,无,无
69142,汉,无,无,无,无,无,无,无,无,无,无,无,无,无,无,无,无,无,无,无,无,无,无,无,无,无,无,无,无,无,无,无,无,无,无,无,无,无,无,无,无,无,无,无,无,无,无,无,无,无,无,无,无,无,无,无,无,无,无
69144,汉,无,无,无,无,无,无,无,无,无,无,无,无,无,无,无,无,无,无,无,无,无,无,无,无,无,无,无,无,无,无,无,无,无,无,无,无,无,无,无,无,无,无,无,无,无,无,无,无,无,无,无,无,无,无,无,无,无,无
66753,汉,无,无,无,无,无,无,无,无,无,无,无,无,无,无,无,无,无,无,无,无,无,无,无,无,无,无,无,无,无,无,无,无,无,无,无,无,无,无,无,无,无,无,无,无,无,无,无,无,无,无,无,无,无,无,无,无,无,无
66907,汉,无,无,无,无,无,无,无,无,无,无,无,无,无,无,无,无,无,无,无,无,无,无,无,无,无,无,无,无,无,无,无,无,无,无,无,无,无,无,无,无,无,无,无,无,无,无,无,无,无,无,无,无,无,无,无,无,无,无
66908,汉,无,无,无,无,无,无,无,无,无,无,无,无,无,无,无,无,无,无,无,无,无,无,无,无,无,无,无,无,无,无,无,无,无,无,无,无,无,无,无,无,无,无,无,无,无,无,无,无,无,无,无,无,无,无,无,无,无,无
71700,唐新能源,无,无,无,无,无,无,无,无,无,无,无,无,无,无,无,无,无,无,无,无,无,无,无,无,无,无,无,无,无,无,无,无,无,无,无,无,无,无,无,无,无,无,无,无,无,无,无,无,无,无,无,无,无,无,无,无,无,无
67875,唐新能源,无,无,无,无,无,无,无,无,无,无,无,无,无,无,无,无,无,无,无,无,无,无,无,无,无,无,无,无,无,无,无,无,无,无,无,无,无,无,无,无,无,无,无,无,无,无,无,无,无,无,无,无,无,无,无,无,无,无
67874,唐新能源,无,无,无,无,无,无,无,无,无,无,无,无,无,无,无,无,无,无,无,无,无,无,无,无,无,无,无,无,无,无,无,无,无,无,无,无,无,无,无,无,无,无,无,无,无,无,无,无,无,无,无,无,无,无,无,无,无,无
67879,唐新能源,无,无,无,无,无,无,无,无,无,无,无,无,无,无,无,无,无,无,无,无,无,无,无,无,无,无,无,无,无,无,无,无,无,无,无,无,无,无,无,无,无,无,无,无,无,无,无,无,无,无,无,无,无,无,无,无,无,无
71699,唐新能源,无,无,无,无,无,无,无,无,无,无,无,无,无,无,无,无,无,无,无,无,无,无,无,无,无,无,无,无,无,无,无,无,无,无,无,无,无,无,无,无,无,无,无,无,无,无,无,无,无,无,无,无,无,无,无,无,无,无
67877,唐新能源,无,无,无,无,无,无,无,无,无,无,无,无,无,无,无,无,无,无,无,无,无,无,无,无,无,无,无,无,无,无,无,无,无,无,无,无,无,无,无,无,无,无,无,无,无,无,无,无,无,无,无,无,无,无,无,无,无,无
66835,唐新能源,无,无,无,无,无,无,无,无,无,无,无,无,无,无,无,无,无,无,无,无,无,无,无,无,无,无,无,无,无,无,无,无,无,无,无,无,无,无,无,无,无,无,无,无,无,无,无,无,无,无,无,无,无,无,无,无,无,无
67878,唐新能源,无,无,无,无,无,无,无,无,无,无,无,无,无,无,无,无,无,无,无,无,无,无,无,无,无,无,无,无,无,无,无,无,无,无,无,无,无,无,无,无,无,无,无,无,无,无,无,无,无,无,无,无,无,无,无,无,无,无
66858,唐新能源,无,无,无,无,无,无,无,无,无,无,无,无,无,无,无,无,无,无,无,无,无,无,无,无,无,无,无,无,无,无,无,无,无,无,无,无,无,无,无,无,无,无,无,无,无,无,无,无,无,无,无,无,无,无,无,无,无,无
70476,唐新能源,无,无,无,无,无,无,无,无,无,无,无,无,无,无,无,无,无,无,无,无,无,无,无,无,无,无,无,无,无,无,无,无,无,无,无,无,无,无,无,无,无,无,无,无,无,无,无,无,无,无,无,无,无,无,无,无,无,无
66857,唐新能源,无,无,无,无,无,无,无,无,无,无,无,无,无,无,无,无,无,无,无,无,无,(标配),无,无,无,无,无,无,无,无,无,无,无,无,无,无,无,无,无,无,无,无,无,无,无,无,无,无,无,无,无,无,无,无,无,无,无,无
71701,唐新能源,无,无,无,无,无,无,无,无,无,无,无,无,无,无,无,无,无,无,无,无,无,无,无,无,无,无,无,无,无,无,无,无,无,无,无,无,无,无,无,无,无,无,无,无,无,无,无,无,无,无,无,无,无,无,无,无,无,无
67876,唐新能源,无,无,无,无,无,无,无,无,无,无,无,无,无,无,无,无,无,无,无,无,无,无,无,无,无,无,无,无,无,无,无,无,无,无,无,无,无,无,无,无,无,无,无,无,无,无,无,无,无,无,无,无,无,无,无,无,无,无
70475,唐新能源,无,无,无,无,无,无,无,无,无,无,无,无,无,无,无,无,无,无,无,无,无,无,无,无,无,无,无,无,无,无,无,无,无,无,无,无,无,无,无,无,无,无,无,无,无,无,无,无,无,无,无,无,无,无,无,无,无,无
71702,唐新能源,无,无,无,无,无,无,无,无,无,无,无,无,无,无,无,无,无,无,无,无,无,无,无,无,无,无,无,无,无,无,无,无,无,无,无,无,无,无,无,无,无,无,无,无,无,无,无,无,无,无,无,无,无,无,无,无,无,无
70416,唐新能源,无,无,无,无,无,无,无,无,无,无,无,无,无,无,无,无,无,无,无,无,无,无,无,无,无,无,无,无,无,无,无,无,无,无,无,无,无,无,无,无,无,无,无,无,无,无,无,无,无,无,无,无,无,无,无,无,无,无
70454,唐新能源,无,无,无,无,无,无,无,无,无,无,无,无,无,无,无,无,无,无,无,无,无,无,无,无,无,无,无,无,无,无,无,无,无,无,无,无,无,无,无,无,无,无,无,无,无,无,无,无,无,无,无,无,无,无,无,无,无,无
66775,唐新能源,无,无,无,无,无,无,无,无,无,无,无,无,无,无,无,无,无,无,无,无,无,无,无,无,无,无,无,无,无,无,无,无,无,无,无,无,无,无,无,无,无,无,无,无,无,无,无,无,无,无,无,无,无,无,无,无,无,无
72031,元PLUS,无,无,无,无,无,无,无,无,无,无,无,无,无,无,无,无,无,无,无,无,无,无,无,无,无,无,无,无,无,无,无,无,无,无,无,无,无,无,无,无,无,无,无,无,无,无,无,无,无,无,无,无,无,无,无,无,无,无
71852,元PLUS,无,无,无,无,无,无,无,无,无,无,无,无,无,无,无,无,无,无,无,无,无,无,无,无,无,无,无,无,无,无,无,无,无,无,无,无,无,无,无,无,无,无,无,无,无,无,无,无,无,无,无,无,无,无,无,无,无,无
71817,元PLUS,无,无,无,无,无,无,无,无,无,无,无,无,无,无,无,无,无,无,无,无,无,无,无,无,无,无,无,无,无,无,无,无,无,无,无,无,无,无,无,无,无,无,无,无,无,无,无,无,无,无,无,无,无,无,无,无,无,无
66988,元PLUS,无,无,无,无,无,无,无,无,无,无,无,无,无,无,无,无,无,无,无,无,无,无,无,无,无,无,无,无,无,无,无,无,无,无,无,无,无,无,无,无,无,无,无,无,无,无,无,无,无,无,无,无,无,无,无,无,无,无
71427,元PLUS,无,无,无,无,无,无,无,无,无,无,无,无,无,无,无,无,无,无,无,无,无,无,无,无,无,无,无,无,无,无,无,无,无,无,无,无,无,无,无,无,无,无,无,无,无,无,无,无,无,无,无,无,无,无,无,无,无,无
71918,元PLUS,无,无,无,无,无,无,无,无,无,无,无,无,无,无,无,无,无,无,无,无,无,无,(标配),无,无,无,无,无,无,无,无,无,无,无,无,无,无,无,无,无,无,无,无,无,无,无,无,无,无,无,无,无,无,无,无,无,无,无
66991,元PLUS,无,无,无,无,无,无,无,无,无,无,无,无,无,无,无,无,无,无,无,无,无,无,(标配),无,无,无,无,无,无,无,无,无,无,无,无,无,无,无,无,无,无,无,无,无,无,无,无,无,无,无,无,无,无,无,无,无,无,无
66992,元PLUS,无,无,无,无,无,无,无,无,无,无,无,无,无,无,无,无,无,无,无,无,无,无,(标配),无,无,无,无,无,无,无,无,无,无,无,无,无,无,无,无,无,无,无,无,无,无,无,无,无,无,无,无,无,无,无,无,无,无,无
66990,元PLUS,无,无,无,无,无,无,无,无,无,无,无,无,无,无,无,无,无,无,无,无,无,无,(标配),无,无,无,无,无,无,无,无,无,无,无,无,无,无,无,无,无,无,无,无,无,无,无,无,无,无,无,无,无,无,无,无,无,无,无
66989,元PLUS,无,无,无,无,无,无,无,无,无,无,无,无,无,无,无,无,无,无,无,无,无,无,(标配),无,无,无,无,无,无,无,无,无,无,无,无,无,无,无,无,无,无,无,无,无,无,无,无,无,无,无,无,无,无,无,无,无,无,无
66930,海豹,无,无,无,无,无,无,无,无,无,无,无,无,无,无,无,无,无,无,无,无,无,无,无,无,无,无,无,无,无,无,无,无,无,无,无,无,无,无,无,无,无,无,无,无,无,无,无,无,无,无,无,无,无,无,无,无,无,无
69345,海豹,无,无,无,无,无,无,无,无,无,无,无,无,无,无,无,无,无,无,无,无,无,无,无,无,无,无,无,无,无,无,无,无,无,无,无,无,无,无,无,无,无,无,无,无,无,无,无,无,无,无,无,无,无,无,无,无,无,无
71665,海豹,无,无,无,无,无,无,无,无,无,无,无,无,无,无,无,无,无,无,无,无,无,无,无,无,无,无,无,无,无,无,无,无,无,无,无,无,无,无,无,无,无,无,无,无,无,无,无,无,无,无,无,无,无,无,无,无,无,无
71664,海豹,无,无,无,无,无,无,无,无,无,无,无,无,无,无,无,无,无,无,无,无,无,无,无,无,无,无,无,无,无,无,无,无,无,无,无,无,无,无,无,无,无,无,无,无,无,无,无,无,无,无,无,无,无,无,无,无,无,无
71666,海豹,无,无,无,无,无,无,无,无,无,无,无,无,无,无,无,无,无,无,无,无,无,无,无,无,无,无,无,无,无,无,无,无,无,无,无,无,无,无,无,无,无,无,无,无,无,无,无,无,无,无,无,无,无,无,无,无,无,无
67384,海豹,无,无,无,无,无,无,无,无,无,无,无,无,无,无,无,无,无,无,无,无,无,无,无,无,无,无,无,无,无,无,无,无,无,无,无,无,无,无,无,无,无,无,无,无,无,无,无,无,无,无,无,无,无,无,无,无,无,无
66926,海豹,无,无,无,无,无,无,无,无,无,无,无,无,无,无,无,无,无,无,无,无,无,无,无,无,无,无,无,无,无,无,无,无,无,无,无,无,无,无,无,无,无,无,无,无,无,无,无,无,无,无,无,无,无,无,无,无,无,无
69394,海豹,无,无,无,无,无,无,无,无,无,无,无,无,无,无,无,无,无,无,无,无,无,无,无,(标配),无,无,无,无,无,无,无,无,无,无,无,无,无,无,无,无,无,无,无,无,无,无,无,无,无,无,无,无,无,无,无,无,无,无
66927,海豹,无,无,无,无,无,无,无,无,无,无,无,无,无,无,无,无,无,无,无,无,无,无,无,无,无,无,无,无,无,无,无,无,无,无,无,无,无,无,无,无,无,无,无,无,无,无,无,无,无,无,无,无,无,无,无,无,无,无
67382,海豹,无,无,无,无,无,无,无,无,无,无,无,无,无,无,无,无,无,无,无,无,无,无,无,无,无,无,无,无,无,无,无,无,无,无,无,无,无,无,无,无,无,无,无,无,无,无,无,无,无,无,无,无,无,无,无,无,无,无
69392,海豹,无,无,无,无,无,无,无,无,无,无,无,无,无,无,无,无,无,无,无,无,无,无,无,无,无,无,无,无,无,无,无,无,无,无,无,无,无,无,无,无,无,无,无,无,无,无,无,无,无,无,无,无,无,无,无,无,无,无
71663,海豹,无,无,无,无,无,无,无,无,无,无,无,无,无,无,无,无,无,无,无,无,无,无,无,无,无,无,无,无,无,无,无,无,无,无,无,无,无,无,无,无,无,无,无,无,无,无,无,无,无,无,无,无,无,无,无,无,无,无
67383,海豹,无,无,无,无,无,无,无,无,无,无,无,无,无,无,无,无,无,无,无,无,无,无,无,无,无,无,无,无,无,无,无,无,无,无,无,无,无,无,无,无,无,无,无,无,无,无,无,无,无,无,无,无,无,无,无,无,无,无
67381,海豹,无,无,无,无,无,无,无,无,无,无,无,无,无,无,无,无,无,无,无,无,无,无,无,无,无,无,无,无,无,无,无,无,无,无,无,无,无,无,无,无,无,无,无,无,无,无,无,无,无,无,无,无,无,无,无,无,无,无
66928,海豹,无,无,无,无,无,无,无,无,无,无,无,无,无,无,无,无,无,无,无,无,无,无,无,无,无,无,无,无,无,无,无,无,无,无,无,无,无,无,无,无,无,无,无,无,无,无,无,无,无,无,无,无,无,无,无,无,无,无
66925,海豹,无,无,无,无,无,无,无,无,无,无,无,无,无,无,无,无,无,无,无,无,无,无,无,无,无,无,无,无,无,无,无,无,无,无,无,无,无,无,无,无,无,无,无,无,无,无,无,无,无,无,无,无,无,无,无,无,无,无
66929,海豹,无,无,无,无,无,无,无,无,无,无,无,无,无,无,无,无,无,无,无,无,无,无,无,无,无,无,无,无,无,无,无,无,无,无,无,无,无,无,无,无,无,无,无,无,无,无,无,无,无,无,无,无,无,无,无,无,无,无
67380,海豹,无,无,无,无,无,无,无,无,无,无,无,无,无,无,无,无,无,无,无,无,无,无,无,无,无,无,无,无,无,无,无,无,无,无,无,无,无,无,无,无,无,无,无,无,无,无,无,无,无,无,无,无,无,无,无,无,无,无
69393,海豹,无,无,无,无,无,无,无,无,无,无,无,无,无,无,无,无,无,无,无,无,无,无,无,(标配),无,无,无,无,无,无,无,无,无,无,无,无,无,无,无,无,无,无,无,无,无,无,无,无,无,无,无,无,无,无,无,无,无,无
55331,宋MAX新能源,无,无,无,无,无,无,无,无,无,无,无,无,无,无,无,无,无,无,无,无,无,无,(标配),无,(标配),(标配),(标配),无,无,无,无,无,无,无,无,无,无,无,无,无,无,无,无,无,无,无,无,无,无,无,无,无,无,无,无,无,无,无
55329,宋MAX新能源,无,无,无,无,无,无,无,无,无,无,无,无,无,无,无,无,无,无,无,无,无,无,(标配),无,(标配),(标配),(标配),(标配),无,无,无,无,无,无,无,无,无,无,无,无,无,无,无,无,无,无,无,无,无,无,无,无,无,无,无,无,无,无
55328,宋MAX新能源,无,无,无,无,无,无,无,无,无,无,无,无,无,无,无,无,无,无,无,无,无,无,(标配),无,(标配),(标配),(标配),无,无,无,无,无,无,无,无,无,无,无,无,无,无,无,无,无,无,无,无,无,无,无,无,无,无,无,无,无,无,无
55330,宋MAX新能源,无,无,无,无,无,无,无,无,无,无,无,无,无,无,无,无,无,无,无,无,无,无,(标配),无,(标配),(标配),(标配),无,无,无,无,无,无,无,无,无,无,无,无,无,无,无,无,无,无,无,无,无,无,无,无,无,无,无,无,无,无,无
55009,宋MAX新能源,无,无,无,无,无,无,无,无,无,无,无,无,无,无,无,无,无,无,无,无,无,无,(标配),无,(标配),(标配),(标配),(标配),无,无,无,无,无,无,无,无,无,无,无,无,无,无,无,无,无,无,无,无,无,无,无,无,无,无,无,无,无,无
63584,途锐,无,无,无,无,无,无,无,无,无,无,无,无,无,无,无,无,无,无,无,无,无,无,无,无,无,无,无,无,无,无,无,无,无,无,无,无,无,无,无,无,无,无,无,无,无,无,无,无,无,无,无,无,无,无,无,无,无,无
63585,途锐,无,无,无,无,无,无,无,无,无,无,无,无,无,无,无,无,无,无,无,无,无,无,无,无,无,无,无,无,无,无,无,无,无,无,无,无,无,无,无,无,无,无,无,无,无,无,无,无,无,无,无,无,无,无,无,无,无,无
64329,途锐,无,无,无,无,无,无,无,无,无,无,无,无,无,无,无,无,无,无,无,无,无,无,无,无,无,无,无,无,(标配),无,无,无,无,无,无,无,无,无,无,无,无,无,无,无,无,无,无,无,无,无,无,无,无,无,无,无,无,无
72503,途锐,无,无,无,无,无,无,无,无,无,无,无,无,无,无,无,无,无,无,无,无,无,无,无,无,无,无,无,无,(标配),无,无,无,无,无,无,无,无,无,无,无,无,无,无,无,无,无,无,无,无,无,无,无,无,无,无,无,无,无
63583,途锐,无,无,无,无,无,无,无,无,无,无,无,无,无,无,无,无,无,无,无,无,无,无,无,无,无,无,无,无,(标配),无,无,无,无,无,无,无,无,无,无,无,无,无,无,无,无,无,无,无,无,无,无,无,无,无,无,无,无,无
64328,途锐,无,无,无,无,无,无,无,无,无,无,无,无,无,无,无,无,无,无,无,无,无,无,无,无,无,无,无,无,无,无,无,无,无,无,无,无,无,无,无,无,无,无,无,无,无,无,无,无,无,无,无,无,无,无,无,无,无,无
63582,途锐,无,无,无,无,无,无,无,无,无,无,无,无,无,无,无,无,无,无,无,无,无,无,无,无,无,无,无,无,无,无,无,无,无,无,无,无,无,无,无,无,无,无,无,无,无,无,无,无,无,无,无,无,无,无,无,无,无,无
60410,奥迪RS e-tron GT,无,无,无,无,无,无,无,无,无,无,无,无,无,无,无,无,无,无,无,无,无,无,无,无,无,无,无,无,无,(选配),(选配),无,无,无,无,无,无,无,无,无,无,无,无,无,无,无,无,无,无,无,无,无,无,无,无,无,无,无
63458,奥德赛,无,无,无,无,无,无,无,无,无,无,无,无,无,无,无,无,无,无,无,无,无,无,无,无,无,无,无,无,无,无,无,无,无,无,无,无,无,无,无,无,无,无,无,无,无,无,无,无,无,无,无,无,无,无,无,无,无,无
63455,奥德赛,无,无,无,无,无,无,无,无,无,无,无,无,无,无,无,无,无,无,无,无,无,无,无,无,无,无,无,无,无,无,无,无,无,无,无,无,无,无,无,无,无,无,无,无,无,无,无,无,无,无,无,无,无,无,无,无,无,无
63453,奥德赛,无,无,无,无,无,无,无,无,无,无,无,无,无,无,无,无,无,无,无,无,无,无,无,无,无,无,无,无,无,无,无,无,无,无,无,无,无,无,无,无,无,无,无,无,无,无,无,无,无,无,无,无,无,无,无,无,无,无
63457,奥德赛,无,无,无,无,无,无,无,无,无,无,无,无,无,无,无,无,无,无,无,无,无,无,无,无,无,无,无,无,无,无,无,无,无,无,无,无,无,无,无,无,无,无,无,无,无,无,无,无,无,无,无,无,无,无,无,无,无,无
63454,奥德赛,无,无,无,无,无,无,无,无,无,无,无,无,无,无,无,无,无,无,无,无,无,无,无,无,无,无,无,无,无,无,无,(标配),无,无,无,无,无,无,无,无,无,无,无,无,无,无,无,无,无,无,无,无,无,无,无,无,无,无
63459,奥德赛,无,无,无,无,无,无,无,无,无,无,无,无,无,无,无,无,无,无,无,无,无,无,无,无,无,无,无,无,无,无,无,无,(标配),无,无,无,无,无,无,无,无,无,无,无,无,无,无,无,无,无,无,无,无,无,无,无,无,无
63456,奥德赛,无,无,无,无,无,无,无,无,无,无,无,无,无,无,无,无,无,无,无,无,无,无,无,无,无,无,无,无,无,无,无,无,无,无,无,无,无,无,无,无,无,无,无,无,无,无,无,无,无,无,无,无,无,无,无,无,无,无
61017,思域(进口),无,无,无,无,无,无,无,无,无,无,无,无,无,无,无,无,无,无,无,无,无,无,无,无,无,无,无,无,无,无,无,无,无,(标配),无,无,无,无,无,无,无,无,无,无,无,无,无,无,无,无,无,无,无,无,无,无,无,无
53666,本田e:NS1,无,无,无,无,无,无,无,无,无,无,无,无,无,无,无,无,无,无,无,无,无,无,无,无,无,无,无,无,无,无,无,无,无,无,无,无,无,无,无,无,无,无,无,无,无,无,无,无,无,无,无,无,无,无,无,无,无,无
56138,本田e:NS1,无,无,无,无,无,无,无,无,无,无,无,无,无,无,无,无,无,无,无,无,无,无,无,无,无,无,无,无,无,无,无,无,无,无,无,无,无,无,无,无,无,无,无,无,无,无,无,无,无,无,无,无,无,无,无,无,无,无
56791,本田e:NS1,无,无,无,无,无,无,无,无,无,无,无,无,无,无,无,无,无,无,无,无,无,无,无,无,无,无,无,无,无,无,无,无,无,无,(标配),无,无,无,无,无,无,无,无,无,无,无,无,无,无,无,无,无,无,无,无,无,无,无
56565,本田e:NS1,无,无,无,无,无,无,无,无,无,无,无,无,无,无,无,无,无,无,无,无,无,无,无,无,无,无,无,无,无,无,无,无,无,无,(标配),(标配),无,无,无,无,无,无,无,无,无,无,无,无,无,无,无,无,无,无,无,无,无,无
62661,Cayenne,无,无,无,无,无,无,无,无,无,无,无,无,无,无,无,无,无,无,无,无,无,无,无,无,无,无,无,无,无,无,无,无,无,无,无,无,(选配),(选配),(选配),无,无,无,无,无,无,无,无,无,无,无,无,无,无,无,无,无,无,无
68389,Cayenne,无,无,无,无,无,无,无,无,无,无,无,无,无,无,无,无,无,无,无,无,无,无,无,无,无,无,无,无,无,无,无,无,无,无,无,无,(选配),(标配),(选配),无,无,无,无,无,无,无,无,无,无,无,无,无,无,无,无,无,无,无
68388,Cayenne,无,无,无,无,无,无,无,无,无,无,无,无,无,无,无,无,无,无,无,无,无,无,无,无,无,无,无,无,无,无,无,无,无,无,无,无,(标配),(标配),(选配),无,无,无,无,无,无,无,无,无,无,无,无,无,无,无,无,无,无,无
62548,Cayenne,无,无,无,无,无,无,无,无,无,无,无,无,无,无,无,无,无,无,无,无,无,无,无,无,无,无,无,无,无,无,无,无,无,无,无,无,(选配),(选配),(选配),无,无,无,无,无,无,无,无,无,无,无,无,无,无,无,无,无,无,无
62549,Cayenne,无,无,无,无,无,无,无,无,无,无,无,无,无,无,无,无,无,无,无,无,无,无,无,无,无,无,无,无,无,无,无,无,无,无,无,无,(选配),(标配),(选配),无,无,无,无,无,无,无,无,无,无,无,无,无,无,无,无,无,无,无
68387,Cayenne,无,无,无,无,无,无,无,无,无,无,无,无,无,无,无,无,无,无,无,无,无,无,无,无,无,无,无,无,无,无,无,无,无,无,无,无,(标配),(标配),(选配),无,无,无,无,无,无,无,无,无,无,无,无,无,无,无,无,无,无,无
56905,Panamera,无,无,无,无,无,无,无,无,无,无,无,无,无,无,无,无,无,无,无,无,无,无,无,无,无,无,无,无,无,无,无,无,无,无,无,无,(选配),无,无,(选配),无,无,无,无,无,无,无,无,无,无,无,无,无,无,无,无,无,无
64337,Panamera,无,无,无,无,无,无,无,无,无,无,无,无,无,无,无,无,无,无,无,无,无,无,无,无,无,无,无,无,无,无,无,无,无,无,无,无,(选配),无,无,(选配),无,无,无,无,无,无,无,无,无,无,无,无,无,无,无,无,无,无
56897,Panamera,无,无,无,无,无,无,无,无,无,无,无,无,无,无,无,无,无,无,无,无,无,无,无,无,无,无,无,无,无,无,无,无,无,无,无,无,(选配),无,无,(选配),无,无,无,无,无,无,无,无,无,无,无,无,无,无,无,无,无,无
59231,Panamera,无,无,无,无,无,无,无,无,无,无,无,无,无,无,无,无,无,无,无,无,无,无,无,无,无,无,无,无,无,无,无,无,无,无,无,无,(标配),无,无,(标配),无,无,无,无,无,无,无,无,无,无,无,无,无,无,无,无,无,无
56901,Panamera,无,无,无,无,无,无,无,无,无,无,无,无,无,无,无,无,无,无,无,无,无,无,无,无,无,无,无,无,无,无,无,无,无,无,无,无,(选配),无,无,(选配),无,无,无,无,无,无,无,无,无,无,无,无,无,无,无,无,无,无
56909,Panamera,无,无,无,无,无,无,无,无,无,无,无,无,无,无,无,无,无,无,无,无,无,无,无,无,无,无,无,无,无,无,无,无,无,无,无,无,(选配),无,无,(选配),无,无,无,无,无,无,无,无,无,无,无,无,无,无,无,无,无,无
69214,Panamera,无,无,无,无,无,无,无,无,无,无,无,无,无,无,无,无,无,无,无,无,无,无,无,无,无,无,无,无,无,无,无,无,无,无,无,无,无,无,无,(选配),无,无,无,无,无,无,无,无,无,无,无,无,无,无,无,无,无,无
59232,Panamera,无,无,无,无,无,无,无,无,无,无,无,无,无,无,无,无,无,无,无,无,无,无,无,无,无,无,无,无,无,无,无,无,无,无,无,无,无,无,无,(选配),无,无,无,无,无,无,无,无,无,无,无,无,无,无,无,无,无,无
56908,Panamera,无,无,无,无,无,无,无,无,无,无,无,无,无,无,无,无,无,无,无,无,无,无,无,无,无,无,无,无,无,无,无,无,无,无,无,无,(选配),无,无,(选配),无,无,无,无,无,无,无,无,无,无,无,无,无,无,无,无,无,无
56899,Panamera,无,无,无,无,无,无,无,无,无,无,无,无,无,无,无,无,无,无,无,无,无,无,无,无,无,无,无,无,无,无,无,无,无,无,无,无,无,无,无,(选配),无,无,无,无,无,无,无,无,无,无,无,无,无,无,无,无,无,无
59230,Panamera,无,无,无,无,无,无,无,无,无,无,无,无,无,无,无,无,无,无,无,无,无,无,无,无,无,无,无,无,无,无,无,无,无,无,无,无,无,无,无,(选配),无,无,无,无,无,无,无,无,无,无,无,无,无,无,无,无,无,无
66024,Panamera,无,无,无,无,无,无,无,无,无,无,无,无,无,无,无,无,无,无,无,无,无,无,无,无,无,无,无,无,无,无,无,无,无,无,无,无,(选配),无,无,(选配),无,无,无,无,无,无,无,无,无,无,无,无,无,无,无,无,无,无
56907,Panamera,无,无,无,无,无,无,无,无,无,无,无,无,无,无,无,无,无,无,无,无,无,无,无,无,无,无,无,无,无,无,无,无,无,无,无,无,(选配),无,无,(选配),无,无,无,无,无,无,无,无,无,无,无,无,无,无,无,无,无,无
66023,Panamera,无,无,无,无,无,无,无,无,无,无,无,无,无,无,无,无,无,无,无,无,无,无,无,无,无,无,无,无,无,无,无,无,无,无,无,无,无,无,无,(选配),无,无,无,无,无,无,无,无,无,无,无,无,无,无,无,无,无,无
56904,Panamera,无,无,无,无,无,无,无,无,无,无,无,无,无,无,无,无,无,无,无,无,无,无,无,无,无,无,无,无,无,无,无,无,无,无,无,无,(标配),无,无,(标配),无,无,无,无,无,无,无,无,无,无,无,无,无,无,无,无,无,无
56902,Panamera,无,无,无,无,无,无,无,无,无,无,无,无,无,无,无,无,无,无,无,无,无,无,无,无,无,无,无,无,无,无,无,无,无,无,无,无,(选配),无,无,(标配),无,无,无,无,无,无,无,无,无,无,无,无,无,无,无,无,无,无
56906,Panamera,无,无,无,无,无,无,无,无,无,无,无,无,无,无,无,无,无,无,无,无,无,无,无,无,无,无,无,无,无,无,无,无,无,无,无,无,(选配),无,无,(标配),无,无,无,无,无,无,无,无,无,无,无,无,无,无,无,无,无,无
62370,Macan,无,无,无,无,无,无,无,无,无,无,无,无,无,无,无,无,无,无,无,无,无,无,无,无,无,无,无,无,无,无,无,无,无,无,无,无,无,无,无,无,无,无,无,无,无,无,无,无,无,无,无,无,无,无,无,无,无,无
62371,Macan,无,无,无,无,无,无,无,无,无,无,无,无,无,无,无,无,无,无,无,无,无,无,无,无,无,无,无,无,无,无,无,无,无,无,无,无,无,无,无,无,(选配),无,无,无,无,无,无,无,无,无,无,无,无,无,无,无,无,无
62372,Macan,无,无,无,无,无,无,无,无,无,无,无,无,无,无,无,无,无,无,无,无,无,无,无,无,无,无,无,无,无,无,无,无,无,无,无,无,(选配),无,无,无,(标配),无,无,无,无,无,无,无,无,无,无,无,无,无,无,无,无,无
62369,Macan,无,无,无,无,无,无,无,无,无,无,无,无,无,无,无,无,无,无,无,无,无,无,无,无,无,无,无,无,无,无,无,无,无,无,无,无,(选配),无,无,无,(选配),无,无,无,无,无,无,无,无,无,无,无,无,无,无,无,无,无
72222,Macan,无,无,无,无,无,无,无,无,无,无,无,无,无,无,无,无,无,无,无,无,无,无,无,无,无,无,无,无,无,无,无,无,无,无,无,无,(标配),无,无,无,(标配),无,无,无,无,无,无,无,无,无,无,无,无,无,无,无,无,无
68308,保时捷911,无,无,无,无,无,无,无,无,无,无,无,无,无,无,无,无,无,无,无,无,无,无,无,无,无,无,无,无,无,无,无,无,无,无,无,无,无,无,无,无,无,无,无,无,无,无,无,无,无,无,无,无,无,无,无,无,无,无
70029,保时捷911,无,无,无,无,无,无,无,无,无,无,无,无,无,无,无,无,无,无,无,无,无,无,无,无,无,无,无,无,无,无,无,无,无,无,无,无,无,无,无,无,无,无,无,无,无,无,无,无,无,无,无,无,无,无,无,无,无,无
68523,保时捷911,无,无,无,无,无,无,无,无,无,无,无,无,无,无,无,无,无,无,无,无,无,无,无,无,无,无,无,无,无,无,无,无,无,无,无,无,无,无,无,无,无,无,无,无,无,无,无,无,无,无,无,无,无,无,无,无,无,无
68526,保时捷911,无,无,无,无,无,无,无,无,无,无,无,无,无,无,无,无,无,无,无,无,无,无,无,无,无,无,无,无,无,无,无,无,无,无,无,无,无,无,无,无,无,无,无,无,无,无,无,无,无,无,无,无,无,无,无,无,无,无
57794,保时捷911,无,无,无,无,无,无,无,无,无,无,无,无,无,无,无,无,无,无,无,无,无,无,无,无,无,无,无,无,无,无,无,无,无,无,无,无,无,无,无,无,无,无,无,无,无,无,无,无,无,无,无,无,无,无,无,无,无,无
60599,保时捷911,无,无,无,无,无,无,无,无,无,无,无,无,无,无,无,无,无,无,无,无,无,无,无,无,无,无,无,无,无,无,无,无,无,无,无,无,无,无,无,无,无,无,无,无,无,无,无,无,无,无,无,无,无,无,无,无,无,无
57799,保时捷911,无,无,无,无,无,无,无,无,无,无,无,无,无,无,无,无,无,无,无,无,无,无,无,无,无,无,无,无,无,无,无,无,无,无,无,无,无,无,无,无,无,无,无,无,无,无,无,无,无,无,无,无,无,无,无,无,无,无
57793,保时捷911,无,无,无,无,无,无,无,无,无,无,无,无,无,无,无,无,无,无,无,无,无,无,无,无,无,无,无,无,无,无,无,无,无,无,无,无,无,无,无,无,无,无,无,无,无,无,无,无,无,无,无,无,无,无,无,无,无,无
68522,保时捷911,无,无,无,无,无,无,无,无,无,无,无,无,无,无,无,无,无,无,无,无,无,无,无,无,无,无,无,无,无,无,无,无,无,无,无,无,无,无,无,无,无,无,无,无,无,无,无,无,无,无,无,无,无,无,无,无,无,无
57800,保时捷911,无,无,无,无,无,无,无,无,无,无,无,无,无,无,无,无,无,无,无,无,无,无,无,无,无,无,无,无,无,无,无,无,无,无,无,无,无,无,无,无,无,无,无,无,无,无,无,无,无,无,无,无,无,无,无,无,无,无
70415,保时捷911,无,无,无,无,无,无,无,无,无,无,无,无,无,无,无,无,无,无,无,无,无,无,无,无,无,无,无,无,无,无,无,无,无,无,无,无,无,无,无,无,无,无,无,无,无,无,无,无,无,无,无,无,无,无,无,无,无,无
63210,保时捷911,无,无,无,无,无,无,无,无,无,无,无,无,无,无,无,无,无,无,无,无,无,无,无,无,无,无,无,无,无,无,无,无,无,无,无,无,(选配),(选配),(选配),无,无,无,无,无,无,无,无,无,无,无,无,无,无,无,无,无,无,无
57797,保时捷911,无,无,无,无,无,无,无,无,无,无,无,无,无,无,无,无,无,无,无,无,无,无,无,无,无,无,无,无,无,无,无,无,无,无,无,无,(选配),(选配),(选配),无,无,无,无,无,无,无,无,无,无,无,无,无,无,无,无,无,无,无
57801,保时捷911,无,无,无,无,无,无,无,无,无,无,无,无,无,无,无,无,无,无,无,无,无,无,无,无,无,无,无,无,无,无,无,无,无,无,无,无,(选配),(选配),(选配),无,无,无,无,无,无,无,无,无,无,无,无,无,无,无,无,无,无,无
60167,保时捷911,无,无,无,无,无,无,无,无,无,无,无,无,无,无,无,无,无,无,无,无,无,无,无,无,无,无,无,无,无,无,无,无,无,无,无,无,(选配),(选配),(选配),无,无,无,无,无,无,无,无,无,无,无,无,无,无,无,无,无,无,无
70553,保时捷911,无,无,无,无,无,无,无,无,无,无,无,无,无,无,无,无,无,无,无,无,无,无,无,无,无,无,无,无,无,无,无,无,无,无,无,无,(标配),(标配),(选配),无,无,无,无,无,无,无,无,无,无,无,无,无,无,无,无,无,无,无
69490,保时捷911,无,无,无,无,无,无,无,无,无,无,无,无,无,无,无,无,无,无,无,无,无,无,无,无,无,无,无,无,无,无,无,无,无,无,无,无,(选配),(选配),(选配),无,无,无,无,无,无,无,无,无,无,无,无,无,无,无,无,无,无,无
57792,保时捷911,无,无,无,无,无,无,无,无,无,无,无,无,无,无,无,无,无,无,无,无,无,无,无,无,无,无,无,无,无,无,无,无,无,无,无,无,(选配),(选配),(选配),无,无,无,无,无,无,无,无,无,无,无,无,无,无,无,无,无,无,无
57798,保时捷911,无,无,无,无,无,无,无,无,无,无,无,无,无,无,无,无,无,无,无,无,无,无,无,无,无,无,无,无,无,无,无,无,无,无,无,无,(选配),(选配),(选配),无,无,无,无,无,无,无,无,无,无,无,无,无,无,无,无,无,无,无
68527,保时捷911,无,无,无,无,无,无,无,无,无,无,无,无,无,无,无,无,无,无,无,无,无,无,无,无,无,无,无,无,无,无,无,无,无,无,无,无,(选配),(选配),(选配),无,无,无,无,无,无,无,无,无,无,无,无,无,无,无,无,无,无,无
57796,保时捷911,无,无,无,无,无,无,无,无,无,无,无,无,无,无,无,无,无,无,无,无,无,无,无,无,无,无,无,无,无,无,无,无,无,无,无,无,(选配),(选配),(选配),无,无,无,无,无,无,无,无,无,无,无,无,无,无,无,无,无,无,无
57802,保时捷911,无,无,无,无,无,无,无,无,无,无,无,无,无,无,无,无,无,无,无,无,无,无,无,无,无,无,无,无,无,无,无,无,无,无,无,无,(选配),(选配),(选配),无,无,无,无,无,无,无,无,无,无,无,无,无,无,无,无,无,无,无
68524,保时捷911,无,无,无,无,无,无,无,无,无,无,无,无,无,无,无,无,无,无,无,无,无,无,无,无,无,无,无,无,无,(选配),无,无,无,无,无,无,(标配),(标配),(标配),无,无,无,无,无,无,无,无,无,无,无,无,无,无,无,无,无,无,无
57795,保时捷911,无,无,无,无,无,无,无,无,无,无,无,无,无,无,无,无,无,无,无,无,无,无,无,无,无,无,无,无,无,无,无,无,无,无,无,无,无,无,无,无,无,无,无,无,无,无,无,无,无,无,无,无,无,无,无,无,无,无
68520,保时捷911,无,无,无,无,无,无,无,无,无,无,无,无,无,无,无,无,无,无,无,无,无,无,无,无,无,无,无,无,无,无,无,无,无,无,无,无,(选配),(标配),(选配),无,无,(标配),无,无,无,无,无,无,无,无,无,无,无,无,无,无,无,无
57803,保时捷911,无,无,无,无,无,无,无,无,无,无,无,无,无,无,无,无,无,无,无,无,无,无,无,无,无,无,无,无,无,无,无,无,无,无,无,无,(选配),(标配),(选配),无,无,(标配),无,无,无,无,无,无,无,无,无,无,无,无,无,无,无,无
56840,保时捷718,无,无,无,无,无,无,无,无,无,无,无,无,无,无,无,无,无,无,无,无,无,无,无,无,无,无,无,无,无,无,无,无,无,无,无,无,(标配),(选配),无,无,无,无,无,无,无,无,无,无,无,无,无,无,无,无,无,无,无,无
56845,保时捷718,无,无,无,无,无,无,无,无,无,无,无,无,无,无,无,无,无,无,无,无,无,无,无,无,无,无,无,无,无,无,无,无,无,无,无,无,(标配),(选配),无,无,无,无,无,无,无,无,无,无,无,无,无,无,无,无,无,无,无,无
56847,保时捷718,无,无,无,无,无,无,无,无,无,无,无,无,无,无,无,无,无,无,无,无,无,无,无,无,无,无,无,无,无,无,无,无,无,无,无,无,无,无,无,无,无,无,无,无,无,无,无,无,无,无,无,无,无,无,无,无,无,无
56842,保时捷718,无,无,无,无,无,无,无,无,无,无,无,无,无,无,无,无,无,无,无,无,无,无,无,无,无,无,无,无,无,无,无,无,无,无,无,无,(选配),(选配),无,无,无,无,无,无,无,无,无,无,无,无,无,无,无,无,无,无,无,无
53803,保时捷718,无,无,无,无,无,无,无,无,无,无,无,无,无,无,无,无,无,无,无,无,无,无,无,无,无,无,无,无,无,无,无,无,无,无,无,无,(选配),(选配),无,无,无,无,无,无,无,无,无,无,无,无,无,无,无,无,无,无,无,无
56844,保时捷718,无,无,无,无,无,无,无,无,无,无,无,无,无,无,无,无,无,无,无,无,无,无,无,无,无,无,无,无,无,无,无,无,无,无,无,无,(标配),(标配),无,无,无,无,无,无,无,无,无,无,无,无,无,无,无,无,无,无,无,无
56843,保时捷718,无,无,无,无,无,无,无,无,无,无,无,无,无,无,无,无,无,无,无,无,无,无,无,无,无,无,无,无,无,无,无,无,无,无,无,无,(标配),(标配),无,无,无,无,无,无,无,无,无,无,无,无,无,无,无,无,无,无,无,无
63018,保时捷718,无,无,无,无,无,无,无,无,无,无,无,无,无,无,无,无,无,无,无,无,无,无,无,无,无,无,无,无,无,无,无,无,无,无,无,无,(标配),(标配),无,无,无,无,无,无,无,无,无,无,无,无,无,无,无,无,无,无,无,无
56841,保时捷718,无,无,无,无,无,无,无,无,无,无,无,无,无,无,无,无,无,无,无,无,无,无,无,无,无,无,无,无,无,无,无,无,无,无,无,无,(标配),(选配),无,无,无,无,无,无,无,无,无,无,无,无,无,无,无,无,无,无,无,无
56848,保时捷718,无,无,无,无,无,无,无,无,无,无,无,无,无,无,无,无,无,无,无,无,无,无,无,无,无,无,无,无,无,无,无,无,无,无,无,无,(标配),(选配),无,无,无,无,无,无,无,无,无,无,无,无,无,无,无,无,无,无,无,无
56846,保时捷718,无,无,无,无,无,无,无,无,无,无,无,无,无,无,无,无,无,无,无,无,无,无,无,无,无,无,无,无,无,无,无,无,无,无,无,无,(标配),(标配),无,无,无,无,无,无,无,无,无,无,无,无,无,无,无,无,无,无,无,无
60397,保时捷718,无,无,无,无,无,无,无,无,无,无,无,无,无,无,无,无,无,无,无,无,无,无,无,无,无,无,无,无,无,无,无,无,无,无,无,无,(标配),(标配),无,无,无,无,无,无,无,无,无,无,无,无,无,无,无,无,无,无,无,无
60396,保时捷718,无,无,无,无,无,无,无,无,无,无,无,无,无,无,无,无,无,无,无,无,无,无,无,无,无,无,无,无,无,无,无,无,无,无,无,无,(标配),(标配),无,无,无,无,无,无,无,无,无,无,无,无,无,无,无,无,无,无,无,无
68381,Cayenne新能源,无,无,无,无,无,无,无,无,无,无,无,无,无,无,无,无,无,无,无,无,无,无,无,无,无,无,无,无,无,无,无,无,无,无,无,无,无,(标配),(选配),无,无,无,无,无,无,无,无,无,无,无,无,无,无,无,无,无,无,无
64514,Cayenne新能源,无,无,无,无,无,无,无,无,无,无,无,无,无,无,无,无,无,无,无,无,无,无,无,无,无,无,无,无,无,无,无,无,无,无,无,无,无,(标配),(选配),无,无,无,无,无,无,无,无,无,无,无,无,无,无,无,无,无,无,无
68383,Cayenne新能源,无,无,无,无,无,无,无,无,无,无,无,无,无,无,无,无,无,无,无,无,无,无,无,无,无,无,无,无,无,无,无,无,无,无,无,无,无,(标配),(选配),无,无,无,无,无,无,无,无,无,无,无,无,无,无,无,无,无,无,无
65016,Cayenne新能源,无,无,无,无,无,无,无,无,无,无,无,无,无,无,无,无,无,无,无,无,无,无,无,无,无,无,无,无,无,无,无,无,无,无,无,无,无,(标配),(选配),无,无,无,无,无,无,无,无,无,无,无,无,无,无,无,无,无,无,无
68385,Cayenne新能源,无,无,无,无,无,无,无,无,无,无,无,无,无,无,无,无,无,无,无,无,无,无,无,无,无,无,无,无,无,无,无,无,无,无,无,无,无,(标配),(选配),无,无,无,无,无,无,无,无,无,无,无,无,无,无,无,无,无,无,无
62501,Cayenne新能源,无,无,无,无,无,无,无,无,无,无,无,无,无,无,无,无,无,无,无,无,无,无,无,无,无,无,无,无,无,无,无,无,无,无,无,无,无,(标配),(选配),无,无,无,无,无,无,无,无,无,无,无,无,无,无,无,无,无,无,无
64513,Cayenne新能源,无,无,无,无,无,无,无,无,无,无,无,无,无,无,无,无,无,无,无,无,无,无,无,无,无,无,无,无,无,无,无,无,无,无,无,无,无,(标配),(选配),无,无,无,无,无,无,无,无,无,无,无,无,无,无,无,无,无,无,无
68382,Cayenne新能源,无,无,无,无,无,无,无,无,无,无,无,无,无,无,无,无,无,无,无,无,无,无,无,无,无,无,无,无,无,无,无,无,无,无,无,无,无,(标配),(选配),无,无,无,无,无,无,无,无,无,无,无,无,无,无,无,无,无,无,无
68384,Cayenne新能源,无,无,无,无,无,无,无,无,无,无,无,无,无,无,无,无,无,无,无,无,无,无,无,无,无,无,无,无,无,无,无,无,无,无,无,无,无,(标配),(选配),无,无,无,无,无,无,无,无,无,无,无,无,无,无,无,无,无,无,无
62500,Cayenne新能源,无,无,无,无,无,无,无,无,无,无,无,无,无,无,无,无,无,无,无,无,无,无,无,无,无,无,无,无,无,无,无,无,无,无,无,无,无,(标配),(选配),无,无,无,无,无,无,无,无,无,无,无,无,无,无,无,无,无,无,无
65015,Cayenne新能源,无,无,无,无,无,无,无,无,无,无,无,无,无,无,无,无,无,无,无,无,无,无,无,无,无,无,无,无,无,无,无,无,无,无,无,无,无,(标配),(选配),无,无,无,无,无,无,无,无,无,无,无,无,无,无,无,无,无,无,无
68386,Cayenne新能源,无,无,无,无,无,无,无,无,无,无,无,无,无,无,无,无,无,无,无,无,无,无,无,无,无,无,无,无,无,无,无,无,无,无,无,无,无,(标配),(选配),无,无,无,无,无,无,无,无,无,无,无,无,无,无,无,无,无,无,无
56918,Panamera新能源,无,无,无,无,无,无,无,无,无,无,无,无,无,无,无,无,无,无,无,无,无,无,无,无,无,无,无,无,无,无,无,无,无,无,无,无,(选配),无,无,(选配),无,无,无,无,无,无,无,无,无,无,无,无,无,无,无,无,无,无
67461,Panamera新能源,无,无,无,无,无,无,无,无,无,无,无,无,无,无,无,无,无,无,无,无,无,无,无,无,无,无,无,无,无,无,无,无,无,无,无,无,(选配),无,无,(选配),无,无,无,无,无,无,无,无,无,无,无,无,无,无,无,无,无,无
56917,Panamera新能源,无,无,无,无,无,无,无,无,无,无,无,无,无,无,无,无,无,无,无,无,无,无,无,无,无,无,无,无,无,无,无,无,无,无,无,无,(选配),无,无,(选配),无,无,无,无,无,无,无,无,无,无,无,无,无,无,无,无,无,无
67460,Panamera新能源,无,无,无,无,无,无,无,无,无,无,无,无,无,无,无,无,无,无,无,无,无,无,无,无,无,无,无,无,无,无,无,无,无,无,无,无,(标配),无,无,(选配),无,无,无,无,无,无,无,无,无,无,无,无,无,无,无,无,无,无
59233,Panamera新能源,无,无,无,无,无,无,无,无,无,无,无,无,无,无,无,无,无,无,无,无,无,无,无,无,无,无,无,无,无,无,无,无,无,无,无,无,(标配),无,无,(选配),无,无,无,无,无,无,无,无,无,无,无,无,无,无,无,无,无,无
56910,Panamera新能源,无,无,无,无,无,无,无,无,无,无,无,无,无,无,无,无,无,无,无,无,无,无,无,无,无,无,无,无,无,无,无,无,无,无,无,无,(选配),无,无,(标配),无,无,无,无,无,无,无,无,无,无,无,无,无,无,无,无,无,无
56912,Panamera新能源,无,无,无,无,无,无,无,无,无,无,无,无,无,无,无,无,无,无,无,无,无,无,无,无,无,无,无,无,无,无,无,无,无,无,无,无,(选配),无,无,(标配),无,无,无,无,无,无,无,无,无,无,无,无,无,无,无,无,无,无
67462,Panamera新能源,无,无,无,无,无,无,无,无,无,无,无,无,无,无,无,无,无,无,无,无,无,无,无,无,无,无,无,无,无,无,无,无,无,无,无,无,(选配),无,无,(标配),无,无,无,无,无,无,无,无,无,无,无,无,无,无,无,无,无,无
66022,Panamera新能源,无,无,无,无,无,无,无,无,无,无,无,无,无,无,无,无,无,无,无,无,无,无,无,无,无,无,无,无,无,无,无,无,无,无,无,无,(选配),无,无,(标配),无,无,无,无,无,无,无,无,无,无,无,无,无,无,无,无,无,无
59234,Panamera新能源,无,无,无,无,无,无,无,无,无,无,无,无,无,无,无,无,无,无,无,无,无,无,无,无,无,无,无,无,无,无,无,无,无,无,无,无,(选配),无,无,(标配),无,无,无,无,无,无,无,无,无,无,无,无,无,无,无,无,无,无
64338,Panamera新能源,无,无,无,无,无,无,无,无,无,无,无,无,无,无,无,无,无,无,无,无,无,无,无,无,无,无,无,无,无,无,无,无,无,无,无,无,(选配),无,无,(标配),无,无,无,无,无,无,无,无,无,无,无,无,无,无,无,无,无,无
56913,Panamera新能源,无,无,无,无,无,无,无,无,无,无,无,无,无,无,无,无,无,无,无,无,无,无,无,无,无,无,无,无,无,无,无,无,无,无,无,无,(选配),无,无,(标配),无,无,无,无,无,无,无,无,无,无,无,无,无,无,无,无,无,无
56919,Panamera新能源,无,无,无,无,无,无,无,无,无,无,无,无,无,无,无,无,无,无,无,无,无,无,无,无,无,无,无,无,无,无,无,无,无,无,无,无,(选配),无,无,(标配),无,无,无,无,无,无,无,无,无,无,无,无,无,无,无,无,无,无
61092,Model S,无,无,无,无,无,无,无,无,无,无,无,无,无,无,无,无,无,无,无,无,无,无,无,无,无,无,无,无,无,无,无,无,无,无,无,无,无,无,无,无,无,无,无,无,无,无,无,无,无,无,无,无,无,无,无,无,无,无
61210,Model S,无,无,无,无,无,无,无,无,无,无,无,无,无,无,无,无,无,无,无,无,无,无,无,无,无,无,无,无,无,无,无,无,无,无,无,无,无,无,无,无,无,无,(选配),无,无,无,无,无,无,无,无,无,无,无,无,无,无,无
61211,Model X,无,无,无,无,无,无,无,无,无,无,无,无,无,无,无,无,无,无,无,无,无,无,无,无,无,无,无,无,无,无,无,无,无,无,无,无,无,无,无,无,无,无,无,无,无,无,无,无,无,无,无,无,无,无,无,无,无,无
61093,Model X,无,无,无,无,无,无,无,无,无,无,无,无,无,无,无,无,无,无,无,无,无,无,无,无,无,无,无,无,无,无,无,无,无,无,无,无,无,无,无,无,无,无,(选配),无,无,无,无,无,无,无,无,无,无,无,无,无,无,无
64121,红旗H9,无,无,无,无,无,无,无,无,无,无,无,无,无,无,无,无,无,无,无,无,无,无,无,无,无,无,无,无,无,无,无,无,无,无,无,无,无,无,无,无,无,无,无,(选配),(选配),(选配),无,无,无,无,无,无,无,无,无,无,无,无
67955,红旗H9,无,无,无,无,无,无,无,无,无,无,无,无,无,无,无,无,无,无,无,无,无,无,无,无,无,无,无,无,无,无,无,无,无,无,无,无,无,无,无,无,无,无,无,(选配),(选配),(选配),无,无,无,无,无,无,无,无,无,无,无,无
64122,红旗H9,无,无,无,无,无,无,无,无,无,无,无,无,无,无,无,无,无,无,无,无,无,无,无,无,无,无,无,无,无,无,无,无,无,无,无,无,无,无,无,无,无,无,无,(标配),(标配),(标配),无,无,无,无,无,无,无,无,无,无,无,无
63389,红旗H9,无,无,无,无,无,无,无,无,无,无,无,无,无,无,无,无,无,无,无,无,无,无,无,无,无,无,无,无,无,无,无,无,无,无,无,无,无,无,无,无,无,无,无,(标配),(标配),(标配),无,无,无,无,无,无,无,无,无,无,无,无
57026,红旗H9,无,无,无,无,无,无,无,无,无,无,无,无,无,无,无,无,无,无,无,无,无,无,无,无,无,无,无,无,无,无,无,无,无,无,无,无,无,无,无,无,无,无,无,(标配),(标配),(标配),无,无,无,无,无,无,无,无,无,无,无,无
67958,红旗H9,无,无,无,无,无,无,无,无,无,无,无,无,无,无,无,无,无,无,无,无,无,无,无,无,无,无,无,无,无,无,无,无,无,无,无,无,无,无,无,无,无,无,无,(标配),(标配),(标配),无,无,无,无,无,无,无,无,无,无,无,无
64123,红旗H9,无,无,无,无,无,无,无,无,无,无,无,无,无,无,无,无,无,无,无,无,无,无,无,无,无,无,无,无,无,无,无,无,无,无,无,无,无,无,无,无,无,无,无,(标配),(标配),(标配),无,无,无,无,无,无,无,无,无,无,无,无
67893,红旗H9,无,无,无,无,无,无,无,无,无,无,无,无,无,无,无,无,无,无,无,无,无,无,无,无,无,无,无,无,无,无,无,无,无,无,无,无,无,无,无,无,无,无,无,无,无,无,无,无,无,无,无,无,无,无,无,无,无,无
67959,红旗H9,无,无,无,无,无,无,无,无,无,无,无,无,无,无,无,无,无,无,无,无,无,无,无,无,无,无,无,无,无,无,无,无,无,无,无,无,无,无,无,无,无,无,无,无,无,无,无,无,无,无,无,无,无,无,无,无,无,无
63381,红旗H9,无,无,无,无,无,无,无,无,无,无,无,无,无,无,无,无,无,无,无,无,无,无,无,无,无,无,无,无,无,无,无,无,无,无,无,无,无,无,无,无,无,无,无,无,无,无,无,无,无,无,无,无,无,无,无,无,无,无
66480,红旗H9,无,无,无,无,无,无,无,无,无,无,无,无,无,无,无,无,无,无,无,无,无,无,无,无,无,无,无,无,无,无,无,无,无,无,无,无,无,无,无,无,无,无,无,无,无,无,无,无,无,无,无,无,无,无,无,无,无,无
67956,红旗H9,无,无,无,无,无,无,无,无,无,无,无,无,无,无,无,无,无,无,无,无,无,无,无,无,无,无,无,无,无,无,无,无,无,无,无,无,无,无,无,无,无,无,无,无,无,无,无,无,无,无,无,无,无,无,无,无,无,无
67957,红旗H9,无,无,无,无,无,无,无,无,无,无,无,无,无,无,无,无,无,无,无,无,无,无,无,无,无,无,无,无,无,无,无,无,无,无,无,无,无,无,无,无,无,无,无,(标配),(标配),(标配),无,无,无,无,无,无,无,无,无,无,无,无
68219,汉兰达,无,无,无,无,无,无,无,无,无,无,无,无,无,无,无,无,无,无,无,无,无,无,无,无,无,无,无,无,无,无,无,无,无,无,无,无,无,无,无,无,无,无,无,无,无,无,无,无,无,无,无,无,无,无,无,无,无,无
68216,汉兰达,无,无,无,无,无,无,无,无,无,无,无,无,无,无,无,无,无,无,无,无,无,无,无,无,无,无,无,无,无,无,无,无,无,无,无,无,无,无,无,无,无,无,无,无,无,无,无,无,无,无,无,无,无,无,无,无,无,无
68555,汉兰达,无,无,无,无,无,无,无,无,无,无,无,无,无,无,无,无,无,无,无,无,无,无,无,无,无,无,无,无,无,无,无,无,无,无,无,无,无,无,无,无,无,无,无,无,无,无,无,无,无,无,无,无,无,无,无,无,无,无
68218,汉兰达,无,无,无,无,无,无,无,无,无,无,无,无,无,无,无,无,无,无,无,无,无,无,无,无,无,无,无,无,无,无,无,无,无,无,无,无,无,无,无,无,无,无,无,无,无,无,无,无,无,无,无,无,无,无,无,无,无,无
68217,汉兰达,无,无,无,无,无,无,无,无,无,无,无,无,无,无,无,无,无,无,无,无,无,无,无,无,无,无,无,无,无,无,无,无,无,无,无,无,无,无,无,无,无,无,无,无,无,无,无,无,无,无,无,无,无,无,无,无,无,无
68554,汉兰达,无,无,无,无,无,无,无,无,无,无,无,无,无,无,无,无,无,无,无,无,无,无,无,无,无,无,无,无,无,无,无,无,无,无,无,无,无,无,无,无,无,无,无,无,无,无,无,无,无,无,无,无,无,无,无,无,无,无
68556,汉兰达,无,无,无,无,无,无,无,无,无,无,无,无,无,无,无,无,无,无,无,无,无,无,无,无,无,无,无,无,无,无,无,无,无,无,无,无,无,无,无,无,无,无,无,无,无,无,无,无,无,无,无,无,无,无,无,无,无,无
68215,汉兰达,无,无,无,无,无,无,无,无,无,无,无,无,无,无,无,无,无,无,无,无,无,无,无,无,无,无,无,无,无,无,无,无,无,无,无,无,无,无,无,无,无,无,无,无,无,无,(标配),无,无,无,无,无,无,无,无,无,无,无
68553,汉兰达,无,无,无,无,无,无,无,无,无,无,无,无,无,无,无,无,无,无,无,无,无,无,无,无,无,无,无,无,无,无,无,无,无,无,无,无,无,无,无,无,无,无,无,无,无,无,无,无,无,无,无,无,无,无,无,无,无,无
68220,汉兰达,无,无,无,无,无,无,无,无,无,无,无,无,无,无,无,无,无,无,无,无,无,无,无,无,无,无,无,无,无,无,无,无,无,无,无,无,无,无,无,无,无,无,无,无,无,无,无,无,无,无,无,无,无,无,无,无,无,无
68221,汉兰达,无,无,无,无,无,无,无,无,无,无,无,无,无,无,无,无,无,无,无,无,无,无,无,无,无,无,无,无,无,无,无,无,无,无,无,无,无,无,无,无,无,无,无,无,无,无,(标配),无,无,无,无,无,无,无,无,无,无,无
68314,皇冠陆放,无,无,无,无,无,无,无,无,无,无,无,无,无,无,无,无,无,无,无,无,无,无,无,无,无,无,无,无,无,无,无,无,无,无,无,无,无,无,无,无,无,无,无,无,无,无,无,无,无,无,无,无,无,无,无,无,无,无
68317,皇冠陆放,无,无,无,无,无,无,无,无,无,无,无,无,无,无,无,无,无,无,无,无,无,无,无,无,无,无,无,无,无,无,无,无,无,无,无,无,无,无,无,无,无,无,无,无,无,无,无,无,无,无,无,无,无,无,无,无,无,无
67586,皇冠陆放,无,无,无,无,无,无,无,无,无,无,无,无,无,无,无,无,无,无,无,无,无,无,无,无,无,无,无,无,无,无,无,无,无,无,无,无,无,无,无,无,无,无,无,无,无,无,无,无,无,无,无,无,无,无,无,无,无,无
68316,皇冠陆放,无,无,无,无,无,无,无,无,无,无,无,无,无,无,无,无,无,无,无,无,无,无,无,无,无,无,无,无,无,无,无,无,无,无,无,无,无,无,无,无,无,无,无,无,无,无,无,无,无,无,无,无,无,无,无,无,无,无
68315,皇冠陆放,无,无,无,无,无,无,无,无,无,无,无,无,无,无,无,无,无,无,无,无,无,无,无,无,无,无,无,无,无,无,无,无,无,无,无,无,无,无,无,无,无,无,无,无,无,无,无,无,无,无,无,无,无,无,无,无,无,无
68318,皇冠陆放,无,无,无,无,无,无,无,无,无,无,无,无,无,无,无,无,无,无,无,无,无,无,无,无,无,无,无,无,无,无,无,无,无,无,无,无,无,无,无,无,无,无,无,无,无,无,(标配),无,无,无,无,无,无,无,无,无,无,无
54680,丰田86,无,无,无,无,无,无,无,无,无,无,无,无,无,无,无,无,无,无,无,无,无,无,无,无,无,无,无,无,无,无,无,无,无,无,无,无,无,无,无,无,无,无,无,无,无,无,无,(标配),无,无,无,无,无,无,无,无,无,无
60398,丰田86,无,无,无,无,无,无,无,无,无,无,无,无,无,无,无,无,无,无,无,无,无,无,无,无,无,无,无,无,无,无,无,无,无,无,无,无,无,无,无,无,无,无,无,无,无,无,无,无,无,无,无,无,无,无,无,无,无,无
58313,丰田86,无,无,无,无,无,无,无,无,无,无,无,无,无,无,无,无,无,无,无,无,无,无,无,无,无,无,无,无,无,无,无,无,无,无,无,无,无,无,无,无,无,无,无,无,无,无,无,无,无,无,无,无,无,无,无,无,无,无
59174,SUPRA,无,无,无,无,无,无,无,无,无,无,无,无,无,无,无,无,无,无,无,无,无,无,无,无,无,无,无,无,无,无,无,无,无,无,无,无,无,无,无,无,无,无,无,无,无,无,无,无,无,无,无,无,无,无,无,无,无,无
59175,SUPRA,无,无,无,无,无,无,无,无,无,无,无,无,无,无,无,无,无,无,无,无,无,无,无,无,无,无,无,无,无,无,无,无,无,无,无,无,无,无,无,无,无,无,无,无,无,无,无,无,(标配),无,无,无,无,无,无,无,无,无
56233,一汽丰田bZ4X,无,无,无,无,无,无,无,无,无,无,无,无,无,无,无,无,无,无,无,无,无,无,无,无,无,无,无,无,无,无,无,无,无,无,无,无,无,无,无,无,无,无,无,无,无,无,无,无,无,无,无,无,无,无,无,无,无,无
56475,一汽丰田bZ4X,无,无,无,无,无,无,无,无,无,无,无,无,无,无,无,无,无,无,无,无,无,无,无,无,无,无,无,无,无,无,无,无,无,无,无,无,无,无,无,无,无,无,无,无,无,无,无,无,无,无,无,无,无,无,无,无,无,无
56849,一汽丰田bZ4X,无,无,无,无,无,无,无,无,无,无,无,无,无,无,无,无,无,无,无,无,无,无,无,无,无,无,无,无,无,无,无,无,无,无,无,无,无,无,无,无,无,无,无,无,无,无,无,无,无,无,无,无,无,无,无,无,无,无
56067,一汽丰田bZ4X,无,无,无,无,无,无,无,无,无,无,无,无,无,无,无,无,无,无,无,无,无,无,无,无,无,无,无,无,无,无,无,无,无,无,无,无,无,无,无,无,无,无,无,无,无,无,无,无,无,无,无,无,无,无,无,无,无,无
56850,一汽丰田bZ4X,无,无,无,无,无,无,无,无,无,无,无,无,无,无,无,无,无,无,无,无,无,无,无,无,无,无,无,无,无,无,无,无,无,无,无,无,无,无,无,无,无,无,无,无,无,无,(标配),无,无,无,无,无,无,无,无,无,无,无
59725,昂扬,无,无,无,无,无,无,无,无,无,无,无,无,无,无,无,无,无,无,无,无,无,无,无,无,无,无,无,无,无,无,无,无,无,无,无,无,无,无,无,无,无,无,无,无,无,无,无,无,无,无,无,无,无,无,无,无,无,无
57572,昂扬,无,无,无,无,无,无,无,无,无,无,无,无,无,无,无,无,无,无,无,无,无,无,无,无,无,无,无,无,无,无,无,无,无,无,无,无,无,无,无,无,无,无,无,无,无,无,无,无,无,(标配),无,无,无,无,无,无,无,无
59552,昂扬,无,无,无,无,无,无,无,无,无,无,无,无,无,无,无,无,无,无,无,无,无,无,无,无,无,无,无,无,无,无,无,无,无,无,无,无,无,无,无,无,无,无,无,无,无,无,无,无,无,(标配),无,无,无,无,无,无,无,无
58994,昂扬,无,无,无,无,无,无,无,无,无,无,无,无,无,无,无,无,无,无,无,无,无,无,无,无,无,无,无,无,无,无,无,无,无,无,无,无,无,无,无,无,无,无,无,无,无,无,无,无,无,(标配),无,无,无,无,无,无,无,无
65768,小米SU7,无,无,无,无,无,无,无,无,无,无,无,无,无,无,无,无,无,无,无,无,无,无,无,无,无,无,无,无,无,无,无,无,无,无,无,无,无,无,无,无,无,无,无,无,无,无,无,无,无,无,(标配),(标配),无,无,无,无,无,无
59881,小米SU7,无,无,无,无,无,无,无,无,无,无,无,无,无,无,无,无,无,无,无,无,无,无,无,无,无,无,无,无,无,无,无,无,无,无,无,无,无,无,无,无,无,无,无,无,无,无,无,无,无,无,(标配),(标配),无,无,无,无,无,无
67500,小米SU7,无,无,无,无,无,无,无,无,无,无,无,无,无,无,无,无,无,无,无,无,无,无,无,无,无,无,无,无,无,无,无,无,无,无,无,无,无,无,无,无,无,无,无,无,无,无,无,无,无,无,(标配),(标配),无,无,无,无,无,无
70554,小米SU7 Ultra,无,无,无,无,无,无,无,无,无,无,无,无,无,无,无,无,无,无,无,无,无,无,无,无,无,无,无,无,无,无,无,无,无,无,无,无,无,无,无,无,无,无,无,无,无,无,无,无,无,无,(标配),(标配),无,无,无,无,无,无
68759,星瑞,无,无,无,无,无,无,无,无,无,无,无,无,无,无,无,无,无,无,无,无,无,无,无,无,无,无,无,无,无,无,无,无,无,无,无,无,无,无,无,无,无,无,无,无,无,无,无,无,无,无,无,无,无,无,无,无,无,无
69901,星瑞,无,无,无,无,无,无,无,无,无,无,无,无,无,无,无,无,无,无,无,无,无,无,无,无,无,无,无,无,无,无,无,无,无,无,无,无,无,无,无,无,无,无,无,无,无,无,无,无,无,无,无,无,无,无,无,无,无,无
69903,星瑞,无,无,无,无,无,无,无,无,无,无,无,无,无,无,无,无,无,无,无,无,无,无,无,无,无,无,无,无,无,无,无,无,无,无,无,无,无,无,无,无,无,无,无,无,无,无,无,无,无,无,无,无,无,无,无,无,无,无
69902,星瑞,无,无,无,无,无,无,无,无,无,无,无,无,无,无,无,无,无,无,无,无,无,无,无,无,无,无,无,无,无,无,无,无,无,无,无,无,无,无,无,无,无,无,无,无,无,无,无,无,无,无,无,无,无,无,无,无,无,无
58108,星瑞,无,无,无,无,无,无,无,无,无,无,无,无,无,无,无,无,无,无,无,无,无,无,无,无,无,无,无,无,无,无,无,无,无,无,无,无,无,无,无,无,无,无,无,无,无,无,无,无,无,无,无,无,无,无,无,无,无,无
69904,星瑞,无,无,无,无,无,无,无,无,无,无,无,无,无,无,无,无,无,无,无,无,无,无,无,无,无,无,无,无,无,无,无,无,无,无,无,无,无,无,无,无,无,无,无,无,无,无,无,无,无,无,无,无,无,无,无,无,无,无
71883,星瑞,无,无,无,无,无,无,无,无,无,无,无,无,无,无,无,无,无,无,无,无,无,无,无,无,无,无,无,无,无,无,无,无,无,无,无,无,无,无,无,无,无,无,无,无,无,无,无,无,无,无,无,无,无,无,无,无,无,无
58114,星瑞,无,无,无,无,无,无,无,无,无,无,无,无,无,无,无,无,无,无,无,无,无,无,无,无,无,无,无,无,无,无,无,无,无,无,无,无,无,无,无,无,无,无,无,无,无,无,无,无,无,无,无,无,无,无,无,无,无,无
67087,星瑞,无,无,无,无,无,无,无,无,无,无,无,无,无,无,无,无,无,无,无,无,无,无,无,无,无,无,无,无,无,无,无,无,无,无,无,无,无,无,无,无,无,无,无,无,无,无,无,无,无,无,无,无,无,无,无,无,无,无
58115,星瑞,无,无,无,无,无,无,无,无,无,无,无,无,无,无,无,无,无,无,无,无,无,无,无,无,无,无,无,无,无,无,无,无,无,无,无,无,无,无,无,无,无,无,无,无,无,无,无,无,无,无,无,无,无,无,无,无,无,无
71882,星瑞,无,无,无,无,无,无,无,无,无,无,无,无,无,无,无,无,无,无,无,无,无,无,无,无,无,无,无,无,无,无,无,无,无,无,无,无,无,无,无,无,无,无,无,无,无,无,无,无,无,无,无,无,无,无,无,无,无,无
67088,星瑞,无,无,无,无,无,无,无,无,无,无,无,无,无,无,无,无,无,无,无,无,无,无,无,无,无,无,无,无,无,无,无,无,无,无,无,无,无,无,无,无,无,无,无,无,无,无,无,无,无,无,无,无,无,无,无,无,无,无
63498,星瑞,无,无,无,无,无,无,无,无,无,无,无,无,无,无,无,无,无,无,无,无,无,无,无,无,无,无,无,无,无,无,无,无,无,无,无,无,无,无,无,无,无,无,无,无,无,无,无,无,无,无,无,无,(标配),无,无,无,无,无
63265,星瑞,无,无,无,无,无,无,无,无,无,无,无,无,无,无,无,无,无,无,无,无,无,无,无,无,无,无,无,无,无,无,无,无,无,无,无,无,无,无,无,无,无,无,无,无,无,无,无,无,无,无,无,无,(标配),无,无,无,无,无
58109,星瑞,无,无,无,无,无,无,无,无,无,无,无,无,无,无,无,无,无,无,无,无,无,无,无,无,无,无,无,无,无,无,无,无,无,无,无,无,无,无,无,无,无,无,无,无,无,无,无,无,无,无,无,无,(选配),无,无,无,无,无
63061,缤越,无,无,无,无,无,无,无,无,无,无,无,无,无,无,无,无,无,无,无,无,无,无,无,无,无,无,无,无,无,无,无,无,无,无,无,无,无,无,无,无,无,无,无,无,无,无,无,无,无,无,无,无,无,无,无,无,无,无
62826,缤越,无,无,无,无,无,无,无,无,无,无,无,无,无,无,无,无,无,无,无,无,无,无,无,无,无,无,无,无,无,无,无,无,无,无,无,无,无,无,无,无,无,无,无,无,无,无,无,无,无,无,无,无,无,无,无,无,无,无
69434,缤越,无,无,无,无,无,无,无,无,无,无,无,无,无,无,无,无,无,无,无,无,无,无,无,无,无,无,无,无,无,无,无,无,无,无,无,无,无,无,无,无,无,无,无,无,无,无,无,无,无,无,无,无,无,无,无,无,无,无
67792,缤越,无,无,无,无,无,无,无,无,无,无,无,无,无,无,无,无,无,无,无,无,无,无,无,无,无,无,无,无,无,无,无,无,无,无,无,无,无,无,无,无,无,无,无,无,无,无,无,无,无,无,无,无,无,无,无,无,无,无
68972,缤越,无,无,无,无,无,无,无,无,无,无,无,无,无,无,无,无,无,无,无,无,无,无,无,无,无,无,无,无,无,无,无,无,无,无,无,无,无,无,无,无,无,无,无,无,无,无,无,无,无,无,无,无,无,无,无,无,无,无
63060,缤越,无,无,无,无,无,无,无,无,无,无,无,无,无,无,无,无,无,无,无,无,无,无,无,无,无,无,无,无,无,无,无,无,无,无,无,无,无,无,无,无,无,无,无,无,无,无,无,无,无,无,无,无,无,无,无,无,无,无
66959,缤越,无,无,无,无,无,无,无,无,无,无,无,无,无,无,无,无,无,无,无,无,无,无,无,无,无,无,无,无,无,无,无,无,无,无,无,无,无,无,无,无,无,无,无,无,无,无,无,无,无,无,无,无,无,无,无,无,无,无
70452,缤越,无,无,无,无,无,无,无,无,无,无,无,无,无,无,无,无,无,无,无,无,无,无,无,无,无,无,无,无,无,无,无,无,无,无,无,无,无,无,无,无,无,无,无,无,无,无,无,无,无,无,无,无,无,无,无,无,无,无
72132,缤越,无,无,无,无,无,无,无,无,无,无,无,无,无,无,无,无,无,无,无,无,无,无,无,无,无,无,无,无,无,无,无,无,无,无,无,无,无,无,无,无,无,无,无,无,无,无,无,无,无,无,无,无,无,无,无,无,无,无
58383,缤越,无,无,无,无,无,无,无,无,无,无,无,无,无,无,无,无,无,无,无,无,无,无,无,无,无,无,无,无,无,无,无,无,无,无,无,无,无,无,无,无,无,无,无,无,无,无,无,无,无,无,无,无,无,无,无,无,无,无
65752,豪越L,无,无,无,无,无,无,无,无,无,无,无,无,无,无,无,无,无,无,无,无,无,无,无,无,无,无,无,无,无,无,无,无,无,无,无,无,无,无,无,无,无,无,无,无,无,无,无,无,无,无,无,无,无,无,无,无,无,无
65888,豪越L,无,无,无,无,无,无,无,无,无,无,无,无,无,无,无,无,无,无,无,无,无,无,无,无,无,无,无,无,无,无,无,无,无,无,无,无,无,无,无,无,无,无,无,无,无,无,无,无,无,无,无,无,无,无,(标配),无,无,无
65887,豪越L,无,无,无,无,无,无,无,无,无,无,无,无,无,无,无,无,无,无,无,无,无,无,无,无,无,无,无,无,无,无,无,无,无,无,无,无,无,无,无,无,无,无,无,无,无,无,无,无,无,无,无,无,无,无,(标配),无,无,无
70335,豪越L,无,无,无,无,无,无,无,无,无,无,无,无,无,无,无,无,无,无,无,无,无,无,无,无,无,无,无,无,无,无,无,无,无,无,无,无,无,无,无,无,无,无,无,无,无,无,无,无,无,无,无,无,无,无,(标配),无,无,无
56114,缤瑞,无,无,无,无,无,无,无,无,无,无,无,无,无,无,无,无,无,无,无,无,无,无,无,无,无,无,无,无,无,无,无,无,无,无,无,无,无,无,无,无,无,无,无,无,无,无,无,无,无,无,无,无,无,无,无,无,无,无
56115,缤瑞,无,无,无,无,无,无,无,无,无,无,无,无,无,无,无,无,无,无,无,无,无,无,无,无,无,无,无,无,无,无,无,无,无,无,无,无,无,无,无,无,无,无,无,无,无,无,无,无,无,无,无,无,无,无,无,无,无,无
66960,缤瑞,无,无,无,无,无,无,无,无,无,无,无,无,无,无,无,无,无,无,无,无,无,无,无,无,无,无,无,无,无,无,无,无,无,无,无,无,无,无,无,无,无,无,无,无,无,无,无,无,无,无,无,无,无,(标配),无,无,(标配),无
63900,缤瑞,无,无,无,无,无,无,无,无,无,无,无,无,无,无,无,无,无,无,无,无,无,无,无,无,无,无,无,无,无,无,无,无,无,无,无,无,无,无,无,无,无,无,无,无,无,无,无,无,无,无,无,无,无,(标配),无,无,(标配),无
70391,吉利牛仔,无,无,无,无,无,无,无,无,无,无,无,无,无,无,无,无,无,无,无,无,无,无,无,无,无,无,无,无,无,无,无,无,无,无,无,无,无,无,无,无,无,无,无,无,无,无,无,无,无,无,无,无,无,无,无,无,无,无
70670,吉利牛仔,无,无,无,无,无,无,无,无,无,无,无,无,无,无,无,无,无,无,无,无,无,无,无,无,无,无,无,无,无,无,无,无,无,无,无,无,无,无,无,无,无,无,无,无,无,无,无,无,无,无,无,无,无,无,无,无,无,(标配)
