CAR_ID,品牌系列,电机类型,电动机总功率_kW,电动机总马力_Ps,电动机总扭矩_N_m,后电动机最大功率_kW,后电动机最大扭矩_N_m,系统综合功率_kW,系统综合功率_Ps,系统综合扭矩_N_m,驱动电机数,电机布局,三电系统质保,前电动机最大功率_kW,前电动机最大扭矩_N_m,前电动机型号,后电动机型号,前电动机品牌,后电动机品牌,三电首任车主质保政策
70273,奔驰GLE新能源,无,100,136,440,100,440,280,381,650,单电机,后置,(标配)八年或12万公里,无,无,无,无,无,无,无
68559,奔驰E级新能源,永磁/同步,95,129,440,无,无,230,313,550,单电机,前置,(标配)八年或12万公里,95,440,无,无,无,无,无
65775,奔驰E级新能源,永磁/同步,95,129,440,无,无,230,313,550,单电机,前置,(标配)八年或12万公里,95,440,无,无,无,无,无
70754,奔驰EQE,永磁/同步,300,408,858,215,556,无,无,无,双电机,前置+后置,无,135,302,EM0030,EM0027,无,无,无
70753,奔驰EQE,永磁/同步,300,408,858,215,556,无,无,无,双电机,前置+后置,无,135,302,EM0030,EM0027,无,无,无
69750,奔驰EQE,永磁/同步,300,408,858,215,556,无,无,无,双电机,前置+后置,无,135,302,EM0030,EM0027,无,无,无
69333,奔驰EQB,永磁/同步,140,190,380,无,无,无,无,无,单电机,前置,(标配)八年或16万公里,140,380,无,无,无,无,无
69332,奔驰EQB,前感应/异步 后永磁/同步,215,292,520,70,无,无,无,无,双电机,前置+后置,(标配)八年或16万公里,150,无,无,无,无,无,无
69334,奔驰EQA,永磁/同步,140,190,380,无,无,无,无,无,单电机,前置,(标配)八年或16万公里,140,380,EM0026,无,无,无,无
69745,奔驰C级新能源,永磁/同步,95,129,440,无,无,250,340,600,单电机,前置,(标配)八年或12万公里,95,440,无,无,无,无,无
71974,奔驰C级新能源,永磁/同步,95,129,440,无,无,250,340,600,单电机,前置,(标配)八年或12万公里,95,440,无,无,无,无,无
61685,奔驰EQS,永磁/同步,245,333,568,245,568,无,无,无,单电机,后置,(标配)十年或25万公里,无,无,无,无,无,无,无
61683,奔驰EQS,永磁/同步,245,333,568,245,568,无,无,无,单电机,后置,(标配)十年或25万公里,无,无,无,无,无,无,无
61684,奔驰EQS,永磁/同步,380,517,855,245,568,无,无,无,双电机,前置+后置,(标配)十年或25万公里,135,287,无,无,无,无,无
67883,奔驰G级新能源,永磁/同步,432,588,1164,216,无,无,无,无,四电机,前置+后置,无,216,无,无,无,无,无,无
68264,奔驰GLC新能源,永磁/同步,115,156,440,无,无,250,340,600,单电机,前置,(标配)八年或12万公里,115,440,EM0017,无,无,无,无
71117,奔驰S级AMG新能源,永磁/同步,140,190,320,140,320,590,802,1430,单电机,后置,无,无,无,无,EMA001,无,无,无
67865,奔驰S级AMG新能源,永磁/同步,140,190,320,140,320,590,802,1430,单电机,后置,无,无,无,无,EMA001,无,无,无
65986,奔驰S级新能源,永磁/同步,110,150,440,无,无,无,300,无,单电机,待查,无,无,无,无,无,无,无,无
71822,奔驰S级新能源,永磁/同步,110,150,440,无,无,无,300,无,单电机,待查,无,无,无,无,无,无,无,无
68011,迈巴赫EQS SUV,无,470,638,950,300,无,无,无,无,双电机,前置+后置,无,170,无,EM0031,EM0028,无,无,无
68012,迈巴赫EQS SUV,无,470,638,950,300,无,无,无,无,双电机,前置+后置,无,170,无,EM0031,EM0028,无,无,无
67866,奔驰C级AMG新能源,无,150,204,320,150,320,500,680,1020,单电机,后置,无,无,无,无,无,无,无,无
71311,AMG GT新能源,永磁/同步,150,204,320,无,无,600,816,1420,单电机,后置,无,无,无,无,无,无,无,无
61518,迈巴赫S级新能源,永磁/同步,110,150,440,无,无,375,510,750,单电机,无,无,无,无,无,无,无,无,无
61039,奔驰EQS SUV,永磁/同步,265,360,568,265,无,无,无,无,单电机,后置,(标配)十年或25万公里,无,无,无,无,无,无,无
61040,奔驰EQS SUV,永磁/同步,265,360,800,178,无,无,无,无,双电机,前置+后置,(标配)十年或25万公里,88,无,无,无,无,无,无
61041,奔驰EQS SUV,永磁/同步,265,360,800,178,无,无,无,无,双电机,前置+后置,(标配)十年或25万公里,88,无,无,无,无,无,无
69663,奔驰EQE SUV AMG,永磁/同步,460,626,955,295,无,无,无,无,双电机,前置+后置,无,165,无,EM0031,EM0028,无,无,无
62689,奔驰EQE AMG,无,460,626,无,295,无,无,无,无,双电机,前置+后置,无,165,无,无,无,无,无,无
61343,奔驰EQS AMG,永磁/同步,470,639,无,300,无,无,无,无,双电机,前置+后置,(标配)十年或25万公里,170,无,无,无,无,无,无
60653,奔驰GLE轿跑新能源,无,100,136,440,100,440,245,333,700,单电机,后置,(标配)八年或12万公里,无,无,无,无,无,无,无
68372,宝马i3,励磁/同步,210,286,400,210,400,无,无,无,单电机,后置,无,无,无,无,无,无,无,无
68371,宝马i3,励磁/同步,250,340,430,250,430,无,无,无,单电机,后置,无,无,无,无,无,无,无,无
68373,宝马i3,励磁/同步,250,340,430,250,430,无,无,无,单电机,后置,无,无,无,无,无,无,无,无
66608,宝马iX3,励磁/同步,210,286,400,210,400,无,无,无,单电机,后置,无,无,无,无,无,无,无,无
66549,宝马iX3,励磁/同步,210,286,400,210,400,无,无,无,单电机,后置,无,无,无,无,无,无,无,无
71929,宝马i5,励磁/同步,200,272,410,200,410,无,无,无,单电机,后置,无,无,无,无,HA0001N0,无,采埃孚电驱动科技,无
65490,宝马i5,励磁/同步,200,272,410,200,410,无,无,无,单电机,后置,无,无,无,无,HA0001N0,无,采埃孚电驱动科技,无
69425,宝马i5,励磁/同步,240,326,410,240,410,无,无,无,单电机,后置,无,无,无,无,HA0001N0,无,采埃孚电驱动科技,无
66249,宝马i5,励磁/同步,240,326,410,240,410,无,无,无,单电机,后置,无,无,无,无,HA0001N0,无,采埃孚电驱动科技,无
69426,宝马i5,励磁/同步,385,524,775,240,410,无,无,无,双电机,前置+后置,无,145,365,HA0002N0,HA0001N0,BMW AG,采埃孚电驱动科技,无
66503,宝马i5,励磁/同步,385,524,775,240,410,无,无,无,双电机,前置+后置,无,145,365,HA0002N0,HA0001N0,BMW AG,采埃孚电驱动科技,无
64091,宝马i5,励磁/同步,210,286,410,210,410,无,无,无,单电机,后置,无,无,无,无,HA0001N0,无,采埃孚电驱动科技,无
66521,宝马i5,励磁/同步,210,286,410,210,410,无,无,无,单电机,后置,无,无,无,无,HA0001N0,无,采埃孚电驱动科技,无
66262,宝马i5,励磁/同步,210,286,410,210,410,无,无,无,单电机,后置,无,无,无,无,HA0001N0,无,采埃孚电驱动科技,无
71928,宝马i5,励磁/同步,210,286,410,210,410,无,无,无,单电机,后置,无,无,无,无,HA0001N0,无,采埃孚电驱动科技,无
62550,宝马iX1,励磁/同步,150,204,250,无,无,无,无,无,单电机,前置,无,150,250,HB0003N0,无,采埃孚电驱动科技,无,无
64433,宝马iX1,励磁/同步,150,204,250,无,无,无,无,无,单电机,前置,无,150,250,HB0003N0,无,采埃孚电驱动科技,无,无
64434,宝马iX1,励磁/同步,230,313,494,无,无,无,无,无,双电机,前置+后置,无,无,无,无,无,无,无,无
64455,宝马iX1,励磁/同步,230,313,494,无,无,无,无,无,双电机,前置+后置,无,无,无,无,无,无,无,无
63899,宝马iX,无,240,326,630,无,无,无,无,无,双电机,前置+后置,无,无,无,无,无,无,无,无
63896,宝马iX,无,385,524,765,无,无,无,无,无,双电机,前置+后置,无,无,无,无,无,无,无,无
62587,宝马M760Le,永磁/同步,145,197,280,无,无,420,571,800,单电机,前置,无,145,280,无,无,无,无,无
62417,宝马i7,无,335,456,650,335,650,无,无,无,单电机,后置,无,无,无,无,无,无,无,无
62416,宝马i7,无,335,456,650,335,650,无,无,无,单电机,后置,无,无,无,无,无,无,无,无
56703,宝马i7,无,335,456,650,335,650,无,无,无,单电机,后置,无,无,无,无,无,无,无,无
62415,宝马i7,无,335,456,650,335,650,无,无,无,单电机,后置,无,无,无,无,无,无,无,无
60892,宝马i7,无,400,544,745,230,380,无,无,无,双电机,前置+后置,无,190,365,无,无,无,无,无
62414,宝马i7,无,400,544,745,230,380,无,无,无,双电机,前置+后置,无,190,365,无,无,无,无,无
57156,宝马XM,永磁/同步,145,197,280,无,无,350,476,700,单电机,无,无,无,无,无,无,无,无,无
62420,宝马XM,永磁/同步,145,197,280,无,无,480,653,800,单电机,无,无,无,无,无,无,无,无,无
62467,宝马XM,永磁/同步,145,197,280,无,无,550,748,1000,单电机,无,无,无,无,无,无,无,无,无
68817,宝马i4,励磁/同步,210,286,400,210,400,无,无,无,单电机,后置,无,无,无,无,无,无,无,无
61699,宝马i4,励磁/同步,250,340,430,250,430,无,无,无,单电机,后置,无,无,无,无,无,无,无,无
68076,宝马i4,无,210,286,400,210,400,无,无,无,单电机,后置,无,无,无,无,无,无,无,无
70764,宝马i4,无,250,340,430,250,430,无,无,无,单电机,后置,无,无,无,无,无,无,无,无
68878,宝马M5新能源,永磁/同步,155,211,无,无,无,535,727,1000,单电机,无,无,155,无,PB0002N0,无,无,无,无
63217,宝马i5 M60,励磁/同步,442,601,795,250,无,无,无,无,双电机,前置+后置,无,192,无,HA0002N0,HA0003N0,无,无,无
63897,宝马iX M60,无,455,619,1100,无,无,无,无,无,双电机,前置+后置,无,无,无,无,无,无,无,无
66922,宝马i4 M50,无,400,544,795,无,无,无,无,无,双电机,前置+后置,无,无,无,无,无,无,无,无
62588,宝马i7 M70L,励磁/同步,545,741,1100,355,无,无,无,无,双电机,前置+后置,无,190,无,无,无,无,无,无
66500,秦L,永磁/同步,120,163,210,无,无,无,无,无,单电机,前置,无,120,210,TZ210XYB,无,比亚迪,无,(标配)终身质保/非营运（责任免除条款以官方为准）
71472,秦L,永磁/同步,120,163,210,无,无,无,无,无,单电机,前置,无,120,210,TZ210XYB,无,比亚迪,无,(标配)终身质保/非营运（责任免除条款以官方为准）
71455,秦L,永磁/同步,160,218,260,无,无,无,无,无,单电机,前置,无,160,260,TZ210XYC,无,比亚迪,无,(标配)终身质保/非营运（责任免除条款以官方为准）
72526,秦L,永磁/同步,160,218,260,无,无,无,无,无,单电机,前置,无,160,260,TZ210XYC,无,比亚迪,无,(标配)终身质保/非营运（责任免除条款以官方为准）
66646,秦L,永磁/同步,160,218,260,无,无,无,无,无,单电机,前置,无,160,260,TZ210XYC,无,比亚迪,无,(标配)终身质保/非营运（责任免除条款以官方为准）
71490,秦L,永磁/同步,160,218,260,无,无,无,无,无,单电机,前置,无,160,260,TZ210XYC,无,比亚迪,无,(标配)终身质保/非营运（责任免除条款以官方为准）
70666,秦L,永磁/同步,110,150,220,110,220,无,无,无,单电机,后置,无,无,无,无,TZ180XSR,无,比亚迪,(标配)终身质保/非营运（责任免除条款以官方为准）
71471,秦L,永磁/同步,160,218,330,160,330,无,无,无,单电机,后置,无,无,无,无,TZ200XSBE,无,比亚迪,(标配)终身质保/非营运（责任免除条款以官方为准）
68231,秦L,永磁/同步,160,218,330,160,330,无,无,无,单电机,后置,无,无,无,无,TZ200XSBE,无,比亚迪,(标配)终身质保/非营运（责任免除条款以官方为准）
72107,秦L,永磁/同步,120,163,210,无,无,无,无,无,单电机,前置,无,120,210,TZ210XYB,无,比亚迪,无,(标配)终身质保/非营运（责任免除条款以官方为准）
67873,秦L,永磁/同步,120,163,210,无,无,无,无,无,单电机,前置,无,120,210,TZ210XYB,无,比亚迪,无,(标配)终身质保/非营运（责任免除条款以官方为准）
71678,秦L,永磁/同步,160,218,260,无,无,无,无,无,单电机,前置,无,160,260,TZ210XYC,无,比亚迪,无,(标配)终身质保/非营运（责任免除条款以官方为准）
66645,秦L,永磁/同步,160,218,260,无,无,无,无,无,单电机,前置,无,160,260,TZ210XYC,无,比亚迪,无,(标配)终身质保/非营运（责任免除条款以官方为准）
71532,秦L,永磁/同步,160,218,260,无,无,无,无,无,单电机,前置,无,160,260,TZ210XYC,无,比亚迪,无,(标配)终身质保/非营运（责任免除条款以官方为准）
66750,秦PLUS,永磁/同步,120,163,210,无,无,无,无,无,单电机,前置,无,120,210,TZ210XYB,无,比亚迪,无,(标配)终身质保/非营运（责任免除条款以官方为准）
72524,秦PLUS,永磁/同步,120,163,210,无,无,无,无,无,单电机,前置,无,120,210,TZ210XYB,无,比亚迪,无,(标配)终身质保/非营运（责任免除条款以官方为准）
66746,秦PLUS,永磁/同步,120,163,210,无,无,无,无,无,单电机,前置,无,120,210,TZ210XYB,无,比亚迪,无,(标配)终身质保/非营运（责任免除条款以官方为准）
66751,秦PLUS,永磁/同步,100,136,180,无,无,无,无,无,单电机,前置,无,100,180,TZ180XSJ,无,比亚迪,无,(标配)终身质保/非营运（责任免除条款以官方为准）
66747,秦PLUS,永磁/同步,100,136,180,无,无,无,无,无,单电机,前置,无,100,180,TZ180XSJ,无,比亚迪,无,(标配)终身质保/非营运（责任免除条款以官方为准）
65656,秦PLUS,永磁/同步,100,136,180,无,无,无,无,无,单电机,前置,无,100,180,TZ180XSJ,无,比亚迪,无,(标配)终身质保/非营运（责任免除条款以官方为准）
71504,秦PLUS,永磁/同步,100,136,180,无,无,无,无,无,单电机,前置,无,100,180,TZ180XSJ,无,比亚迪,无,(标配)终身质保/非营运（责任免除条款以官方为准）
71686,秦PLUS,永磁/同步,100,136,180,无,无,无,无,无,单电机,前置,无,100,180,无,无,无,无,无
67266,秦PLUS,永磁/同步,100,136,180,无,无,无,无,无,单电机,前置,无,100,180,无,无,无,无,无
72442,秦PLUS,永磁/同步,132,180,316,无,无,无,无,无,单电机,前置,无,132,316,无,无,无,无,(标配)终身质保/非营运（责任免除条款以官方为准）
63012,秦PLUS,永磁/同步,132,180,316,无,无,无,无,无,单电机,前置,无,132,316,无,无,无,无,(标配)终身质保/非营运（责任免除条款以官方为准）
71689,秦PLUS,永磁/同步,145,197,325,无,无,无,无,无,单电机,前置,无,145,325,无,无,无,无,(标配)终身质保/非营运（责任免除条款以官方为准）
66745,秦PLUS,永磁/同步,145,197,325,无,无,无,无,无,单电机,前置,无,145,325,无,无,无,无,(标配)终身质保/非营运（责任免除条款以官方为准）
66743,秦PLUS,永磁/同步,145,197,325,无,无,无,无,无,单电机,前置,无,145,325,无,无,无,无,(标配)终身质保/非营运（责任免除条款以官方为准）
51966,秦PLUS,永磁/同步,145,197,325,无,无,无,无,无,单电机,前置,无,145,325,无,无,无,无,无
71688,秦PLUS,永磁/同步,100,136,180,无,无,无,无,无,单电机,前置,无,100,180,无,无,无,无,(标配)终身质保/非营运（责任免除条款以官方为准）
66744,秦PLUS,永磁/同步,100,136,180,无,无,无,无,无,单电机,前置,无,100,180,无,无,无,无,(标配)终身质保/非营运（责任免除条款以官方为准）
66748,秦PLUS,永磁/同步,100,136,180,无,无,无,无,无,单电机,前置,无,100,180,无,无,无,无,(标配)终身质保/非营运（责任免除条款以官方为准）
66733,秦PLUS,永磁/同步,100,136,180,无,无,无,无,无,单电机,前置,无,100,180,无,无,无,无,(标配)终身质保/非营运（责任免除条款以官方为准）
71685,秦PLUS,永磁/同步,100,136,180,无,无,无,无,无,单电机,前置,无,100,180,无,无,无,无,(标配)终身质保/非营运（责任免除条款以官方为准）
66749,秦PLUS,永磁/同步,100,136,180,无,无,无,无,无,单电机,前置,(标配)六年或60万公里,100,180,无,无,无,无,无
72103,秦PLUS,永磁/同步,100,136,180,无,无,无,无,无,单电机,前置,(标配)六年或60万公里,100,180,无,无,无,无,无
71687,秦PLUS,永磁/同步,100,136,180,无,无,无,无,无,单电机,前置,(标配)六年或60万公里,100,180,无,无,无,无,无
69070,海鸥,永磁/同步,55,75,135,无,无,无,无,无,单电机,前置,(标配)六年或15万公里,55,135,TZ180XSH,无,比亚迪,无,(标配)终身质保/非营运（责任免除条款以官方为准）
69068,海鸥,永磁/同步,55,75,135,无,无,无,无,无,单电机,前置,(标配)六年或15万公里,55,135,TZ180XSH,无,比亚迪,无,(标配)终身质保/非营运（责任免除条款以官方为准）
71691,海鸥,永磁/同步,55,75,135,无,无,无,无,无,单电机,前置,(标配)六年或15万公里,55,135,TZ180XSH,无,比亚迪,无,(标配)终身质保/非营运（责任免除条款以官方为准）
71065,海鸥,永磁/同步,55,75,135,无,无,无,无,无,单电机,前置,(标配)六年或15万公里,55,135,TZ180XSH,无,比亚迪,无,(标配)终身质保/非营运（责任免除条款以官方为准）
69069,海鸥,永磁/同步,55,75,135,无,无,无,无,无,单电机,前置,(标配)六年或15万公里,55,135,TZ180XSH,无,比亚迪,无,(标配)终身质保/非营运（责任免除条款以官方为准）
71690,海鸥,永磁/同步,55,75,135,无,无,无,无,无,单电机,前置,(标配)六年或15万公里,55,135,TZ180XSH,无,比亚迪,无,(标配)终身质保/非营运（责任免除条款以官方为准）
71292,汉L,永磁/同步,500,680,420,500,420,无,无,无,单电机,后置,无,无,无,无,TZ210XYR,无,比亚迪,(标配)终身质保/非营运（责任免除条款以官方为准）
71392,汉L,永磁/同步,500,680,420,500,420,无,无,无,单电机,后置,无,无,无,无,TZ210XYR,无,比亚迪,(标配)终身质保/非营运（责任免除条款以官方为准）
72523,汉L,前交流/异步 后永磁/同步,810,1102,860,580,450,无,无,无,双电机,前置+后置,无,230,410,YS230XYD,TZ210XYW,比亚迪,比亚迪,(标配)终身质保/非营运（责任免除条款以官方为准）
71393,汉L,永磁/同步,200,272,315,无,无,无,无,无,单电机,前置,无,200,315,TZ210XYD,无,比亚迪,无,(标配)终身质保/非营运（责任免除条款以官方为准）
71435,汉L,永磁/同步,200,272,315,无,无,无,无,无,单电机,前置,无,200,315,TZ210XYD,无,比亚迪,无,(标配)终身质保/非营运（责任免除条款以官方为准）
72209,汉L,永磁/同步,400,544,670,200,355,无,无,无,双电机,前置+后置,无,200,315,TZ210XYD,TZ210XS004,比亚迪,博格华纳,(标配)终身质保/非营运（责任免除条款以官方为准）
71703,汉,永磁/同步,168,228,350,无,无,无,无,无,单电机,前置,无,168,350,TZ200XSAB,无,比亚迪,无,(标配)终身质保/非营运（责任免除条款以官方为准）
69813,汉,永磁/同步,168,228,350,无,无,无,无,无,单电机,前置,无,168,350,TZ200XSAB,无,比亚迪,无,(标配)终身质保/非营运（责任免除条款以官方为准）
71707,汉,永磁/同步,168,228,350,无,无,无,无,无,单电机,前置,无,168,350,TZ200XSAB,无,比亚迪,无,(标配)终身质保/非营运（责任免除条款以官方为准）
72515,汉,永磁/同步,180,245,350,无,无,无,无,无,单电机,前置,无,180,350,TZ200XSU,无,比亚迪,无,(标配)终身质保/非营运（责任免除条款以官方为准）
71706,汉,永磁/同步,180,245,350,无,无,无,无,无,单电机,前置,无,180,350,TZ200XSU,无,比亚迪,无,(标配)终身质保/非营运（责任免除条款以官方为准）
66906,汉,永磁/同步,180,245,350,无,无,无,无,无,单电机,前置,无,180,350,TZ200XSU,无,比亚迪,无,(标配)终身质保/非营运（责任免除条款以官方为准）
71591,汉,永磁/同步,180,245,350,无,无,无,无,无,单电机,前置,无,180,350,TZ200XSU,无,比亚迪,无,(标配)终身质保/非营运（责任免除条款以官方为准）
71534,汉,永磁/同步,180,245,350,无,无,无,无,无,单电机,前置,无,180,350,TZ200XSU,无,比亚迪,无,(标配)终身质保/非营运（责任免除条款以官方为准）
45619,汉,永磁/同步,200,272,315,无,无,无,无,无,单电机,前置,无,200,315,TZ210XYD,无,比亚迪,无,(标配)终身质保/非营运（责任免除条款以官方为准）
72514,汉,永磁/同步,200,272,315,无,无,无,无,无,单电机,前置,无,200,315,TZ210XYD,无,比亚迪,无,(标配)终身质保/非营运（责任免除条款以官方为准）
71705,汉,永磁/同步,200,272,315,无,无,无,无,无,单电机,前置,无,200,315,TZ210XYD,无,比亚迪,无,(标配)终身质保/非营运（责任免除条款以官方为准）
69817,汉,永磁/同步,200,272,315,无,无,无,无,无,单电机,前置,无,200,315,TZ210XYD,无,比亚迪,无,(标配)终身质保/非营运（责任免除条款以官方为准）
69816,汉,永磁/同步,200,272,315,无,无,无,无,无,单电机,前置,无,200,315,TZ210XYD,无,比亚迪,无,(标配)终身质保/非营运（责任免除条款以官方为准）
69814,汉,永磁/同步,200,272,315,无,无,无,无,无,单电机,前置,无,200,315,TZ210XYD,无,比亚迪,无,(标配)终身质保/非营运（责任免除条款以官方为准）
69815,汉,永磁/同步,200,272,315,无,无,无,无,无,单电机,前置,无,200,315,TZ210XYD,无,比亚迪,无,(标配)终身质保/非营运（责任免除条款以官方为准）
71704,汉,永磁/同步,200,272,315,无,无,无,无,无,单电机,前置,无,200,315,TZ210XYD,无,比亚迪,无,(标配)终身质保/非营运（责任免除条款以官方为准）
71533,汉,永磁/同步,200,272,315,无,无,无,无,无,单电机,前置,无,200,315,TZ210XYD,无,比亚迪,无,(标配)终身质保/非营运（责任免除条款以官方为准）
71535,汉,永磁/同步,200,272,315,无,无,无,无,无,单电机,前置,无,200,315,TZ210XYD,无,比亚迪,无,(标配)终身质保/非营运（责任免除条款以官方为准）
52453,汉,永磁/同步,200,272,315,无,无,无,无,无,单电机,前置,无,200,315,TZ210XYD,无,比亚迪,无,(标配)终身质保/非营运（责任免除条款以官方为准）
66774,汉,永磁/同步,150,204,310,无,无,无,无,无,单电机,前置,无,150,310,TZ200XSQ,无,比亚迪,无,(标配)终身质保/非营运（责任免除条款以官方为准）
66909,汉,永磁/同步,150,204,310,无,无,无,无,无,单电机,前置,无,150,310,TZ200XSQ,无,比亚迪,无,(标配)终身质保/非营运（责任免除条款以官方为准）
66905,汉,永磁/同步,145,197,316,无,无,无,无,无,单电机,前置,(标配)首任车主不限年限/里程（责任免除条款以官方为准）,145,316,TZ220XYG,无,比亚迪,无,无
71623,汉,永磁/同步,145,197,316,无,无,无,无,无,单电机,前置,(标配)首任车主不限年限/里程（责任免除条款以官方为准）,145,316,TZ220XYG,无,比亚迪,无,无
66903,汉,永磁/同步,145,197,316,无,无,无,无,无,单电机,前置,(标配)首任车主不限年限/里程（责任免除条款以官方为准）,145,316,TZ220XYG,无,比亚迪,无,无
67270,汉,永磁/同步,145,197,316,无,无,无,无,无,单电机,前置,(标配)首任车主不限年限/里程（责任免除条款以官方为准）,145,316,TZ220XYG,无,比亚迪,无,无
69143,汉,永磁/同步,160,218,325,无,无,无,无,无,单电机,前置,(标配)首任车主不限年限/里程（责任免除条款以官方为准）,160,325,TZ220XYH,无,比亚迪,无,无
66773,汉,永磁/同步,360,490,675,200,350,无,无,无,双电机,前置+后置,(标配)首任车主不限年限/里程（责任免除条款以官方为准）,160,325,TZ220XYH,TZ200XSE,比亚迪,比亚迪,无
66902,汉,永磁/同步,145,197,316,无,无,无,无,无,单电机,前置,无,145,316,TZ220XYG,无,比亚迪,无,无
69802,汉,永磁/同步,150,204,310,无,无,150,204,310,单电机,前置,(标配)首任车主不限年限/里程（责任免除条款以官方为准）,150,310,TZ200XSQ,无,比亚迪,无,无
69142,汉,永磁/同步,168,228,350,无,无,168,228,350,单电机,前置,(标配)首任车主不限年限/里程（责任免除条款以官方为准）,168,350,TZ200XSAB,无,比亚迪,无,无
69144,汉,永磁/同步,180,245,350,无,无,180,245,350,单电机,前置,(标配)首任车主不限年限/里程（责任免除条款以官方为准）,180,350,TZ200XSU,无,比亚迪,无,无
66753,汉,永磁/同步,380,517,700,200,350,380,517,700,双电机,前置+后置,(标配)首任车主不限年限/里程（责任免除条款以官方为准）,180,350,TZ200XSU,TZ200XSE,比亚迪,比亚迪,无
66907,汉,永磁/同步,163,222,330,无,无,无,无,无,单电机,前置,(标配)首任车主不限年限/里程（责任免除条款以官方为准）,163,330,无,无,无,无,无
66908,汉,永磁/同步,163,222,330,无,无,无,无,无,单电机,前置,(标配)首任车主不限年限/里程（责任免除条款以官方为准）,163,330,无,无,无,无,无
69209,宋PLUS新能源,永磁/同步,160,218,260,无,无,无,无,无,单电机,前置,无,160,260,TZ210XYC,无,比亚迪,无,(标配)终身质保/非营运（责任免除条款以官方为准）
69254,宋PLUS新能源,永磁/同步,160,218,260,无,无,无,无,无,单电机,前置,无,160,260,TZ210XYC,无,比亚迪,无,(标配)终身质保/非营运（责任免除条款以官方为准）
71524,宋PLUS新能源,永磁/同步,160,218,260,无,无,无,无,无,单电机,前置,无,160,260,TZ210XYC,无,比亚迪,无,(标配)终身质保/非营运（责任免除条款以官方为准）
69253,宋PLUS新能源,永磁/同步,160,218,260,无,无,无,无,无,单电机,前置,无,160,260,TZ210XYC,无,比亚迪,无,(标配)终身质保/非营运（责任免除条款以官方为准）
71657,宋PLUS新能源,永磁/同步,160,218,260,无,无,无,无,无,单电机,前置,无,160,260,TZ210XYC,无,比亚迪,无,(标配)终身质保/非营运（责任免除条款以官方为准）
71656,宋PLUS新能源,永磁/同步,150,204,310,无,无,无,无,无,单电机,前置,无,150,310,TZ200XSQ,无,比亚迪,无,(标配)终身质保/非营运（责任免除条款以官方为准）
69513,宋PLUS新能源,永磁/同步,150,204,310,无,无,无,无,无,单电机,前置,无,150,310,TZ200XSQ,无,比亚迪,无,(标配)终身质保/非营运（责任免除条款以官方为准）
69210,宋PLUS新能源,永磁/同步,160,218,330,无,无,无,无,无,单电机,前置,无,160,330,TZ200XYM,无,比亚迪,无,(标配)终身质保/非营运（责任免除条款以官方为准）
69252,宋PLUS新能源,永磁/同步,160,218,260,无,无,无,无,无,单电机,前置,无,160,260,TZ210XYC,无,比亚迪,无,(标配)终身质保/非营运（责任免除条款以官方为准）
71481,宋PLUS新能源,永磁/同步,160,218,260,无,无,无,无,无,单电机,前置,无,160,260,TZ210XYC,无,比亚迪,无,(标配)终身质保/非营运（责任免除条款以官方为准）
71470,宋PLUS新能源,永磁/同步,160,218,260,无,无,无,无,无,单电机,前置,无,160,260,TZ210XYC,无,比亚迪,无,(标配)终身质保/非营运（责任免除条款以官方为准）
71520,宋PLUS新能源,永磁/同步,160,218,260,无,无,无,无,无,单电机,前置,无,160,260,TZ210XYC,无,比亚迪,无,(标配)终身质保/非营运（责任免除条款以官方为准）
69514,宋PLUS新能源,永磁/同步,160,218,260,无,无,无,无,无,单电机,前置,无,160,260,TZ210XYC,无,比亚迪,无,(标配)终身质保/非营运（责任免除条款以官方为准）
72520,宋PLUS新能源,永磁/同步,150,204,310,无,无,无,无,无,单电机,前置,无,150,310,TZ200XSQ,无,比亚迪,无,(标配)终身质保/非营运（责任免除条款以官方为准）
71525,宋PLUS新能源,永磁/同步,150,204,310,无,无,无,无,无,单电机,前置,无,150,310,TZ200XSQ,无,比亚迪,无,(标配)终身质保/非营运（责任免除条款以官方为准）
69512,宋PLUS新能源,永磁/同步,160,218,330,无,无,无,无,无,单电机,前置,无,160,330,TZ200XYM,无,比亚迪,无,(标配)终身质保/非营运（责任免除条款以官方为准）
71480,宋PLUS新能源,永磁/同步,150,204,310,无,无,无,无,无,单电机,前置,无,150,310,TZ200XSQ,无,比亚迪,无,(标配)终身质保/非营运（责任免除条款以官方为准）
72208,唐L,永磁/同步,200,272,315,无,无,无,无,无,单电机,前置,无,200,315,TZ210XYD,无,比亚迪,无,(标配)终身质保/非营运（责任免除条款以官方为准）
72468,唐L,永磁/同步,400,544,670,200,355,无,无,无,双电机,前置+后置,无,200,315,TZ210XYD,TZ210XS004,比亚迪,博格华纳,(标配)终身质保/非营运（责任免除条款以官方为准）
71390,唐L,永磁/同步,400,544,670,200,355,无,无,无,双电机,前置+后置,无,200,315,TZ210XYD,TZ200XSAE,比亚迪,比亚迪,(标配)终身质保/非营运（责任免除条款以官方为准）
71391,唐L,永磁/同步,500,680,420,500,420,无,无,无,单电机,后置,无,无,无,无,TZ210XYR,无,比亚迪,(标配)终身质保/非营运（责任免除条款以官方为准）
71291,唐L,永磁/同步,500,680,420,500,420,无,无,无,单电机,后置,无,无,无,无,TZ210XYR,无,比亚迪,(标配)终身质保/非营运（责任免除条款以官方为准）
71389,唐L,前交流/异步 后永磁/同步,810,1102,860,580,450,无,无,无,双电机,前置+后置,无,230,410,YS230XYD,TZ210XYW,弗迪,比亚迪,(标配)终身质保/非营运（责任免除条款以官方为准）
70346,夏,永磁/同步,200,272,315,无,无,无,无,无,单电机,前置,无,200,315,TZ210XYD,无,比亚迪,无,(标配)终身质保/非营运（责任免除条款以官方为准）
72517,夏,永磁/同步,200,272,315,无,无,无,无,无,单电机,前置,无,200,315,TZ210XYD,无,比亚迪,无,(标配)终身质保/非营运（责任免除条款以官方为准）
71228,夏,永磁/同步,200,272,315,无,无,无,无,无,单电机,前置,无,200,315,TZ210XYD,无,比亚迪,无,(标配)终身质保/非营运（责任免除条款以官方为准）
69726,夏,永磁/同步,200,272,315,无,无,无,无,无,单电机,前置,无,200,315,TZ210XYD,无,比亚迪,无,(标配)终身质保/非营运（责任免除条款以官方为准）
71227,夏,永磁/同步,200,272,315,无,无,无,无,无,单电机,前置,无,200,315,TZ210XYD,无,比亚迪,无,(标配)终身质保/非营运（责任免除条款以官方为准）
71489,海豹06新能源,永磁/同步,120,163,210,无,无,无,无,无,单电机,前置,无,120,210,TZ210XYB,无,比亚迪,无,(标配)终身质保/非营运（责任免除条款以官方为准）
66640,海豹06新能源,永磁/同步,120,163,210,无,无,无,无,无,单电机,前置,无,120,210,TZ210XYB,无,比亚迪,无,(标配)终身质保/非营运（责任免除条款以官方为准）
66680,海豹06新能源,永磁/同步,160,218,260,无,无,无,无,无,单电机,前置,无,160,260,TZ210XYC,无,比亚迪,无,(标配)终身质保/非营运（责任免除条款以官方为准）
68514,海豹06新能源,永磁/同步,160,218,260,无,无,无,无,无,单电机,前置,无,160,260,TZ210XYC,无,比亚迪,无,(标配)终身质保/非营运（责任免除条款以官方为准）
71468,海豹06新能源,永磁/同步,160,218,260,无,无,无,无,无,单电机,前置,无,160,260,TZ210XYC,无,比亚迪,无,(标配)终身质保/非营运（责任免除条款以官方为准）
71469,海豹06新能源,永磁/同步,120,163,210,无,无,无,无,无,单电机,前置,无,120,210,TZ210XYB,无,比亚迪,无,(标配)终身质保/非营运（责任免除条款以官方为准）
71467,海豹06新能源,永磁/同步,120,163,210,无,无,无,无,无,单电机,前置,无,120,210,TZ210XYB,无,比亚迪,无,(标配)终身质保/非营运（责任免除条款以官方为准）
68516,海豹06新能源,永磁/同步,160,218,260,无,无,无,无,无,单电机,前置,无,160,260,TZ210XYC,无,比亚迪,无,(标配)终身质保/非营运（责任免除条款以官方为准）
71675,海豹06新能源,永磁/同步,160,218,260,无,无,无,无,无,单电机,前置,无,160,260,TZ210XYC,无,比亚迪,无,(标配)终身质保/非营运（责任免除条款以官方为准）
68515,海豹06新能源,永磁/同步,160,218,260,无,无,无,无,无,单电机,前置,无,160,260,TZ210XYC,无,比亚迪,无,(标配)终身质保/非营运（责任免除条款以官方为准）
71700,唐新能源,永磁/同步,200,272,315,无,无,无,无,无,单电机,前置,无,200,315,TZ210XYD,无,比亚迪,无,(标配)终身质保/非营运（责任免除条款以官方为准）
67875,唐新能源,永磁/同步,200,272,315,无,无,无,无,无,单电机,前置,无,200,315,TZ210XYD,无,比亚迪,无,(标配)终身质保/非营运（责任免除条款以官方为准）
67874,唐新能源,永磁/同步,200,272,315,无,无,无,无,无,单电机,前置,无,200,315,TZ210XYD,无,比亚迪,无,(标配)终身质保/非营运（责任免除条款以官方为准）
67879,唐新能源,永磁/同步,200,272,315,无,无,无,无,无,单电机,前置,无,200,315,TZ210XYD,无,比亚迪,无,(标配)终身质保/非营运（责任免除条款以官方为准）
71699,唐新能源,永磁/同步,200,272,315,无,无,无,无,无,单电机,前置,无,200,315,TZ210XYD,无,比亚迪,无,(标配)终身质保/非营运（责任免除条款以官方为准）
67877,唐新能源,永磁/同步,200,272,315,无,无,无,无,无,单电机,前置,无,200,315,TZ210XYD,无,比亚迪,无,(标配)终身质保/非营运（责任免除条款以官方为准）
66835,唐新能源,永磁/同步,200,272,315,无,无,无,无,无,单电机,前置,无,200,315,TZ210XYD,无,比亚迪,无,(标配)终身质保/非营运（责任免除条款以官方为准）
67878,唐新能源,永磁/同步,200,272,315,无,无,无,无,无,单电机,前置,无,200,315,TZ210XYD,无,比亚迪,无,(标配)终身质保/非营运（责任免除条款以官方为准）
66858,唐新能源,永磁/同步,168,228,350,无,无,无,无,无,单电机,前置,无,168,350,无,无,无,无,(标配)终身质保/非营运（责任免除条款以官方为准）
70476,唐新能源,永磁/同步,180,245,350,无,无,无,无,无,单电机,前置,无,180,350,无,无,无,无,(标配)终身质保/非营运（责任免除条款以官方为准）
66857,唐新能源,永磁/同步,380,517,700,200,350,无,无,无,双电机,前置+后置,无,180,350,无,无,无,无,(标配)终身质保/非营运（责任免除条款以官方为准）
71701,唐新能源,永磁/同步,360,489,675,200,350,452,615,无,双电机,前置+后置,无,160,325,TZ220XYH,TZ220XSE,比亚迪,比亚迪,(标配)终身质保/非营运（责任免除条款以官方为准）
67876,唐新能源,永磁/同步,360,489,675,200,350,452,615,无,双电机,前置+后置,无,160,325,TZ220XYH,TZ220XSE,比亚迪,比亚迪,(标配)终身质保/非营运（责任免除条款以官方为准）
70475,唐新能源,永磁/同步,360,489,675,200,350,452,615,无,双电机,前置+后置,无,160,325,TZ220XYH,TZ220XSE,比亚迪,比亚迪,(标配)终身质保/非营运（责任免除条款以官方为准）
71702,唐新能源,永磁/同步,160,218,325,无,无,无,无,无,单电机,前置,无,160,325,TZ220XYH,无,比亚迪,无,(标配)终身质保/非营运（责任免除条款以官方为准）
70416,唐新能源,永磁/同步,160,218,325,无,无,无,无,无,单电机,前置,无,160,325,TZ220XYH,无,比亚迪,无,(标配)终身质保/非营运（责任免除条款以官方为准）
70454,唐新能源,永磁/同步,160,218,325,无,无,无,无,无,单电机,前置,无,160,325,TZ220XYH,无,比亚迪,无,(标配)终身质保/非营运（责任免除条款以官方为准）
66775,唐新能源,永磁/同步,160,218,325,无,无,无,无,无,单电机,前置,无,160,325,TZ220XYH,无,比亚迪,无,(标配)终身质保/非营运（责任免除条款以官方为准）
71682,宋Pro新能源,永磁/同步,120,163,210,无,无,无,无,无,单电机,前置,无,120,210,TZ210XYB,无,比亚迪,无,(标配)终身质保/非营运（责任免除条款以官方为准）
70059,宋Pro新能源,永磁/同步,120,163,210,无,无,无,无,无,单电机,前置,无,120,210,TZ210XYB,无,比亚迪,无,(标配)终身质保/非营运（责任免除条款以官方为准）
69112,宋Pro新能源,永磁/同步,120,163,210,无,无,无,无,无,单电机,前置,无,120,210,TZ210XYB,无,比亚迪,无,(标配)终身质保/非营运（责任免除条款以官方为准）
71681,宋Pro新能源,永磁/同步,120,163,210,无,无,无,无,无,单电机,前置,无,120,210,TZ210XYB,无,比亚迪,无,(标配)终身质保/非营运（责任免除条款以官方为准）
66963,宋Pro新能源,永磁/同步,120,163,210,无,无,无,无,无,单电机,前置,无,120,210,TZ210XYB,无,比亚迪,无,(标配)终身质保/非营运（责任免除条款以官方为准）
69113,宋Pro新能源,永磁/同步,120,163,210,无,无,无,无,无,单电机,前置,无,120,210,TZ210XYB,无,比亚迪,无,(标配)终身质保/非营运（责任免除条款以官方为准）
71627,宋Pro新能源,永磁/同步,120,163,210,无,无,无,无,无,单电机,前置,无,120,210,TZ210XYB,无,比亚迪,无,(标配)终身质保/非营运（责任免除条款以官方为准）
66965,宋Pro新能源,永磁/同步,120,163,210,无,无,无,无,无,单电机,前置,无,120,210,TZ210XYB,无,比亚迪,无,(标配)终身质保/非营运（责任免除条款以官方为准）
71680,宋Pro新能源,永磁/同步,145,197,325,无,无,无,无,无,单电机,前置,无,145,325,TZ220XYE,无,比亚迪,无,(标配)终身质保/非营运（责任免除条款以官方为准）
66964,宋Pro新能源,永磁/同步,145,197,325,无,无,无,无,无,单电机,前置,无,145,325,TZ220XYE,无,比亚迪,无,(标配)终身质保/非营运（责任免除条款以官方为准）
66966,宋Pro新能源,永磁/同步,145,197,325,无,无,无,无,无,单电机,前置,无,145,325,TZ220XYE,无,比亚迪,无,(标配)终身质保/非营运（责任免除条款以官方为准）
70060,宋Pro新能源,永磁/同步,145,197,325,无,无,无,无,无,单电机,前置,无,145,325,TZ220XYE,无,比亚迪,无,(标配)终身质保/非营运（责任免除条款以官方为准）
66951,宋Pro新能源,永磁/同步,145,197,325,无,无,无,无,无,单电机,前置,无,145,325,TZ220XYE,无,比亚迪,无,(标配)终身质保/非营运（责任免除条款以官方为准）
72031,元PLUS,永磁/同步,150,204,310,无,无,无,无,无,单电机,前置,无,150,310,TZ200XSQ,无,比亚迪,无,(标配)终身质保/非营运（责任免除条款以官方为准）
71852,元PLUS,永磁/同步,150,204,310,无,无,无,无,无,单电机,前置,无,150,310,TZ200XSQ,无,比亚迪,无,(标配)终身质保/非营运（责任免除条款以官方为准）
71817,元PLUS,永磁/同步,150,204,310,无,无,无,无,无,单电机,前置,无,150,310,TZ200XSQ,无,比亚迪,无,(标配)终身质保/非营运（责任免除条款以官方为准）
66988,元PLUS,永磁/同步,150,204,310,无,无,无,无,无,单电机,前置,无,150,310,TZ200XSQ,无,比亚迪,无,(标配)终身质保/非营运（责任免除条款以官方为准）
71427,元PLUS,永磁/同步,150,204,310,无,无,无,无,无,单电机,前置,无,150,310,TZ200XSQ,无,比亚迪,无,(标配)终身质保/非营运（责任免除条款以官方为准）
71918,元PLUS,永磁/同步,150,204,310,无,无,无,无,无,单电机,前置,无,150,310,TZ200XSQ,无,比亚迪,无,(标配)终身质保/非营运（责任免除条款以官方为准）
66991,元PLUS,永磁/同步,150,204,310,无,无,无,无,无,单电机,前置,无,150,310,TZ200XSQ,无,比亚迪,无,(标配)终身质保/非营运（责任免除条款以官方为准）
66992,元PLUS,永磁/同步,150,204,310,无,无,无,无,无,单电机,前置,无,150,310,TZ200XSQ,无,比亚迪,无,(标配)终身质保/非营运（责任免除条款以官方为准）
66990,元PLUS,永磁/同步,150,204,310,无,无,无,无,无,单电机,前置,无,150,310,TZ200XSQ,无,比亚迪,无,(标配)终身质保/非营运（责任免除条款以官方为准）
66989,元PLUS,永磁/同步,150,204,310,无,无,无,无,无,单电机,前置,无,150,310,TZ200XSQ,无,比亚迪,无,(标配)终身质保/非营运（责任免除条款以官方为准）
71603,宋L DM-i,永磁/同步,160,218,260,无,无,无,无,无,单电机,前置,无,160,260,TZ210XYC,无,比亚迪,无,(标配)终身质保/非营运（责任免除条款以官方为准）
71502,宋L DM-i,永磁/同步,160,218,260,无,无,无,无,无,单电机,前置,无,160,260,TZ210XYC,无,比亚迪,无,(标配)终身质保/非营运（责任免除条款以官方为准）
69065,宋L DM-i,永磁/同步,160,218,260,无,无,无,无,无,单电机,前置,无,160,260,TZ210XYC,无,比亚迪,无,(标配)终身质保/非营运（责任免除条款以官方为准）
68737,宋L DM-i,永磁/同步,160,218,260,无,无,无,无,无,单电机,前置,无,160,260,TZ210XYC,无,比亚迪,无,(标配)终身质保/非营运（责任免除条款以官方为准）
69066,宋L DM-i,永磁/同步,160,218,260,无,无,无,无,无,单电机,前置,无,160,260,TZ210XYC,无,比亚迪,无,(标配)终身质保/非营运（责任免除条款以官方为准）
69265,宋L DM-i,永磁/同步,160,218,260,无,无,无,无,无,单电机,前置,无,160,260,TZ210XYC,无,比亚迪,无,(标配)终身质保/非营运（责任免除条款以官方为准）
71473,宋L DM-i,永磁/同步,160,218,260,无,无,无,无,无,单电机,前置,无,160,260,TZ210XYC,无,比亚迪,无,(标配)终身质保/非营运（责任免除条款以官方为准）
71628,宋L DM-i,永磁/同步,160,218,260,无,无,无,无,无,单电机,前置,无,160,260,TZ210XYC,无,比亚迪,无,(标配)终身质保/非营运（责任免除条款以官方为准）
69067,宋L DM-i,永磁/同步,160,218,260,无,无,无,无,无,单电机,前置,无,160,260,TZ210XYC,无,比亚迪,无,(标配)终身质保/非营运（责任免除条款以官方为准）
71676,宋L DM-i,永磁/同步,160,218,260,无,无,无,无,无,单电机,前置,无,160,260,TZ210XYC,无,比亚迪,无,(标配)终身质保/非营运（责任免除条款以官方为准）
71072,海狮05 EV,永磁/同步,140,190,330,140,330,无,无,无,单电机,后置,无,无,无,无,TZ200XSAY,无,比亚迪,(标配)终身质保/非营运（责任免除条款以官方为准）
71057,海狮05 EV,永磁/同步,160,218,330,160,330,无,无,无,单电机,后置,无,无,无,无,TZ200XSBE,无,比亚迪,(标配)终身质保/非营运（责任免除条款以官方为准）
72236,海狮05 EV,永磁/同步,160,218,330,160,330,无,无,无,单电机,后置,无,无,无,无,TZ200XSBE,无,比亚迪,(标配)终身质保/非营运（责任免除条款以官方为准）
69005,海豚,永磁/同步,70,95,180,无,无,无,无,无,单电机,前置,(标配)首任车主不限年限/里程（责任免除条款以官方为准）,70,180,TZ180XSF,无,比亚迪,无,无
69004,海豚,永磁/同步,70,95,180,无,无,无,无,无,单电机,前置,(标配)首任车主不限年限/里程（责任免除条款以官方为准）,70,180,TZ180XSF,无,比亚迪,无,无
69006,海豚,永磁/同步,70,95,180,无,无,无,无,无,单电机,前置,(标配)首任车主不限年限/里程（责任免除条款以官方为准）,70,180,TZ180XSF,无,比亚迪,无,无
71049,海豚,永磁/同步,150,204,310,无,无,无,无,无,单电机,前置,(标配)首任车主不限年限/里程（责任免除条款以官方为准）,150,310,TZ200XSQ,无,比亚迪,无,无
66316,海豚,永磁/同步,70,95,180,无,无,无,无,无,单电机,前置,无,70,180,TZ180XSF,无,比亚迪,无,(标配)终身质保/非营运（责任免除条款以官方为准）
71050,海豚,永磁/同步,130,177,290,无,无,无,无,无,单电机,前置,无,130,290,TZ200XSW,无,比亚迪,无,(标配)终身质保/非营运（责任免除条款以官方为准）
71048,海豚,永磁/同步,150,204,310,无,无,无,无,无,单电机,前置,无,150,310,TZ200XSQ,无,比亚迪,无,(标配)终身质保/非营运（责任免除条款以官方为准）
66930,海豹,永磁/同步,170,231,380,170,380,无,无,无,单电机,后置,无,无,无,无,TZ200XYN,无,比亚迪,(标配)终身质保/非营运（责任免除条款以官方为准）
69345,海豹,永磁/同步,170,231,380,170,380,无,无,无,单电机,后置,无,无,无,无,TZ200XYN,无,比亚迪,(标配)终身质保/非营运（责任免除条款以官方为准）
71665,海豹,永磁/同步,230,313,380,230,380,无,无,无,单电机,后置,无,无,无,无,TZ200XYC,无,比亚迪,(标配)终身质保/非营运（责任免除条款以官方为准）
71664,海豹,永磁/同步,230,313,380,230,380,无,无,无,单电机,后置,无,无,无,无,TZ200XYC,无,比亚迪,(标配)终身质保/非营运（责任免除条款以官方为准）
71666,海豹,永磁/同步,230,313,380,230,380,无,无,无,单电机,后置,无,无,无,无,TZ200XYC,无,比亚迪,(标配)终身质保/非营运（责任免除条款以官方为准）
67384,海豹,永磁/同步,230,313,380,230,380,无,无,无,单电机,后置,无,无,无,无,TZ200XYC,无,比亚迪,(标配)终身质保/非营运（责任免除条款以官方为准）
66926,海豹,前感应/异步 后永磁/同步,390,530,690,230,380,无,无,无,双电机,前置+后置,无,160,310,YS210XYA,TZ200XYC,比亚迪,比亚迪,(标配)终身质保/非营运（责任免除条款以官方为准）
69394,海豹,前感应/异步 后永磁/同步,390,530,690,230,380,无,无,无,双电机,前置+后置,无,160,310,YS210XYA,TZ200XYC,比亚迪,比亚迪,(标配)终身质保/非营运（责任免除条款以官方为准）
66927,海豹,永磁/同步,145,197,325,无,无,无,无,无,单电机,前置,无,145,325,TZ220XYE,无,比亚迪,无,(标配)终身质保/非营运（责任免除条款以官方为准）
67382,海豹,永磁/同步,145,197,325,无,无,无,无,无,单电机,前置,无,145,325,TZ220XYE,无,比亚迪,无,(标配)终身质保/非营运（责任免除条款以官方为准）
69392,海豹,永磁/同步,145,197,325,无,无,无,无,无,单电机,前置,无,145,325,TZ220XYE,无,比亚迪,无,(标配)终身质保/非营运（责任免除条款以官方为准）
71663,海豹,永磁/同步,160,218,325,无,无,无,无,无,单电机,前置,无,160,325,TZ220XYE,无,比亚迪,无,(标配)终身质保/非营运（责任免除条款以官方为准）
67383,海豹,永磁/同步,160,218,325,无,无,无,无,无,单电机,前置,无,160,325,TZ220XYE,无,比亚迪,无,(标配)终身质保/非营运（责任免除条款以官方为准）
67381,海豹,永磁/同步,160,218,325,无,无,无,无,无,单电机,前置,无,160,325,TZ220XYE,无,比亚迪,无,(标配)终身质保/非营运（责任免除条款以官方为准）
66928,海豹,永磁/同步,150,204,310,150,310,无,无,无,单电机,后置,(标配)首任车主不限年限/里程（责任免除条款以官方为准）,无,无,无,TZ200XYL,无,比亚迪,无
66925,海豹,永磁/同步,150,204,310,150,310,无,无,无,单电机,后置,(标配)首任车主不限年限/里程（责任免除条款以官方为准）,无,无,无,TZ200XYL,无,比亚迪,无
66929,海豹,永磁/同步,170,231,330,170,330,无,无,无,单电机,后置,(标配)首任车主不限年限/里程（责任免除条款以官方为准）,无,无,无,TZ200XYN,无,比亚迪,无
67380,海豹,永磁/同步,230,313,360,230,360,无,无,无,单电机,后置,(标配)首任车主不限年限/里程（责任免除条款以官方为准）,无,无,无,TZ200XYC,无,比亚迪,无
69393,海豹,前交流/异步 后永磁/同步,390,530,670,230,360,无,无,无,双电机,前置+后置,(标配)首任车主不限年限/里程（责任免除条款以官方为准）,160,310,YS210XYA,TZ200XYC,比亚迪,比亚迪,无
70392,海豹06GT,永磁/同步,160,218,310,160,310,无,无,无,单电机,后置,无,无,无,无,TZ200XYX,无,比亚迪,(标配)终身质保/非营运（责任免除条款以官方为准）
71667,海豹06GT,永磁/同步,160,218,310,160,310,无,无,无,单电机,后置,无,无,无,无,TZ200XYX,无,比亚迪,(标配)终身质保/非营运（责任免除条款以官方为准）
71668,海豹06GT,永磁/同步,165,224,330,165,330,无,无,无,单电机,后置,无,无,无,无,TZ200XYAB,无,比亚迪,(标配)终身质保/非营运（责任免除条款以官方为准）
68312,海豹06GT,前交流/异步 后永磁/同步,310,422,510,200,310,无,无,无,双电机,前置+后置,无,110,200,YS230XYC,TZ200XYZ,弗迪动力,比亚迪,(标配)终身质保/非营运（责任免除条款以官方为准）
68311,海豹06GT,永磁/同步,160,218,310,160,310,无,无,无,单电机,后置,无,无,无,无,TZ200XYX,无,比亚迪,(标配)终身质保/非营运（责任免除条款以官方为准）
68266,海豹06GT,永磁/同步,160,218,310,160,310,无,无,无,单电机,后置,无,无,无,无,TZ200XYX,无,比亚迪,(标配)终身质保/非营运（责任免除条款以官方为准）
71670,海豹06GT,永磁/同步,165,224,330,165,330,无,无,无,单电机,后置,无,无,无,无,TZ200XYAB,无,比亚迪,(标配)终身质保/非营运（责任免除条款以官方为准）
71669,海豹06GT,前交流/异步 后永磁/同步,310,422,510,200,310,无,无,无,双电机,前置+后置,无,110,200,YS230XYC,TZ200XYZ,弗迪动力,比亚迪,(标配)终身质保/非营运（责任免除条款以官方为准）
71684,元UP,永磁/同步,70,95,180,无,无,无,无,无,单电机,前置,无,70,180,TZ180XSF,无,比亚迪,无,(标配)终身质保/非营运（责任免除条款以官方为准）
66139,元UP,永磁/同步,130,177,290,无,无,无,无,无,单电机,前置,无,130,290,TZ200XSW,无,比亚迪,无,(标配)终身质保/非营运（责任免除条款以官方为准）
69175,元UP,永磁/同步,130,177,290,无,无,无,无,无,单电机,前置,无,130,290,TZ200XSW,无,比亚迪,无,(标配)终身质保/非营运（责任免除条款以官方为准）
67007,元UP,永磁/同步,70,95,180,无,无,无,无,无,单电机,前置,无,70,180,TZ180XSF,无,比亚迪,无,(标配)终身质保/非营运（责任免除条款以官方为准）
66138,元UP,永磁/同步,70,95,180,无,无,无,无,无,单电机,前置,无,70,180,TZ180XSF,无,比亚迪,无,(标配)终身质保/非营运（责任免除条款以官方为准）
71256,元UP,永磁/同步,130,177,290,无,无,无,无,无,单电机,前置,无,130,290,TZ200XSW,无,比亚迪,无,(标配)终身质保/非营运（责任免除条款以官方为准）
71683,元UP,永磁/同步,130,177,290,无,无,无,无,无,单电机,前置,无,130,290,TZ200XSW,无,比亚迪,无,(标配)终身质保/非营运（责任免除条款以官方为准）
71536,宋L EV,永磁/同步,150,204,310,150,310,无,无,无,单电机,后置,无,无,无,无,TZ200XYL,无,无,(标配)终身质保/非营运（责任免除条款以官方为准）
68095,宋L EV,永磁/同步,230,313,360,230,360,无,无,无,单电机,后置,无,无,无,无,TZ200XYC,无,无,(标配)终身质保/非营运（责任免除条款以官方为准）
71508,宋L EV,永磁/同步,230,313,360,230,360,无,无,无,单电机,后置,无,无,无,无,TZ200XYC,无,无,(标配)终身质保/非营运（责任免除条款以官方为准）
69743,宋L EV,前交流/异步 后永磁/同步,380,517,670,230,360,无,无,无,双电机,前置+后置,无,150,310,YS210XYA,TZ200XYC,无,无,(标配)终身质保/非营运（责任免除条款以官方为准）
71503,宋L EV,永磁/同步,150,204,310,150,310,无,无,无,单电机,后置,无,无,无,无,TZ200XYL,无,无,(标配)终身质保/非营运（责任免除条款以官方为准）
69744,宋L EV,永磁/同步,230,313,360,230,360,无,无,无,单电机,后置,无,无,无,无,TZ200XYC,无,无,(标配)终身质保/非营运（责任免除条款以官方为准）
69742,宋L EV,永磁/同步,230,313,360,230,360,无,无,无,单电机,后置,无,无,无,无,TZ200XYC,无,无,(标配)终身质保/非营运（责任免除条款以官方为准）
71679,宋L EV,前交流/异步 后永磁/同步,380,517,670,230,360,无,无,无,双电机,前置+后置,无,150,310,YS210XYA,TZ200XYC,无,无,(标配)终身质保/非营运（责任免除条款以官方为准）
66740,驱逐舰05,永磁/同步,132,180,316,无,无,无,无,无,单电机,前置,(标配)首任车主不限年限/里程（责任免除条款以官方为准）,132,316,TZ220XYF,无,比亚迪,无,无
69284,驱逐舰05,永磁/同步,132,180,316,无,无,无,无,无,单电机,前置,(标配)首任车主不限年限/里程（责任免除条款以官方为准）,132,316,TZ220XYF,无,比亚迪,无,无
66739,驱逐舰05,永磁/同步,145,197,325,无,无,无,无,无,单电机,前置,(标配)首任车主不限年限/里程（责任免除条款以官方为准）,145,325,TZ220XYF,无,比亚迪,无,无
69283,驱逐舰05,永磁/同步,145,197,325,无,无,无,无,无,单电机,前置,(标配)首任车主不限年限/里程（责任免除条款以官方为准）,145,325,TZ220XYF,无,比亚迪,无,无
66738,驱逐舰05,永磁/同步,145,197,325,无,无,无,无,无,单电机,前置,(标配)首任车主不限年限/里程（责任免除条款以官方为准）,145,325,TZ220XYF,无,比亚迪,无,无
66741,驱逐舰05,永磁/同步,145,197,325,无,无,无,无,无,单电机,前置,(标配)首任车主不限年限/里程（责任免除条款以官方为准）,145,325,TZ220XYF,无,比亚迪,无,无
66734,驱逐舰05,永磁/同步,132,180,316,无,无,无,无,无,单电机,前置,无,132,316,TZ220XYF,无,比亚迪,无,无
66742,驱逐舰05,永磁/同步,145,197,325,无,无,无,无,无,单电机,前置,无,145,325,TZ220XYF,无,比亚迪,无,无
71052,海豹05 DM-i,永磁/同步,120,163,无,无,无,无,无,无,单电机,前置,无,120,210,TZ210QYA,无,比亚迪,无,(标配)终身质保/非营运（责任免除条款以官方为准）
71313,海豹05 DM-i,永磁/同步,120,163,无,无,无,无,无,无,单电机,前置,无,120,210,TZ210QYA,无,比亚迪,无,(标配)终身质保/非营运（责任免除条款以官方为准）
71314,海豹05 DM-i,永磁/同步,120,163,无,无,无,无,无,无,单电机,前置,无,120,210,TZ210XYB,无,比亚迪,无,(标配)终身质保/非营运（责任免除条款以官方为准）
71695,海狮07 EV,永磁/同步,170,231,380,170,380,无,无,无,单电机,后置,无,无,无,无,TZ200XYS,无,比亚迪,(标配)终身质保/非营运（责任免除条款以官方为准）
71693,海狮07 EV,永磁/同步,230,313,380,230,380,无,无,无,单电机,后置,无,无,无,无,TZ200XYT,无,比亚迪,(标配)终身质保/非营运（责任免除条款以官方为准）
68250,海狮07 EV,永磁/同步,230,313,380,230,380,无,无,无,单电机,后置,无,无,无,无,TZ200XYT,无,比亚迪,(标配)终身质保/非营运（责任免除条款以官方为准）
66476,海狮07 EV,前交流/异步 后永磁/同步,390,530,690,230,380,无,无,无,双电机,前置+后置,无,160,310,YS210XYA,TZ200XYT,比亚迪,比亚迪,(标配)终身质保/非营运（责任免除条款以官方为准）
71692,海狮07 EV,永磁/同步,170,231,380,170,380,无,无,无,单电机,后置,无,无,无,无,TZ200XYS,无,比亚迪,(标配)终身质保/非营运（责任免除条款以官方为准）
71694,海狮07 EV,永磁/同步,230,313,380,230,380,无,无,无,单电机,后置,无,无,无,无,TZ200XYT,无,比亚迪,(标配)终身质保/非营运（责任免除条款以官方为准）
66475,海狮07 EV,永磁/同步,230,313,380,230,380,无,无,无,单电机,后置,无,无,无,无,TZ200XYT,无,比亚迪,(标配)终身质保/非营运（责任免除条款以官方为准）
58503,海狮07 EV,前交流/异步 后永磁/同步,390,530,690,230,380,无,无,无,双电机,前置+后置,无,160,310,YS210XYA,TZ200XYT,比亚迪,比亚迪,(标配)终身质保/非营运（责任免除条款以官方为准）
71658,海豹07 DM-i,永磁/同步,160,218,260,无,无,无,无,无,单电机,前置,无,160,260,TZ210XYC,无,比亚迪,无,(标配)终身质保/非营运（责任免除条款以官方为准）
69348,海豹07 DM-i,永磁/同步,160,218,260,无,无,无,无,无,单电机,前置,无,160,260,TZ210XYC,无,比亚迪,无,(标配)终身质保/非营运（责任免除条款以官方为准）
69349,海豹07 DM-i,永磁/同步,160,218,260,无,无,无,无,无,单电机,前置,无,160,260,TZ210XYC,无,比亚迪,无,(标配)终身质保/非营运（责任免除条款以官方为准）
69391,海豹07 DM-i,永磁/同步,160,218,260,无,无,无,无,无,单电机,前置,无,160,260,TZ210XYC,无,比亚迪,无,(标配)终身质保/非营运（责任免除条款以官方为准）
71660,海豹07 DM-i,永磁/同步,200,272,315,无,无,无,无,无,单电机,前置,无,200,315,TZ210XYD,无,比亚迪,无,(标配)终身质保/非营运（责任免除条款以官方为准）
71662,海豹07 DM-i,永磁/同步,160,218,260,无,无,无,无,无,单电机,前置,无,160,260,TZ210XYC,无,比亚迪,无,(标配)终身质保/非营运（责任免除条款以官方为准）
69390,海豹07 DM-i,永磁/同步,160,218,260,无,无,无,无,无,单电机,前置,无,160,260,TZ210XYC,无,比亚迪,无,(标配)终身质保/非营运（责任免除条款以官方为准）
69347,海豹07 DM-i,永磁/同步,160,218,260,无,无,无,无,无,单电机,前置,无,160,260,TZ210XYC,无,比亚迪,无,(标配)终身质保/非营运（责任免除条款以官方为准）
71659,海豹07 DM-i,永磁/同步,160,218,260,无,无,无,无,无,单电机,前置,无,160,260,TZ210XYC,无,比亚迪,无,(标配)终身质保/非营运（责任免除条款以官方为准）
71661,海豹07 DM-i,永磁/同步,200,272,315,无,无,无,无,无,单电机,前置,无,200,315,TZ210XYD,无,比亚迪,无,(标配)终身质保/非营运（责任免除条款以官方为准）
71673,海狮05 DM-i,永磁/同步,120,163,210,无,无,无,无,无,单电机,前置,无,120,210,TZ210XYB,无,比亚迪,无,无
71671,海狮05 DM-i,永磁/同步,120,163,210,无,无,无,无,无,单电机,前置,无,120,210,TZ210XYB,无,比亚迪,无,无
70058,海狮05 DM-i,永磁/同步,120,163,210,无,无,无,无,无,单电机,前置,无,120,210,TZ210XYB,无,比亚迪,无,无
69114,海狮05 DM-i,永磁/同步,120,163,210,无,无,无,无,无,单电机,前置,无,120,210,TZ210XYB,无,比亚迪,无,无
71672,海狮05 DM-i,永磁/同步,120,163,210,无,无,无,无,无,单电机,前置,无,120,210,TZ210XYB,无,比亚迪,无,无
69115,海狮05 DM-i,永磁/同步,120,163,210,无,无,无,无,无,单电机,前置,无,120,210,TZ210XYB,无,比亚迪,无,无
70057,海狮05 DM-i,永磁/同步,120,163,210,无,无,无,无,无,单电机,前置,无,120,210,TZ210XYB,无,比亚迪,无,无
71674,海狮05 DM-i,永磁/同步,120,163,210,无,无,无,无,无,单电机,前置,无,120,210,TZ210XYB,无,比亚迪,无,无
67273,护卫舰07,永磁/同步,145,197,316,无,无,无,无,无,单电机,前置,无,145,316,TZ220XYG,无,比亚迪,无,(标配)终身质保/非营运（责任免除条款以官方为准）
67272,护卫舰07,永磁/同步,145,197,316,无,无,无,无,无,单电机,前置,无,145,316,TZ220XYG,无,比亚迪,无,(标配)终身质保/非营运（责任免除条款以官方为准）
67271,护卫舰07,永磁/同步,145,197,316,无,无,无,无,无,单电机,前置,无,145,316,TZ220XYG,无,比亚迪,无,(标配)终身质保/非营运（责任免除条款以官方为准）
67274,护卫舰07,永磁/同步,145,197,316,无,无,无,无,无,单电机,前置,无,145,316,TZ220XYG,无,比亚迪,无,(标配)终身质保/非营运（责任免除条款以官方为准）
67250,护卫舰07,永磁/同步,295,401,656,150,340,无,无,无,双电机,前置+后置,无,145,316,TZ220XYG,TZ200XSV,比亚迪,比亚迪,(标配)终身质保/非营运（责任免除条款以官方为准）
67156,比亚迪e2,永磁/同步,70,95,180,无,无,无,无,无,单电机,前置,无,70,180,TZ180XSF,无,比亚迪,无,(标配)终身质保/非营运（责任免除条款以官方为准）
63011,比亚迪e2,永磁/同步,70,95,180,无,无,无,无,无,单电机,前置,无,70,180,TZ180XSF,无,比亚迪,无,(标配)终身质保/非营运（责任免除条款以官方为准）
67157,比亚迪e2,永磁/同步,70,95,180,无,无,无,无,无,单电机,前置,无,70,180,TZ180XSF,无,比亚迪,无,无
62376,元Pro,永磁/同步,70,95,180,无,无,无,无,无,单电机,前置,(标配)首任车主不限年限/里程（责任免除条款以官方为准）,70,180,TZ180XSF,无,比亚迪,无,无
62377,元Pro,永磁/同步,70,95,180,无,无,无,无,无,单电机,前置,(标配)首任车主不限年限/里程（责任免除条款以官方为准）,70,180,TZ180XSF,无,比亚迪,无,无
62378,元Pro,永磁/同步,70,95,180,无,无,无,无,无,单电机,前置,(标配)首任车主不限年限/里程（责任免除条款以官方为准）,70,180,TZ180XSF,无,比亚迪,无,无
69051,秦新能源,永磁/同步,100,136,180,无,无,无,无,无,单电机,前置,无,100,180,TZ180XSJ,无,比亚迪,无,无
69052,秦新能源,永磁/同步,100,136,180,无,无,无,无,无,单电机,前置,无,100,180,TZ180XSJ,无,比亚迪,无,无
55331,宋MAX新能源,永磁/同步,132,180,316,无,无,无,无,无,单电机,前置,(标配)首任车主不限年限/里程（责任免除条款以官方为准）,132,316,无,无,比亚迪,无,无
55329,宋MAX新能源,永磁/同步,132,180,316,无,无,无,无,无,单电机,前置,(标配)首任车主不限年限/里程（责任免除条款以官方为准）,132,316,无,无,比亚迪,无,无
55328,宋MAX新能源,永磁/同步,145,197,325,无,无,无,无,无,单电机,前置,(标配)首任车主不限年限/里程（责任免除条款以官方为准）,145,325,TZ220XYE,无,比亚迪,无,无
55330,宋MAX新能源,永磁/同步,145,197,325,无,无,无,无,无,单电机,前置,(标配)首任车主不限年限/里程（责任免除条款以官方为准）,145,325,TZ220XYE,无,比亚迪,无,无
55009,宋MAX新能源,永磁/同步,145,197,325,无,无,无,无,无,单电机,前置,(标配)首任车主不限年限/里程（责任免除条款以官方为准）,145,325,TZ220XYE,无,比亚迪,无,无
60687,比亚迪e9,永磁/同步,120,163,330,无,无,无,无,无,单电机,前置,(标配)八年或15万公里,120,330,BYD-2015TZ-XS-D,无,比亚迪,无,无
60414,比亚迪D1,永磁/同步,100,136,180,无,无,无,无,无,单电机,前置,无,100,180,TZ180XSA,无,比亚迪,无,无
63696,比亚迪D1,永磁/同步,100,136,180,无,无,无,无,无,单电机,前置,(标配)八年或15万公里,100,180,TZ180XSA,无,比亚迪,无,无
70469,比亚迪e6,永磁/同步,100,136,180,无,无,无,无,无,单电机,前置,(标配)八年或60万公里,100,180,无,无,比亚迪,无,无
70470,比亚迪e6,永磁/同步,100,136,180,无,无,无,无,无,单电机,前置,(标配)八年或60万公里,100,180,无,无,比亚迪,无,无
51306,比亚迪e3,永磁/同步,100,无,180,无,无,无,无,无,单电机,前置,(标配)待查,100,180,TZ180XSA,无,比亚迪,无,无
52635,比亚迪e3,永磁/同步,100,无,180,无,无,无,无,无,单电机,前置,(标配)待查,100,180,TZ180XSA,无,比亚迪,无,无
69272,大众ID.3,永磁/同步,125,170,310,125,310,无,无,无,单电机,后置,(标配)八年或16万公里,无,无,无,EEV,无,大众汽车,无
71677,大众ID.3,永磁/同步,125,170,310,125,310,无,无,无,单电机,后置,(标配)八年或16万公里,无,无,无,EEV,无,大众汽车,无
71654,大众ID.3,永磁/同步,125,170,310,125,310,无,无,无,单电机,后置,(标配)八年或16万公里,无,无,无,EEV,无,大众汽车,无
69271,大众ID.3,永磁/同步,125,170,310,125,310,无,无,无,单电机,后置,(标配)八年或16万公里,无,无,无,EEV,无,大众汽车,无
69273,大众ID.3,永磁/同步,125,170,310,125,310,无,无,无,单电机,后置,(标配)八年或16万公里,无,无,无,EEV,无,大众汽车,无
70354,大众ID.3,永磁/同步,125,170,310,125,310,无,无,无,单电机,后置,(标配)八年或16万公里,无,无,无,EEV,无,大众汽车,无
69297,大众ID.3,永磁/同步,125,170,310,125,310,无,无,无,单电机,后置,(标配)八年或16万公里,无,无,无,EEV,无,大众汽车,无
69298,大众ID.3,永磁/同步,125,170,310,125,310,无,无,无,单电机,后置,(标配)八年或16万公里,无,无,无,EEV,无,大众汽车,无
70812,ID.4 CROZZ,永磁/同步,125,170,310,125,310,无,无,无,单电机,后置,(标配)八年或16万公里（可选：首任车主不限年限/里程质保）,无,无,无,EEV,无,大众汽车,无
71288,ID.4 CROZZ,永磁/同步,170,231,310,170,310,无,无,无,单电机,后置,(标配)八年或16万公里（可选：首任车主不限年限/里程质保）,无,无,无,EEV,无,大众汽车,无
71287,ID.4 CROZZ,永磁/同步,170,231,310,170,310,无,无,无,单电机,后置,(标配)八年或16万公里（可选：首任车主不限年限/里程质保）,无,无,无,EEV,无,大众汽车,无
71289,ID.4 CROZZ,前交流/异步 后永磁/同步,230,313,460,150,310,无,无,无,双电机,前置+后置,(标配)八年或16万公里（可选：首任车主不限年限/里程质保）,80,162,EDX,EEV,华域麦格纳,大众汽车,无
66302,ID.4 X,永磁/同步,125,170,310,125,310,无,无,无,单电机,后置,(标配)八年或16万公里,无,无,无,EEV,无,大众汽车,无
66304,ID.4 X,永磁/同步,125,170,310,125,310,无,无,无,单电机,后置,(标配)八年或16万公里,无,无,无,EEV,无,大众汽车,无
69275,ID.4 X,永磁/同步,170,231,310,170,310,无,无,无,单电机,后置,(标配)八年或16万公里,无,无,无,EEV,无,大众汽车,无
69274,ID.4 X,永磁/同步,170,231,310,170,310,无,无,无,单电机,后置,(标配)八年或16万公里,无,无,无,EEV,无,大众汽车,无
66305,ID.4 X,永磁/同步,125,170,310,125,310,无,无,无,单电机,后置,(标配)八年或16万公里,无,无,无,EBN,无,大众汽车,无
69276,ID.4 X,永磁/同步,150,204,310,150,310,无,无,无,单电机,后置,(标配)八年或16万公里,无,无,无,EBN,无,大众汽车,无
72043,ID.4 X,永磁/同步,150,204,310,150,310,无,无,无,单电机,后置,(标配)八年或16万公里,无,无,无,EBN,无,大众汽车,无
66303,ID.4 X,前交流/异步 后永磁/同步,230,313,472,150,310,无,无,无,双电机,前置+后置,(标配)八年或16万公里,80,162,EBR,EBN,前华域麦格纳,大众汽车,无
65987,大众ID.7 VIZZION,永磁/同步,150,204,310,150,310,无,无,无,单电机,后置,(标配)八年或16万公里,无,无,无,EDV,无,无,无
62442,大众ID.7 VIZZION,永磁/同步,150,204,310,150,310,无,无,无,单电机,后置,(标配)八年或16万公里,无,无,无,EDV,无,无,无
62621,大众ID.7 VIZZION,永磁/同步,150,204,310,150,310,无,无,无,单电机,后置,(标配)八年或16万公里,无,无,无,EDV,无,无,无
66190,大众ID.7 VIZZION,前交流/异步 后永磁/同步,230,313,472,150,310,无,无,无,双电机,前置+后置,(标配)八年或16万公里,80,162,EDX,EDV,无,无,无
67824,ID.6 CROZZ,永磁/同步,132,180,310,132,310,无,无,无,单电机,后置,(标配)八年或16万公里（可选：首任车主不限年限/里程质保）,无,无,无,无,无,无,无
67826,ID.6 CROZZ,永磁/同步,150,204,310,150,310,无,无,无,单电机,后置,(标配)八年或16万公里（可选：首任车主不限年限/里程质保）,无,无,无,无,无,无,无
67825,ID.6 CROZZ,永磁/同步,150,204,310,150,310,无,无,无,单电机,后置,(标配)八年或16万公里（可选：首任车主不限年限/里程质保）,无,无,无,无,无,无,无
64678,ID.6 CROZZ,前交流/异步 后永磁/同步,230,313,472,150,310,无,无,无,双电机,前置+后置,(标配)八年或16万公里（可选：首任车主不限年限/里程质保）,80,162,无,无,无,无,无
62714,ID.6 X,永磁/同步,132,180,310,132,310,无,无,无,单电机,后置,(标配)八年或16万公里,无,无,无,无,无,无,无
62716,ID.6 X,永磁/同步,150,204,310,150,310,无,无,无,单电机,后置,(标配)八年或16万公里,无,无,无,无,无,无,无
62715,ID.6 X,永磁/同步,150,204,310,150,310,无,无,无,单电机,后置,(标配)八年或16万公里,无,无,无,无,无,无,无
70633,ID.UNYX 与众,永磁/同步,170,231,310,170,310,无,无,无,单电机,后置,(标配)八年或16万公里,无,无,无,EEV,无,大众汽车,无
69174,ID.UNYX 与众,永磁/同步,170,231,310,170,310,无,无,无,单电机,后置,(标配)八年或16万公里,无,无,无,EEV,无,大众汽车,无
69173,ID.UNYX 与众,前交流/异步 后永磁/同步,250,340,472,170,310,无,无,无,双电机,前置+后置,(标配)八年或16万公里,80,162,EDX,EEV,华域麦格纳,大众汽车,无
59533,帕萨特新能源,永磁/同步,85,116,330,无,无,155,211,400,单电机,前置,(标配)八年或12万公里,85,330,无,无,无,无,无
59532,帕萨特新能源,永磁/同步,85,116,330,无,无,155,211,400,单电机,前置,(标配)八年或12万公里,85,330,无,无,无,无,无
54800,迈腾GTE插电混动,无,85,116,330,无,无,155,211,400,单电机,前置,(标配)八年或12万公里,85,330,无,无,无,无,无
54801,迈腾GTE插电混动,无,85,116,330,无,无,155,211,400,单电机,前置,(标配)八年或12万公里,85,330,无,无,无,无,无
59087,途观L新能源,永磁/同步,85,116,330,无,无,155,211,400,单电机,前置,(标配)八年或12万公里,85,330,无,无,无,无,无
59086,途观L新能源,永磁/同步,85,116,330,无,无,155,211,400,单电机,前置,(标配)八年或12万公里,85,330,无,无,无,无,无
55512,途锐新能源,永磁/同步,100,136,350,无,无,270,367,700,单电机,前置,(标配)待查,100,350,无,无,无,无,无
66573,探岳GTE插电混动,永磁/同步,85,116,330,无,无,155,211,400,单电机,前置,(标配)八年或12万公里,85,330,无,无,无,无,无
62273,奥迪Q5 e-tron,前交流/异步 后永磁/同步,225,无,460,无,无,无,无,无,双电机,前置+后置,(标配)八年或16万公里,无,无,无,无,无,无,无
62272,奥迪Q5 e-tron,前交流/异步 后永磁/同步,225,无,460,无,无,无,无,无,双电机,前置+后置,(标配)八年或16万公里,无,无,无,无,无,无,无
62271,奥迪Q5 e-tron,永磁/同步,150,无,310,150,310,无,无,无,单电机,后置,(标配)八年或16万公里,无,无,无,无,无,无,无
68572,奥迪Q5 e-tron,永磁/同步,150,无,310,150,310,无,无,无,单电机,后置,(标配)八年或16万公里,无,无,无,无,无,无,无
62270,奥迪Q5 e-tron,永磁/同步,150,无,310,150,310,无,无,无,单电机,后置,(标配)八年或16万公里,无,无,无,无,无,无,无
62267,奥迪Q5 e-tron,永磁/同步,150,无,310,150,310,无,无,无,单电机,后置,(标配)八年或16万公里,无,无,无,无,无,无,无
68571,奥迪Q5 e-tron,永磁/同步,150,无,310,150,310,无,无,无,单电机,后置,(标配)八年或16万公里,无,无,无,无,无,无,无
62274,奥迪Q5 e-tron,永磁/同步,150,无,310,150,310,无,无,无,单电机,后置,(标配)八年或16万公里,无,无,无,无,无,无,无
62268,奥迪Q5 e-tron,永磁/同步,150,无,310,150,310,无,无,无,单电机,后置,(标配)八年或16万公里,无,无,无,无,无,无,无
62269,奥迪Q5 e-tron,前交流/异步 后永磁/同步,225,无,460,无,无,无,无,无,双电机,前置+后置,(标配)八年或16万公里,无,无,无,无,无,无,无
62278,奥迪Q5 e-tron,前交流/异步 后永磁/同步,225,无,460,无,无,无,无,无,双电机,前置+后置,(标配)八年或16万公里,无,无,无,无,无,无,无
62277,奥迪Q5 e-tron,前交流/异步 后永磁/同步,225,无,460,无,无,无,无,无,双电机,前置+后置,(标配)八年或16万公里,无,无,无,无,无,无,无
62276,奥迪Q5 e-tron,前交流/异步 后永磁/同步,225,无,460,无,无,无,无,无,双电机,前置+后置,(标配)八年或16万公里,无,无,无,无,无,无,无
62275,奥迪Q5 e-tron,前交流/异步 后永磁/同步,225,无,460,无,无,无,无,无,双电机,前置+后置,(标配)八年或16万公里,无,无,无,无,无,无,无
65049,奥迪Q4 e-tron,永磁/同步,150,204,310,150,310,无,无,无,单电机,后置,(标配)八年或16万公里,无,无,无,无,无,无,无
65051,奥迪Q4 e-tron,永磁/同步,150,204,310,150,310,无,无,无,单电机,后置,(标配)八年或16万公里,无,无,无,无,无,无,无
65050,奥迪Q4 e-tron,前交流/异步 后永磁/同步,230,313,472,150,310,无,无,无,双电机,前置+后置,(标配)八年或16万公里,80,162,无,无,无,无,无
65047,奥迪Q4 e-tron,前交流/异步 后永磁/同步,230,313,472,150,310,无,无,无,双电机,前置+后置,(标配)八年或16万公里,80,162,无,无,无,无,无
63692,奥迪e-tron GT,永磁/同步,390,530,630,320,340,无,无,无,双电机,前置+后置,无,175,300,无,无,无,无,无
55144,奥迪Q2L e-tron,永磁/同步,100,136,290,无,无,无,无,无,单电机,前置,(标配)八年或12万公里,100,290,无,无,无,无,无
60410,奥迪RS e-tron GT,永磁/同步,475,646,830,335,550,无,无,无,双电机,前置+后置,(标配)待查,175,300,无,无,无,无,无
71939,本田CR-V,无,135,184,335,无,无,无,无,无,单电机,前置,无,135,335,无,无,无,无,无
63479,本田CR-V,无,135,184,335,无,无,无,无,无,单电机,前置,无,135,335,无,无,无,无,无
71936,本田CR-V,无,无,无,无,无,无,无,无,无,无,无,无,无,无,无,无,无,无,无
63480,本田CR-V,无,无,无,无,无,无,无,无,无,无,无,无,无,无,无,无,无,无,无
67569,本田CR-V,无,无,无,无,无,无,无,无,无,无,无,无,无,无,无,无,无,无,无
61271,本田CR-V,无,无,无,无,无,无,无,无,无,无,无,无,无,无,无,无,无,无,无
71938,本田CR-V,无,无,无,无,无,无,无,无,无,无,无,无,无,无,无,无,无,无,无
71942,本田CR-V,无,无,无,无,无,无,无,无,无,无,无,无,无,无,无,无,无,无,无
71937,本田CR-V,无,无,无,无,无,无,无,无,无,无,无,无,无,无,无,无,无,无,无
71941,本田CR-V,无,135,184,335,无,无,无,无,无,单电机,前置,无,135,335,无,无,无,无,无
71940,本田CR-V,无,135,184,335,无,无,无,无,无,单电机,前置,无,135,335,无,无,无,无,无
67568,本田CR-V,无,135,184,335,无,无,无,无,无,单电机,前置,无,135,335,无,无,无,无,无
60767,思域,无,无,无,无,无,无,无,无,无,无,无,无,无,无,无,无,无,无,无
59054,思域,永磁/同步,135,184,315,无,无,149,203,无,单电机,前置,无,135,315,无,无,无,无,无
58217,思域,永磁/同步,135,184,315,无,无,149,203,无,单电机,前置,无,135,315,无,无,无,无,无
53177,思域,永磁/同步,135,184,315,无,无,149,203,无,单电机,前置,无,135,315,无,无,无,无,无
59067,思域,永磁/同步,135,184,315,无,无,149,203,无,单电机,前置,无,135,315,无,无,无,无,无
72008,思域,无,无,无,无,无,无,无,无,无,无,无,无,无,无,无,无,无,无,无
71955,思域,无,无,无,无,无,无,无,无,无,无,无,无,无,无,无,无,无,无,无
53219,思域,无,无,无,无,无,无,无,无,无,无,无,无,无,无,无,无,无,无,无
72011,思域,永磁/同步,135,184,315,无,无,149,203,无,单电机,前置,无,135,315,无,无,无,无,无
53268,思域,永磁/同步,135,184,315,无,无,149,203,无,单电机,前置,无,135,315,无,无,无,无,无
69138,思域,永磁/同步,135,184,315,无,无,149,203,无,单电机,前置,无,135,315,无,无,无,无,无
53266,思域,永磁/同步,135,184,315,无,无,149,203,无,单电机,前置,无,135,315,无,无,无,无,无
59069,思域,永磁/同步,135,184,315,无,无,149,203,无,单电机,前置,无,135,315,无,无,无,无,无
58216,思域,无,无,无,无,无,无,无,无,无,无,无,无,无,无,无,无,无,无,无
72009,思域,无,无,无,无,无,无,无,无,无,无,无,无,无,无,无,无,无,无,无
59068,思域,无,无,无,无,无,无,无,无,无,无,无,无,无,无,无,无,无,无,无
71954,思域,无,无,无,无,无,无,无,无,无,无,无,无,无,无,无,无,无,无,无
61020,思域,无,无,无,无,无,无,无,无,无,无,无,无,无,无,无,无,无,无,无
53267,思域,无,无,无,无,无,无,无,无,无,无,无,无,无,无,无,无,无,无,无
57610,思域,无,无,无,无,无,无,无,无,无,无,无,无,无,无,无,无,无,无,无
56676,思域,无,无,无,无,无,无,无,无,无,无,无,无,无,无,无,无,无,无,无
62373,思域,无,无,无,无,无,无,无,无,无,无,无,无,无,无,无,无,无,无,无
57576,思域,无,无,无,无,无,无,无,无,无,无,无,无,无,无,无,无,无,无,无
53265,思域,无,无,无,无,无,无,无,无,无,无,无,无,无,无,无,无,无,无,无
57577,思域,无,无,无,无,无,无,无,无,无,无,无,无,无,无,无,无,无,无,无
69140,思域,无,无,无,无,无,无,无,无,无,无,无,无,无,无,无,无,无,无,无
72010,思域,无,无,无,无,无,无,无,无,无,无,无,无,无,无,无,无,无,无,无
63458,奥德赛,无,135,无,315,无,无,158,无,无,单电机,前置,(标配)十年或20万公里,135,315,无,无,无,无,无
63455,奥德赛,无,135,无,315,无,无,158,无,无,单电机,前置,(标配)十年或20万公里,135,315,无,无,无,无,无
63453,奥德赛,无,135,无,315,无,无,158,无,无,单电机,前置,(标配)十年或20万公里,135,315,无,无,无,无,无
63457,奥德赛,无,135,无,315,无,无,158,无,无,单电机,前置,(标配)十年或20万公里,135,315,无,无,无,无,无
63454,奥德赛,无,135,无,315,无,无,158,无,无,单电机,前置,(标配)十年或20万公里,135,315,无,无,无,无,无
63459,奥德赛,无,135,无,315,无,无,158,无,无,单电机,前置,(标配)十年或20万公里,135,315,无,无,无,无,无
63456,奥德赛,无,135,无,315,无,无,158,无,无,单电机,前置,(标配)十年或20万公里,135,315,无,无,无,无,无
70326,皓影,无,无,无,无,无,无,无,无,无,无,无,无,无,无,无,无,无,无,无
70317,皓影,无,无,无,无,无,无,无,无,无,无,无,无,无,无,无,无,无,无,无
70319,皓影,无,无,无,无,无,无,无,无,无,无,无,无,无,无,无,无,无,无,无
70322,皓影,无,无,无,无,无,无,无,无,无,无,无,无,无,无,无,无,无,无,无
70325,皓影,无,无,无,无,无,无,无,无,无,无,无,无,无,无,无,无,无,无,无
70324,皓影,永磁/同步,135,184,335,无,无,无,无,无,单电机,前置,(标配)十年或20万公里,135,335,无,无,无,无,无
70323,皓影,永磁/同步,135,184,335,无,无,无,无,无,单电机,前置,(标配)十年或20万公里,135,335,无,无,无,无,无
70321,皓影,永磁/同步,135,184,335,无,无,无,无,无,单电机,前置,(标配)十年或20万公里,135,335,无,无,无,无,无
70320,皓影,永磁/同步,135,184,335,无,无,无,无,无,单电机,前置,(标配)十年或20万公里,135,335,无,无,无,无,无
70318,皓影,永磁/同步,135,184,335,无,无,无,无,无,单电机,前置,(标配)十年或20万公里,135,335,无,无,无,无,无
63833,艾力绅,无,135,184,315,无,无,158,215,无,单电机,前置,(标配)十年或20万公里,135,315,无,无,无,无,无
63832,艾力绅,无,135,184,315,无,无,158,215,无,单电机,前置,(标配)十年或20万公里,135,315,无,无,无,无,无
63830,艾力绅,无,135,184,315,无,无,158,215,无,单电机,前置,(标配)十年或20万公里,135,315,无,无,无,无,无
63831,艾力绅,无,135,184,315,无,无,158,215,无,单电机,前置,(标配)十年或20万公里,135,315,无,无,无,无,无
58225,型格,无,135,184,315,无,无,149,203,无,单电机,前置,无,135,315,无,无,无,无,无
60060,型格,无,135,184,315,无,无,149,203,无,单电机,前置,无,135,315,无,无,无,无,无
62353,型格,无,135,184,315,无,无,149,203,无,单电机,前置,无,135,315,无,无,无,无,无
65960,型格,无,无,无,无,无,无,无,无,无,无,无,无,无,无,无,无,无,无,无
60057,型格,无,无,无,无,无,无,无,无,无,无,无,无,无,无,无,无,无,无,无
61495,型格,无,无,无,无,无,无,无,无,无,无,无,无,无,无,无,无,无,无,无
60062,型格,无,无,无,无,无,无,无,无,无,无,无,无,无,无,无,无,无,无,无
72192,型格,无,无,无,无,无,无,无,无,无,无,无,无,无,无,无,无,无,无,无
72258,型格,无,135,184,315,无,无,149,203,无,单电机,前置,无,135,315,无,无,无,无,无
72259,型格,无,135,184,315,无,无,149,203,无,单电机,前置,无,135,315,无,无,无,无,无
62348,型格,无,135,184,315,无,无,149,203,无,单电机,前置,无,135,315,无,无,无,无,无
62347,型格,无,135,184,315,无,无,149,203,无,单电机,前置,无,135,315,无,无,无,无,无
58226,型格,无,135,184,315,无,无,149,203,无,单电机,前置,无,135,315,无,无,无,无,无
62352,型格,无,无,无,无,无,无,无,无,无,无,无,无,无,无,无,无,无,无,无
72260,型格,无,无,无,无,无,无,无,无,无,无,无,无,无,无,无,无,无,无,无
60058,型格,无,无,无,无,无,无,无,无,无,无,无,无,无,无,无,无,无,无,无
72123,型格,无,无,无,无,无,无,无,无,无,无,无,无,无,无,无,无,无,无,无
62350,型格,无,无,无,无,无,无,无,无,无,无,无,无,无,无,无,无,无,无,无
58227,型格,无,无,无,无,无,无,无,无,无,无,无,无,无,无,无,无,无,无,无
62351,型格,无,无,无,无,无,无,无,无,无,无,无,无,无,无,无,无,无,无,无
72261,型格,无,无,无,无,无,无,无,无,无,无,无,无,无,无,无,无,无,无,无
72122,型格,无,无,无,无,无,无,无,无,无,无,无,无,无,无,无,无,无,无,无
60061,型格,无,无,无,无,无,无,无,无,无,无,无,无,无,无,无,无,无,无,无
62346,型格,无,无,无,无,无,无,无,无,无,无,无,无,无,无,无,无,无,无,无
62349,型格,无,无,无,无,无,无,无,无,无,无,无,无,无,无,无,无,无,无,无
58208,本田HR-V,无,无,无,无,无,无,无,无,无,无,无,无,无,无,无,无,无,无,无
58207,本田HR-V,永磁/同步,135,184,315,无,无,无,无,无,单电机,前置,无,135,315,无,无,无,无,无
62493,本田HR-V,永磁/同步,135,184,315,无,无,无,无,无,单电机,前置,无,135,315,无,无,无,无,无
62490,本田HR-V,永磁/同步,135,184,315,无,无,无,无,无,单电机,前置,无,135,315,无,无,无,无,无
62492,本田HR-V,永磁/同步,135,184,315,无,无,无,无,无,单电机,前置,无,135,315,无,无,无,无,无
62494,本田HR-V,无,无,无,无,无,无,无,无,无,无,无,无,无,无,无,无,无,无,无
58209,本田HR-V,无,无,无,无,无,无,无,无,无,无,无,无,无,无,无,无,无,无,无
67567,本田HR-V,无,无,无,无,无,无,无,无,无,无,无,无,无,无,无,无,无,无,无
60968,本田HR-V,无,无,无,无,无,无,无,无,无,无,无,无,无,无,无,无,无,无,无
63162,雅阁新能源,永磁/同步,135,184,335,无,无,无,无,无,单电机,前置,(标配)八年或15万公里,135,335,无,无,无,无,无
66585,雅阁新能源,永磁/同步,135,184,335,无,无,无,无,无,单电机,前置,(标配)八年或15万公里,135,335,无,无,无,无,无
61278,雅阁新能源,永磁/同步,135,184,335,无,无,无,无,无,单电机,前置,(标配)八年或15万公里,135,335,无,无,无,无,无
63163,雅阁新能源,永磁/同步,135,184,335,无,无,无,无,无,单电机,前置,(标配)八年或15万公里,135,335,无,无,无,无,无
72619,广汽Honda P7,永磁/同步,200,272,420,200,420,无,无,无,单电机,后置,(标配)八年或15万公里,无,无,无,TZ220XSAMCF81,无,联合电子,无
71067,广汽Honda P7,永磁/同步,200,272,420,200,420,无,无,无,单电机,后置,(标配)八年或15万公里,无,无,无,TZ220XSAMCF81,无,联合电子,无
67766,广汽Honda P7,永磁/同步,350,476,770,200,420,无,无,无,双电机,前置+后置,(标配)八年或15万公里,150,350,TZ210XSAMCFA1,TZ220XSAMCF81,联合电子,联合电子,无
63257,凌派,无,无,无,无,无,无,无,无,无,无,无,无,无,无,无,无,无,无,无
63260,凌派,无,无,无,无,无,无,无,无,无,无,无,无,无,无,无,无,无,无,无
63259,凌派,无,无,无,无,无,无,无,无,无,无,无,无,无,无,无,无,无,无,无
63258,凌派,无,96,131,267,无,无,113,154,无,单电机,前置,(标配)待查,96,267,无,无,无,无,无
63255,凌派,无,96,131,267,无,无,113,154,无,单电机,前置,(标配)待查,96,267,无,无,无,无,无
63256,凌派,无,96,131,267,无,无,113,154,无,单电机,前置,(标配)待查,96,267,无,无,无,无,无
67767,东风本田S7,永磁/同步,200,272,420,200,420,无,无,无,单电机,后置,(标配)八年或15万公里,无,无,无,TZ220XSAMCF81,无,联合电子,无
71976,东风本田S7,永磁/同步,350,476,770,200,420,无,无,无,双电机,前置+后置,(标配)八年或15万公里,150,350,TZ210XSAMCFA1,TZ220XSAMCF81,联合电子,联合电子,无
59442,本田CR-V新能源,交流/同步,135,184,335,无,无,无,无,无,单电机,前置,无,135,335,无,无,无,无,无
59426,本田CR-V新能源,交流/同步,135,184,335,无,无,无,无,无,单电机,前置,无,135,335,无,无,无,无,无
59443,本田CR-V新能源,交流/同步,135,184,335,无,无,无,无,无,单电机,前置,无,135,335,无,无,无,无,无
56263,享域,无,无,无,无,无,无,无,无,无,无,无,无,无,无,无,无,无,无,无
56261,享域,无,无,无,无,无,无,无,无,无,无,无,无,无,无,无,无,无,无,无
56245,享域,无,无,无,无,无,无,无,无,无,无,无,无,无,无,无,无,无,无,无
56264,享域,无,无,无,无,无,无,无,无,无,无,无,无,无,无,无,无,无,无,无
56262,享域,无,96,无,267,无,无,113,无,无,单电机,前置,(标配)待查,96,267,无,无,无,无,无
56266,享域,无,96,无,267,无,无,113,无,无,单电机,前置,(标配)待查,96,267,无,无,无,无,无
56265,享域,无,96,无,267,无,无,113,无,无,单电机,前置,(标配)待查,96,267,无,无,无,无,无
56243,享域,无,96,无,267,无,无,113,无,无,单电机,前置,(标配)待查,96,267,无,无,无,无,无
60089,ZR-V 致在,永磁/同步,135,184,315,无,无,149,203,无,单电机,前置,无,135,315,无,无,无,无,无
61681,ZR-V 致在,永磁/同步,135,184,315,无,无,149,203,无,单电机,前置,无,135,315,无,无,无,无,无
59200,ZR-V 致在,永磁/同步,135,184,315,无,无,149,203,无,单电机,前置,无,135,315,无,无,无,无,无
56936,ZR-V 致在,永磁/同步,135,184,315,无,无,149,203,无,单电机,前置,无,135,315,无,无,无,无,无
57092,ZR-V 致在,无,无,无,无,无,无,无,无,无,无,无,无,无,无,无,无,无,无,无
62515,ZR-V 致在,无,无,无,无,无,无,无,无,无,无,无,无,无,无,无,无,无,无,无
61680,ZR-V 致在,无,无,无,无,无,无,无,无,无,无,无,无,无,无,无,无,无,无,无
60088,ZR-V 致在,无,无,无,无,无,无,无,无,无,无,无,无,无,无,无,无,无,无,无
59188,ZR-V 致在,无,无,无,无,无,无,无,无,无,无,无,无,无,无,无,无,无,无,无
70327,皓影新能源,永磁/同步,135,184,335,无,无,无,无,无,单电机,前置,(标配)八年或15万公里,135,335,无,无,无,无,无
70329,皓影新能源,永磁/同步,135,184,335,无,无,无,无,无,单电机,前置,(标配)八年或15万公里,135,335,无,无,无,无,无
70328,皓影新能源,永磁/同步,135,184,335,无,无,无,无,无,单电机,前置,(标配)八年或15万公里,135,335,无,无,无,无,无
66474,e:NP2 极湃2,永磁/同步,150,204,310,无,无,无,无,无,单电机,前置,(标配)八年或15万公里,150,310,TZ190HSAMCF61,无,纬湃汽车电子(天津),无,无
63681,英仕派新能源,永磁/同步,135,184,335,无,无,无,无,无,单电机,前置,无,135,335,无,无,无,无,无
61886,英仕派新能源,永磁/同步,135,184,335,无,无,无,无,无,单电机,前置,无,135,335,无,无,无,无,无
53666,本田e:NS1,永磁/同步,134,182,310,无,无,无,无,无,单电机,前置,(标配)八年或15万公里,134,310,无,无,无,无,无
56138,本田e:NS1,永磁/同步,134,182,310,无,无,无,无,无,单电机,前置,(标配)八年或15万公里,134,310,无,无,无,无,无
56791,本田e:NS1,永磁/同步,150,204,310,无,无,无,无,无,单电机,前置,(标配)八年或15万公里,150,310,无,无,无,无,无
56565,本田e:NS1,永磁/同步,150,204,310,无,无,无,无,无,单电机,前置,(标配)八年或15万公里,150,310,无,无,无,无,无
57030,e:NP1 极湃1,永磁/同步,134,182,310,无,无,无,无,无,单电机,前置,(标配)八年或15万公里,134,310,无,无,无,无,无
57412,e:NP1 极湃1,永磁/同步,134,182,310,无,无,无,无,无,单电机,前置,(标配)八年或15万公里,134,310,无,无,无,无,无
57414,e:NP1 极湃1,永磁/同步,150,204,310,无,无,无,无,无,单电机,前置,(标配)八年或15万公里,150,310,无,无,无,无,无
57415,e:NP1 极湃1,永磁/同步,150,204,310,无,无,无,无,无,单电机,前置,(标配)八年或15万公里,150,310,无,无,无,无,无
68032,猎光e:NS2,永磁/同步,150,204,310,无,无,无,无,无,单电机,前置,(标配)首任车主十年不限公里（责任免除条款以官方为准）,150,310,TZ190HSAMCF61,无,纬湃汽车,无,无
68031,猎光e:NS2,永磁/同步,150,204,310,无,无,无,无,无,单电机,前置,(标配)首任车主十年不限公里（责任免除条款以官方为准）,150,310,TZ190HSAMCF61,无,纬湃汽车,无,无
68033,猎光e:NS2,永磁/同步,150,204,310,无,无,无,无,无,单电机,前置,(标配)首任车主十年不限公里（责任免除条款以官方为准）,150,310,TZ190HSAMCF61,无,纬湃汽车,无,无
66473,猎光e:NS2,永磁/同步,150,204,310,无,无,无,无,无,单电机,前置,(标配)首任车主十年不限公里（责任免除条款以官方为准）,150,310,TZ190HSAMCF61,无,纬湃汽车,无,无
68308,保时捷911,无,无,无,无,无,无,无,无,无,无,无,无,无,无,无,无,无,无,无
70029,保时捷911,无,无,无,无,无,无,无,无,无,无,无,无,无,无,无,无,无,无,无
68523,保时捷911,无,无,无,无,无,无,无,无,无,无,无,无,无,无,无,无,无,无,无
68526,保时捷911,永磁/同步,41,56,无,无,无,398,541,610,单电机,后置,无,无,无,无,无,无,无,无
57794,保时捷911,永磁/同步,41,56,无,无,无,398,541,610,单电机,后置,无,无,无,无,无,无,无,无
60599,保时捷911,永磁/同步,41,56,无,无,无,398,541,610,单电机,后置,无,无,无,无,无,无,无,无
57799,保时捷911,永磁/同步,41,56,无,无,无,398,541,610,单电机,后置,无,无,无,无,无,无,无,无
57793,保时捷911,永磁/同步,41,56,无,无,无,398,541,610,单电机,后置,无,无,无,无,无,无,无,无
68522,保时捷911,无,无,无,无,无,无,无,无,无,无,无,无,无,无,无,无,无,无,无
57800,保时捷911,无,无,无,无,无,无,无,无,无,无,无,无,无,无,无,无,无,无,无
70415,保时捷911,无,无,无,无,无,无,无,无,无,无,无,无,无,无,无,无,无,无,无
63210,保时捷911,无,无,无,无,无,无,无,无,无,无,无,无,无,无,无,无,无,无,无
57797,保时捷911,无,无,无,无,无,无,无,无,无,无,无,无,无,无,无,无,无,无,无
57801,保时捷911,无,无,无,无,无,无,无,无,无,无,无,无,无,无,无,无,无,无,无
60167,保时捷911,无,无,无,无,无,无,无,无,无,无,无,无,无,无,无,无,无,无,无
70553,保时捷911,无,无,无,无,无,无,无,无,无,无,无,无,无,无,无,无,无,无,无
69490,保时捷911,无,无,无,无,无,无,无,无,无,无,无,无,无,无,无,无,无,无,无
57792,保时捷911,无,无,无,无,无,无,无,无,无,无,无,无,无,无,无,无,无,无,无
57798,保时捷911,无,无,无,无,无,无,无,无,无,无,无,无,无,无,无,无,无,无,无
68527,保时捷911,无,无,无,无,无,无,无,无,无,无,无,无,无,无,无,无,无,无,无
57796,保时捷911,无,无,无,无,无,无,无,无,无,无,无,无,无,无,无,无,无,无,无
57802,保时捷911,无,无,无,无,无,无,无,无,无,无,无,无,无,无,无,无,无,无,无
68524,保时捷911,无,无,无,无,无,无,无,无,无,无,无,无,无,无,无,无,无,无,无
57795,保时捷911,无,无,无,无,无,无,无,无,无,无,无,无,无,无,无,无,无,无,无
68520,保时捷911,无,无,无,无,无,无,无,无,无,无,无,无,无,无,无,无,无,无,无
57803,保时捷911,无,无,无,无,无,无,无,无,无,无,无,无,无,无,无,无,无,无,无
67097,Taycan,永磁/同步,300,408,410,300,410,无,无,无,单电机,后置,无,无,无,无,无,无,无,无
66694,Taycan,永磁/同步,380,517,710,无,无,无,无,无,双电机,前置+后置,无,无,无,无,无,无,无,无
66696,Taycan,永磁/同步,515,700,790,无,无,无,无,无,双电机,前置+后置,无,无,无,无,无,无,无,无
67096,Taycan,永磁/同步,650,884,940,无,无,无,无,无,双电机,前置+后置,无,无,无,无,无,无,无,无
70717,Taycan,永磁/同步,700,952,1110,无,无,无,无,无,双电机,前置+后置,无,无,无,无,无,无,无,无
66697,Taycan,永磁/同步,760,1034,1300,无,无,无,无,无,双电机,前置+后置,无,无,无,无,无,无,无,无
67999,Taycan,永磁/同步,760,1034,1300,无,无,无,无,无,双电机,前置+后置,无,无,无,无,无,无,无,无
66590,Taycan,永磁/同步,320,435,585,无,无,无,无,无,双电机,前置+后置,无,无,无,无,无,无,无,无
67098,Taycan,永磁/同步,440,598,695,无,无,无,无,无,双电机,前置+后置,无,无,无,无,无,无,无,无
67099,Taycan,永磁/同步,650,884,940,无,无,无,无,无,双电机,前置+后置,无,无,无,无,无,无,无,无
68381,Cayenne新能源,永磁/同步,100,136,400,100,400,293,398,650,单电机,后置,(标配)八年或16万公里,无,无,无,无,无,无,无
64514,Cayenne新能源,永磁/同步,100,136,400,100,400,293,398,650,单电机,后置,(标配)八年或16万公里,无,无,无,无,无,无,无
68383,Cayenne新能源,永磁/同步,130,177,460,130,460,382,520,750,单电机,后置,(标配)八年或16万公里,无,无,无,无,无,无,无
65016,Cayenne新能源,永磁/同步,130,177,460,130,460,382,520,750,单电机,后置,(标配)八年或16万公里,无,无,无,无,无,无,无
68385,Cayenne新能源,永磁/同步,130,176,460,130,460,544,739,950,单电机,后置,(标配)八年或16万公里,无,无,无,无,无,无,无
62501,Cayenne新能源,永磁/同步,130,176,460,130,460,544,739,950,单电机,后置,(标配)八年或16万公里,无,无,无,无,无,无,无
64513,Cayenne新能源,永磁/同步,100,136,400,100,400,293,398,650,单电机,后置,(标配)八年或16万公里,无,无,无,无,无,无,无
68382,Cayenne新能源,永磁/同步,100,136,400,100,400,293,398,650,单电机,后置,(标配)八年或16万公里,无,无,无,无,无,无,无
68384,Cayenne新能源,永磁/同步,130,177,460,130,460,382,520,750,单电机,后置,(标配)八年或16万公里,无,无,无,无,无,无,无
62500,Cayenne新能源,永磁/同步,130,177,460,130,460,382,520,750,单电机,后置,(标配)八年或16万公里,无,无,无,无,无,无,无
65015,Cayenne新能源,永磁/同步,130,176,460,130,460,544,739,950,单电机,后置,(标配)八年或16万公里,无,无,无,无,无,无,无
68386,Cayenne新能源,永磁/同步,130,176,460,130,460,544,739,950,单电机,后置,(标配)八年或16万公里,无,无,无,无,无,无,无
60569,Macan新能源,永磁/同步,300,408,650,无,无,无,无,无,双电机,前置+后置,无,无,无,无,无,无,无,无
72223,Macan新能源,永磁/同步,265,360,563,无,无,无,无,无,单电机,后置,无,无,无,无,无,无,无,无
69233,Macan新能源,永磁/同步,300,408,650,无,无,无,无,无,双电机,前置+后置,无,无,无,无,无,无,无,无
66569,Macan新能源,永磁/同步,470,639,1130,无,无,无,无,无,双电机,前置+后置,无,无,无,无,无,无,无,无
56918,Panamera新能源,无,140,190,450,140,450,346,470,650,单电机,后置,无,无,无,无,无,无,无,无
67461,Panamera新能源,无,140,190,450,140,450,346,470,650,单电机,后置,无,无,无,无,无,无,无,无
56917,Panamera新能源,无,140,190,450,140,450,400,544,750,单电机,后置,无,无,无,无,无,无,无,无
67460,Panamera新能源,无,140,190,450,140,450,500,680,930,单电机,后置,无,无,无,无,无,无,无,无
59233,Panamera新能源,无,140,190,450,140,450,500,680,930,单电机,后置,无,无,无,无,无,无,无,无
56910,Panamera新能源,无,100,无,400,无,无,340,无,700,单电机,后置,(标配)八年或16万公里,无,无,无,无,无,无,无
56912,Panamera新能源,无,100,无,400,无,无,340,无,700,单电机,后置,(标配)八年或16万公里,无,无,无,无,无,无,无
67462,Panamera新能源,无,100,无,400,无,无,340,无,700,单电机,后置,(标配)八年或16万公里,无,无,无,无,无,无,无
66022,Panamera新能源,无,100,无,400,无,无,340,无,700,单电机,后置,(标配)八年或16万公里,无,无,无,无,无,无,无
59234,Panamera新能源,无,100,无,400,无,无,340,无,700,单电机,后置,(标配)八年或16万公里,无,无,无,无,无,无,无
64338,Panamera新能源,无,100,无,400,无,无,412,无,750,单电机,后置,(标配)八年或16万公里,无,无,无,无,无,无,无
56913,Panamera新能源,无,100,无,400,无,无,412,无,750,单电机,后置,(标配)八年或16万公里,无,无,无,无,无,无,无
56919,Panamera新能源,无,100,无,400,无,无,515,无,870,单电机,后置,(标配)八年或16万公里,无,无,无,无,无,无,无
72016,Model Y,永磁/同步,220,299,440,220,440,无,无,无,单电机,后置,(标配)八年或16万公里,无,无,无,4D3,无,特斯拉,无
72017,Model Y,前感应/异步 后永磁/同步,331,450,559,194,340,无,无,无,双电机,前置+后置,(标配)八年或19.2万公里,137,219,3D3,3D7,特斯拉,特斯拉,无
71369,Model 3,永磁/同步,194,264,340,194,340,无,无,无,单电机,后置,(标配)八年或16万公里,无,无,无,3D7,无,特斯拉,无
67550,Model 3,前感应/异步 后永磁/同步,343,466,723,265,无,无,无,无,双电机,前置+后置,(标配)八年或19.2万公里,137,无,3D3,4D2,特斯拉,特斯拉,无
64538,Model 3,前感应/异步 后永磁/同步,331,450,559,194,340,无,无,无,双电机,前置+后置,(标配)八年或19.2万公里,137,219,3D3,3D7,特斯拉,特斯拉,无
61092,Model S,前永磁/同步 后交流/异步,442,670,无,无,无,无,无,无,双电机,前置+后置,(标配)八年或24万公里,无,无,3D8,3D1,无,无,无
61210,Model S,前永磁/同步 后交流/异步,590,1020,无,无,无,无,无,无,三电机,前置+后置,(标配)八年或24万公里,无,无,5D1,5D2,无,无,无
61211,Model X,前永磁/同步 后交流/异步,442,670,无,无,无,无,无,无,双电机,前置+后置,(标配)八年或24万公里,无,无,3D8,3D1,无,无,无
61093,Model X,前永磁/同步 后交流/异步,590,1020,无,无,无,无,无,无,三电机,前置+后置,(标配)八年或24万公里,无,无,5D1,5D2,无,无,无
63903,红旗H5,无,无,无,无,无,无,无,无,无,无,无,无,无,无,无,无,无,无,无
69177,红旗H5,无,无,无,无,无,无,无,无,无,无,无,无,无,无,无,无,无,无,无
63902,红旗H5,无,无,无,无,无,无,无,无,无,无,无,无,无,无,无,无,无,无,无
63907,红旗H5,永磁/同步,140,190,280,无,无,无,无,无,单电机,前置,无,140,280,无,无,无,无,无
69340,红旗H5,永磁/同步,140,190,280,无,无,无,无,无,单电机,前置,无,140,280,无,无,无,无,无
69242,红旗H5,永磁/同步,140,190,280,无,无,无,无,无,单电机,前置,无,140,280,无,无,无,无,无
69321,红旗H5,无,无,无,无,无,无,无,无,无,无,无,无,无,无,无,无,无,无,无
70019,红旗H5,无,无,无,无,无,无,无,无,无,无,无,无,无,无,无,无,无,无,无
63905,红旗H5,无,无,无,无,无,无,无,无,无,无,无,无,无,无,无,无,无,无,无
63908,红旗H5,无,无,无,无,无,无,无,无,无,无,无,无,无,无,无,无,无,无,无
63909,红旗H5,无,无,无,无,无,无,无,无,无,无,无,无,无,无,无,无,无,无,无
70017,红旗H5,无,无,无,无,无,无,无,无,无,无,无,无,无,无,无,无,无,无,无
70015,红旗H5,永磁/同步,140,190,280,无,无,无,无,无,单电机,前置,无,140,280,无,无,无,无,无
63906,红旗H5,永磁/同步,140,190,280,无,无,无,无,无,单电机,前置,无,140,280,无,无,无,无,无
63904,红旗H5,永磁/同步,140,190,280,无,无,无,无,无,单电机,前置,无,140,280,无,无,无,无,无
70018,红旗H5,无,无,无,无,无,无,无,无,无,无,无,无,无,无,无,无,无,无,无
70016,红旗H5,无,无,无,无,无,无,无,无,无,无,无,无,无,无,无,无,无,无,无
69339,红旗H5,无,无,无,无,无,无,无,无,无,无,无,无,无,无,无,无,无,无,无
71604,红旗天工05,永磁/同步,210,286,317,210,317,无,无,无,单电机,后置,(标配)八年或15万公里,无,无,无,无,无,无,(标配)终身质保/非营运（责任免除条款以官方为准）
71948,红旗天工05,永磁/同步,210,286,317,210,317,无,无,无,单电机,后置,(标配)八年或15万公里,无,无,无,无,无,无,(标配)终身质保/非营运（责任免除条款以官方为准）
71947,红旗天工05,永磁/同步,210,286,317,210,317,无,无,无,单电机,后置,(标配)八年或15万公里,无,无,无,无,无,无,(标配)终身质保/非营运（责任免除条款以官方为准）
70751,红旗天工05,永磁/同步,210,286,317,210,317,无,无,无,单电机,后置,(标配)八年或15万公里,无,无,无,无,无,无,(标配)终身质保/非营运（责任免除条款以官方为准）
63687,红旗HS3,无,无,无,无,无,无,无,无,无,无,无,无,无,无,无,无,无,无,无
63841,红旗HS3,无,无,无,无,无,无,无,无,无,无,无,无,无,无,无,无,无,无,无
63607,红旗HS3,无,无,无,无,无,无,无,无,无,无,无,无,无,无,无,无,无,无,无
69593,红旗HS3,无,无,无,无,无,无,无,无,无,无,无,无,无,无,无,无,无,无,无
69591,红旗HS3,无,无,无,无,无,无,无,无,无,无,无,无,无,无,无,无,无,无,无
61560,红旗HS3,无,无,无,无,无,无,无,无,无,无,无,无,无,无,无,无,无,无,无
69590,红旗HS3,永磁/同步,140,190,280,无,无,无,无,无,单电机,前置,无,140,280,无,无,无,无,无
63436,红旗HS3,无,无,无,无,无,无,无,无,无,无,无,无,无,无,无,无,无,无,无
69592,红旗HS3,无,无,无,无,无,无,无,无,无,无,无,无,无,无,无,无,无,无,无
67736,红旗国雅,永磁/同步,160,218,281,无,无,无,无,无,单电机,无,无,无,无,无,无,无,无,无
67737,红旗国雅,永磁/同步,160,218,281,无,无,无,无,无,单电机,无,无,无,无,无,无,无,无,无
69707,红旗HS7 PHEV,无,168,228,340,无,无,无,0,无,单电机,前置,无,168,340,CAM220PT15,无,无,无,无
72395,红旗HS7 PHEV,无,168,228,340,无,无,无,0,无,单电机,前置,无,168,340,CAM220PT15,无,无,无,无
69706,红旗HS7 PHEV,无,238,324,无,70,160,358,487,无,双电机,前置+后置,无,168,340,CAM220PT15,CAM190PT1,无,无,无
69072,红旗HS7 PHEV,无,238,324,无,70,160,358,487,无,双电机,前置+后置,无,168,340,CAM220PT15,CAM190PT1,无,无,无
66660,红旗HS7 PHEV,无,238,324,无,70,160,358,487,无,双电机,前置+后置,无,168,340,CAM220PT15,CAM190PT1,无,无,无
72394,红旗HS7 PHEV,无,238,324,无,70,160,358,487,无,双电机,前置+后置,无,168,340,CAM220PT15,CAM190PT1,无,无,无
67710,红旗E-QM5,永磁/同步,100,136,260,无,无,无,无,无,单电机,前置,(标配)五年或50万公里,100,260,CAM210PT6,无,株洲中车时代电气,无,无
67711,红旗E-QM5,永磁/同步,100,136,260,无,无,无,无,无,单电机,前置,(标配)八年或80万公里,100,260,CAM210PT6,无,株洲中车时代电气,无,无
56058,红旗E-QM5,永磁/同步,100,136,260,无,无,无,无,无,单电机,前置,(标配)八年或80万公里,100,260,CAM210PT6,无,株洲中车时代电气,无,无
67051,红旗E-QM5,永磁/同步,100,136,260,无,无,无,无,无,单电机,前置,(标配)八年或15万公里,100,260,CAM210PT6,无,株洲中车时代电气,无,无
67709,红旗E-QM5,永磁/同步,100,136,无,无,无,无,无,无,单电机,前置,(标配)八年或60万公里,100,无,无,无,无,无,无
67738,红旗HS3 PHEV,永磁/同步,140,190,280,无,无,无,无,无,单电机,前置,无,140,280,CAM220PT4,无,无,无,无
66441,红旗天工08,永磁/同步,253,344,450,253,450,无,无,无,单电机,后置,无,无,无,无,CAM220PT8,无,中国第一汽车集团,无
72443,红旗天工08,永磁/同步,455,619,756,253,450,无,无,无,双电机,前置+后置,无,202,无,CAM190PT2,CAM220PT8,中国第一汽车集团,中国第一汽车集团,无
71322,红旗天工08,永磁/同步,253,344,450,253,450,无,无,无,单电机,后置,无,无,无,无,CAM220PT8,无,中国第一汽车集团,无
72444,红旗天工08,永磁/同步,253,344,450,253,450,无,无,无,单电机,后置,无,无,无,无,CAM220PT8,无,中国第一汽车集团,无
66466,红旗天工08,永磁/同步,455,619,756,253,450,无,无,无,双电机,前置+后置,无,202,无,CAM190PT2,CAM220PT8,中国第一汽车集团,中国第一汽车集团,无
71321,红旗天工08,永磁/同步,253,344,450,253,450,无,无,无,单电机,后置,无,无,无,无,CAM220PT8,无,中国第一汽车集团,无
71320,红旗天工08,永磁/同步,455,619,756,253,450,无,无,无,双电机,前置+后置,无,202,无,CAM190PT2,CAM220PT8,中国第一汽车集团,中国第一汽车集团,无
67052,红旗E-HS9,永磁/同步,320,435,600,160,300,无,无,无,双电机,前置+后置,(标配)八年或16万公里,160,300,CAM220PT2,CAM220PT2,精进电动,精进电动,无
69768,红旗E-HS9,永磁/同步,320,435,600,160,300,无,无,无,双电机,前置+后置,(标配)八年或16万公里,160,300,CAM220PT2,CAM220PT2,精进电动,精进电动,无
69770,红旗E-HS9,永磁/同步,405,551,750,245,450,无,无,无,双电机,前置+后置,(标配)八年或16万公里,160,300,CAM220PT2,CAM250PT1,精进电动,精进电动,无
67054,红旗E-HS9,永磁/同步,405,551,750,245,450,无,无,无,双电机,前置+后置,(标配)八年或16万公里,160,300,CAM220PT2,CAM250PT1,精进电动,精进电动,无
69769,红旗E-HS9,永磁/同步,320,435,600,160,300,无,无,无,双电机,前置+后置,(标配)八年或16万公里,160,300,CAM220PT2,CAM220PT2,精进电动,精进电动,无
67055,红旗E-HS9,永磁/同步,320,435,600,160,300,无,无,无,双电机,前置+后置,(标配)八年或16万公里,160,300,CAM220PT2,CAM220PT2,精进电动,精进电动,无
69767,红旗E-HS9,永磁/同步,405,551,750,245,450,无,无,无,双电机,前置+后置,(标配)八年或16万公里,160,300,CAM220PT2,CAM250PT1,精进电动,精进电动,无
67053,红旗E-HS9,永磁/同步,405,551,750,245,450,无,无,无,双电机,前置+后置,(标配)八年或16万公里,160,300,CAM220PT2,CAM250PT1,精进电动,精进电动,无
67489,红旗HQ9 PHEV,无,210,286,无,70,无,300,408,820,双电机,前置+后置,无,140,无,CAM220PT4,CAM190PT1,无,无,无
64594,红旗HQ9 PHEV,无,210,286,无,70,无,300,408,820,双电机,前置+后置,无,140,无,CAM220PT4,CAM190PT1,无,无,无
67490,红旗HQ9 PHEV,无,210,286,无,70,无,300,408,820,双电机,前置+后置,无,140,无,CAM220PT4,CAM190PT1,无,无,无
67297,红旗EH7,永磁/同步,253,344,450,253,450,无,无,无,单电机,后置,无,无,无,无,CAM220PT8,无,中国一汽,无
69710,红旗EH7,永磁/同步,253,344,450,253,450,无,无,无,单电机,后置,无,无,无,无,CAM220PT8,无,中国一汽,无
69709,红旗EH7,永磁/同步,455,619,756,253,450,无,无,无,双电机,前置+后置,无,202,306,CAM190PT2,CAM220PT8,中国一汽,中国一汽,无
66954,红旗EH7,永磁/同步,253,344,450,253,450,无,无,无,单电机,后置,无,无,无,无,CAM220PT8,无,中国一汽,无
67298,红旗EH7,永磁/同步,455,619,756,253,450,无,无,无,双电机,前置+后置,无,202,306,CAM190PT2,CAM220PT8,中国一汽,中国一汽,无
65254,红旗EH7,永磁/同步,253,344,450,253,450,无,无,无,单电机,后置,无,无,无,无,CAM220PT8,无,中国一汽,无
69713,红旗EH7,永磁/同步,253,344,450,253,450,无,无,无,单电机,后置,无,无,无,无,CAM220PT8,无,中国一汽,无
65253,红旗EH7,永磁/同步,455,619,756,253,450,无,无,无,双电机,前置+后置,无,202,306,CAM190PT2,CAM220PT8,中国一汽,中国一汽,无
69711,红旗EH7,永磁/同步,253,344,450,253,450,无,无,无,单电机,后置,无,无,无,无,CAM220PT8,无,中国一汽,无
69712,红旗EH7,永磁/同步,455,619,756,253,450,无,无,无,双电机,前置+后置,无,202,306,CAM190PT2,CAM220PT8,中国一汽,中国一汽,无
1020495,红旗国悦新能源,永磁/同步,180,245,410,180,410,无,无,无,单电机,后置,无,无,无,无,无,无,无,无
1020496,红旗国悦新能源,永磁/同步,180,245,410,180,410,无,无,无,单电机,后置,无,无,无,无,无,无,无,无
66312,凯美瑞,永磁/同步,83,113,206,无,无,145,197,无,单电机,前置,无,无,无,无,无,无,无,无
67022,凯美瑞,永磁/同步,83,113,206,无,无,145,197,无,单电机,前置,无,无,无,无,无,无,无,无
71194,凯美瑞,永磁/同步,100,136,208,无,无,169,230,无,单电机,前置,无,100,208,无,无,无,无,无
66314,凯美瑞,永磁/同步,100,136,208,无,无,169,230,无,单电机,前置,无,100,208,无,无,无,无,无
67023,凯美瑞,永磁/同步,83,113,206,无,无,145,197,无,单电机,前置,无,无,无,无,无,无,无,无
71005,凯美瑞,永磁/同步,83,113,206,无,无,145,197,无,单电机,前置,无,无,无,无,无,无,无,无
66313,凯美瑞,永磁/同步,83,113,206,无,无,145,197,无,单电机,前置,无,无,无,无,无,无,无,无
66310,凯美瑞,永磁/同步,83,113,206,无,无,145,197,无,单电机,前置,无,无,无,无,无,无,无,无
65877,凯美瑞,永磁/同步,83,113,206,无,无,145,197,无,单电机,前置,无,无,无,无,无,无,无,无
66311,凯美瑞,无,无,无,无,无,无,无,无,无,无,无,无,无,无,无,无,无,无,无
65749,凯美瑞,无,无,无,无,无,无,无,无,无,无,无,无,无,无,无,无,无,无,无
65878,凯美瑞,无,无,无,无,无,无,无,无,无,无,无,无,无,无,无,无,无,无,无
72518,凯美瑞,无,无,无,无,无,无,无,无,无,无,无,无,无,无,无,无,无,无,无
65938,凯美瑞,永磁/同步,100,136,208,无,无,169,230,无,单电机,前置,无,100,208,无,无,无,无,无
66647,凯美瑞,永磁/同步,100,136,208,无,无,169,230,无,单电机,前置,无,100,208,无,无,无,无,无
72519,凯美瑞,永磁/同步,100,136,208,无,无,169,230,无,单电机,前置,无,100,208,无,无,无,无,无
67254,赛那SIENNA,永磁/同步,134,182,270,无,无,181,246,无,单电机,前置,无,134,270,无,无,无,无,无
67252,赛那SIENNA,永磁/同步,134,182,270,无,无,181,246,无,单电机,前置,无,134,270,无,无,无,无,无
66455,赛那SIENNA,永磁/同步,134,182,270,无,无,181,246,无,单电机,前置,无,134,270,无,无,无,无,无
67256,赛那SIENNA,永磁/同步,174,237,391,40,121,181,246,无,双电机,前置+后置,无,134,270,无,无,无,无,无
67257,赛那SIENNA,永磁/同步,134,182,270,无,无,181,246,无,单电机,前置,无,134,270,无,无,无,无,无
67251,赛那SIENNA,永磁/同步,174,237,391,40,121,181,246,无,双电机,前置+后置,无,134,270,无,无,无,无,无
67253,赛那SIENNA,永磁/同步,134,182,270,无,无,181,246,无,单电机,前置,无,134,270,无,无,无,无,无
67930,赛那SIENNA,永磁/同步,134,182,270,无,无,181,246,无,单电机,前置,无,134,270,无,无,无,无,无
67255,赛那SIENNA,永磁/同步,134,182,270,无,无,181,246,无,单电机,前置,无,134,270,无,无,无,无,无
68219,汉兰达,永磁/同步,134,182,270,无,无,181,246,无,单电机,前置,无,134,270,无,无,无,无,无
68216,汉兰达,永磁/同步,134,182,270,无,无,181,246,无,单电机,前置,无,134,270,无,无,无,无,无
68555,汉兰达,永磁/同步,134,182,270,无,无,181,246,无,单电机,前置,无,134,270,无,无,无,无,无
68218,汉兰达,永磁/同步,134,182,270,无,无,181,246,无,单电机,前置,无,134,270,无,无,无,无,无
68217,汉兰达,永磁/同步,174,237,391,40,121,181,246,无,双电机,前置+后置,无,134,270,无,无,无,无,无
68554,汉兰达,永磁/同步,174,237,391,40,121,181,246,无,双电机,前置+后置,无,134,270,无,无,无,无,无
68556,汉兰达,永磁/同步,174,237,391,40,121,181,246,无,双电机,前置+后置,无,134,270,无,无,无,无,无
68215,汉兰达,永磁/同步,174,237,391,40,121,181,246,无,双电机,前置+后置,无,134,270,无,无,无,无,无
68553,汉兰达,无,无,无,无,无,无,无,无,无,无,无,无,无,无,无,无,无,无,无
68220,汉兰达,无,无,无,无,无,无,无,无,无,无,无,无,无,无,无,无,无,无,无
68221,汉兰达,无,无,无,无,无,无,无,无,无,无,无,无,无,无,无,无,无,无,无
68453,RAV4荣放,无,无,无,无,无,无,无,无,无,无,无,无,无,无,无,无,无,无,无
68451,RAV4荣放,无,无,无,无,无,无,无,无,无,无,无,无,无,无,无,无,无,无,无
68450,RAV4荣放,无,无,无,无,无,无,无,无,无,无,无,无,无,无,无,无,无,无,无
68454,RAV4荣放,无,无,无,无,无,无,无,无,无,无,无,无,无,无,无,无,无,无,无
68449,RAV4荣放,无,无,无,无,无,无,无,无,无,无,无,无,无,无,无,无,无,无,无
68456,RAV4荣放,永磁/同步,88,无,202,无,无,160,218,无,单电机,前置,无,88,202,无,无,无,无,无
68457,RAV4荣放,永磁/同步,128,无,323,40,121,163,222,无,双电机,前置+后置,无,88,202,无,无,无,无,无
71930,普拉多,永磁/同步,40,54,290,无,无,243,330,630,单电机,前置,无,40,290,无,无,无,无,无
66837,普拉多,永磁/同步,40,54,290,无,无,243,330,630,单电机,前置,无,40,290,无,无,无,无,无
71959,普拉多,永磁/同步,40,54,290,无,无,243,330,630,单电机,前置,无,40,290,无,无,无,无,无
66898,普拉多,永磁/同步,40,54,290,无,无,243,330,630,单电机,前置,无,40,290,无,无,无,无,无
64019,普拉多,永磁/同步,40,54,290,无,无,243,330,630,单电机,前置,无,40,290,无,无,无,无,无
71958,普拉多,永磁/同步,40,54,290,无,无,243,330,630,单电机,前置,无,40,290,无,无,无,无,无
66836,普拉多,永磁/同步,40,54,290,无,无,243,330,630,单电机,前置,无,40,290,无,无,无,无,无
71960,普拉多,永磁/同步,40,54,290,无,无,243,330,630,单电机,前置,无,40,290,无,无,无,无,无
66838,普拉多,永磁/同步,40,54,290,无,无,243,330,630,单电机,前置,无,40,290,无,无,无,无,无
67204,亚洲龙,无,无,无,无,无,无,无,无,无,无,无,无,无,无,无,无,无,无,无
68975,亚洲龙,无,无,无,无,无,无,无,无,无,无,无,无,无,无,无,无,无,无,无
68974,亚洲龙,无,无,无,无,无,无,无,无,无,无,无,无,无,无,无,无,无,无,无
68978,亚洲龙,永磁/同步,83,113,206,无,无,145,197,无,单电机,前置,无,83,206,无,无,无,无,无
67206,亚洲龙,永磁/同步,83,113,206,无,无,145,197,无,单电机,前置,无,83,206,无,无,无,无,无
68977,亚洲龙,永磁/同步,83,113,206,无,无,145,197,无,单电机,前置,无,83,206,无,无,无,无,无
68976,亚洲龙,永磁/同步,83,113,206,无,无,145,197,无,单电机,前置,无,83,206,无,无,无,无,无
68979,亚洲龙,永磁/同步,100,136,208,无,无,172,234,无,单电机,前置,无,100,208,无,无,无,无,无
67205,亚洲龙,永磁/同步,100,136,208,无,无,172,234,无,单电机,前置,无,100,208,无,无,无,无,无
63170,卡罗拉,永磁/同步,70,95,185,无,无,101,137,无,单电机,前置,(标配)八年或20万公里,70,185,无,无,无,无,无
63173,卡罗拉,永磁/同步,70,95,185,无,无,101,137,无,单电机,前置,(标配)八年或20万公里,70,185,无,无,无,无,无
68964,卡罗拉,永磁/同步,70,95,185,无,无,101,137,无,单电机,前置,(标配)八年或20万公里,70,185,无,无,无,无,无
63177,卡罗拉,无,无,无,无,无,无,无,无,无,无,无,无,无,无,无,无,无,无,无
63175,卡罗拉,无,无,无,无,无,无,无,无,无,无,无,无,无,无,无,无,无,无,无
67629,卡罗拉,无,无,无,无,无,无,无,无,无,无,无,无,无,无,无,无,无,无,无
67631,卡罗拉,永磁/同步,70,95,185,无,无,101,137,无,单电机,前置,(标配)八年或20万公里,70,185,无,无,无,无,无
67630,卡罗拉,永磁/同步,70,95,185,无,无,101,137,无,单电机,前置,(标配)八年或20万公里,70,185,无,无,无,无,无
63174,卡罗拉,永磁/同步,70,95,185,无,无,101,137,无,单电机,前置,(标配)八年或20万公里,70,185,无,无,无,无,无
60976,卡罗拉,无,无,无,无,无,无,无,无,无,无,无,无,无,无,无,无,无,无,无
63176,卡罗拉,无,无,无,无,无,无,无,无,无,无,无,无,无,无,无,无,无,无,无
68962,卡罗拉,无,无,无,无,无,无,无,无,无,无,无,无,无,无,无,无,无,无,无
68963,卡罗拉,无,无,无,无,无,无,无,无,无,无,无,无,无,无,无,无,无,无,无
63172,卡罗拉,无,无,无,无,无,无,无,无,无,无,无,无,无,无,无,无,无,无,无
63171,卡罗拉,无,无,无,无,无,无,无,无,无,无,无,无,无,无,无,无,无,无,无
68951,锋兰达,无,无,无,无,无,无,无,无,无,无,无,无,无,无,无,无,无,无,无
68930,锋兰达,无,无,无,无,无,无,无,无,无,无,无,无,无,无,无,无,无,无,无
68932,锋兰达,无,无,无,无,无,无,无,无,无,无,无,无,无,无,无,无,无,无,无
68931,锋兰达,无,无,无,无,无,无,无,无,无,无,无,无,无,无,无,无,无,无,无
68952,锋兰达,无,无,无,无,无,无,无,无,无,无,无,无,无,无,无,无,无,无,无
68953,锋兰达,无,无,无,无,无,无,无,无,无,无,无,无,无,无,无,无,无,无,无
71236,锋兰达,无,无,无,无,无,无,无,无,无,无,无,无,无,无,无,无,无,无,无
68950,锋兰达,永磁/同步,83,113,206,无,无,144,196,无,单电机,前置,无,83,206,无,无,无,无,无
68933,锋兰达,永磁/同步,83,113,206,无,无,144,196,无,单电机,前置,无,83,206,无,无,无,无,无
71250,锋兰达,永磁/同步,83,113,206,无,无,144,196,无,单电机,前置,无,83,206,无,无,无,无,无
68929,锋兰达,永磁/同步,83,113,206,无,无,144,196,无,单电机,前置,无,83,206,无,无,无,无,无
67133,格瑞维亚,永磁/同步,134,182,270,无,无,181,246,无,单电机,前置,无,134,270,无,无,无,无,无
67129,格瑞维亚,永磁/同步,134,182,270,无,无,181,246,无,单电机,前置,无,134,270,无,无,无,无,无
67130,格瑞维亚,永磁/同步,134,182,270,无,无,181,246,无,单电机,前置,无,134,270,无,无,无,无,无
67131,格瑞维亚,永磁/同步,134,182,270,无,无,181,246,无,单电机,前置,无,134,270,无,无,无,无,无
67132,格瑞维亚,永磁/同步,134,182,270,无,无,181,246,无,单电机,前置,无,134,270,无,无,无,无,无
66456,格瑞维亚,永磁/同步,134,182,270,无,无,181,246,无,单电机,前置,无,134,270,无,无,无,无,无
67134,格瑞维亚,永磁/同步,174,237,391,40,121,181,246,无,双电机,前置+后置,无,134,270,无,无,无,无,无
68314,皇冠陆放,无,无,无,无,无,无,无,无,无,无,无,无,无,无,无,无,无,无,无
68317,皇冠陆放,无,无,无,无,无,无,无,无,无,无,无,无,无,无,无,无,无,无,无
67586,皇冠陆放,永磁/同步,134,182,270,无,无,181,246,无,单电机,前置,(标配)八年或20万公里,134,270,无,无,无,无,无
68316,皇冠陆放,永磁/同步,174,237,391,40,121,181,246,无,双电机,前置+后置,(标配)八年或20万公里,134,270,无,无,无,无,无
68315,皇冠陆放,永磁/同步,174,237,391,40,121,181,246,无,双电机,前置+后置,(标配)八年或20万公里,134,270,无,无,无,无,无
68318,皇冠陆放,永磁/同步,174,237,391,40,121,181,246,无,双电机,前置+后置,(标配)八年或20万公里,134,270,无,无,无,无,无
63241,卡罗拉锐放,永磁/同步,83,113,206,无,无,144,196,无,单电机,前置,无,83,206,无,无,无,无,无
63020,卡罗拉锐放,永磁/同步,83,113,206,无,无,144,196,无,单电机,前置,无,83,206,无,无,无,无,无
64034,卡罗拉锐放,永磁/同步,83,113,206,无,无,144,196,无,单电机,前置,无,83,206,无,无,无,无,无
68733,卡罗拉锐放,永磁/同步,83,113,206,无,无,144,196,无,单电机,前置,无,83,206,无,无,无,无,无
67632,卡罗拉锐放,无,无,无,无,无,无,无,无,无,无,无,无,无,无,无,无,无,无,无
64079,卡罗拉锐放,无,无,无,无,无,无,无,无,无,无,无,无,无,无,无,无,无,无,无
67628,卡罗拉锐放,无,无,无,无,无,无,无,无,无,无,无,无,无,无,无,无,无,无,无
63019,卡罗拉锐放,无,无,无,无,无,无,无,无,无,无,无,无,无,无,无,无,无,无,无
61460,卡罗拉锐放,永磁/同步,83,113,206,无,无,144,196,无,单电机,前置,无,83,206,无,无,无,无,无
62996,卡罗拉锐放,永磁/同步,83,113,206,无,无,144,196,无,单电机,前置,无,83,206,无,无,无,无,无
68732,卡罗拉锐放,永磁/同步,83,113,206,无,无,144,196,无,单电机,前置,无,83,206,无,无,无,无,无
68734,卡罗拉锐放,永磁/同步,83,113,206,无,无,144,196,无,单电机,前置,无,83,206,无,无,无,无,无
68728,卡罗拉锐放,永磁/同步,83,113,206,无,无,144,196,无,单电机,前置,无,83,206,无,无,无,无,无
62733,卡罗拉锐放,永磁/同步,83,113,206,无,无,144,196,无,单电机,前置,无,83,206,无,无,无,无,无
68729,卡罗拉锐放,无,无,无,无,无,无,无,无,无,无,无,无,无,无,无,无,无,无,无
62927,卡罗拉锐放,无,无,无,无,无,无,无,无,无,无,无,无,无,无,无,无,无,无,无
64033,卡罗拉锐放,无,无,无,无,无,无,无,无,无,无,无,无,无,无,无,无,无,无,无
68723,卡罗拉锐放,无,无,无,无,无,无,无,无,无,无,无,无,无,无,无,无,无,无,无
62731,卡罗拉锐放,无,无,无,无,无,无,无,无,无,无,无,无,无,无,无,无,无,无,无
64032,卡罗拉锐放,无,无,无,无,无,无,无,无,无,无,无,无,无,无,无,无,无,无,无
64078,卡罗拉锐放,无,无,无,无,无,无,无,无,无,无,无,无,无,无,无,无,无,无,无
68544,威兰达,无,无,无,无,无,无,无,无,无,无,无,无,无,无,无,无,无,无,无
68541,威兰达,无,无,无,无,无,无,无,无,无,无,无,无,无,无,无,无,无,无,无
68542,威兰达,无,无,无,无,无,无,无,无,无,无,无,无,无,无,无,无,无,无,无
68539,威兰达,无,无,无,无,无,无,无,无,无,无,无,无,无,无,无,无,无,无,无
68506,威兰达,无,无,无,无,无,无,无,无,无,无,无,无,无,无,无,无,无,无,无
68538,威兰达,无,无,无,无,无,无,无,无,无,无,无,无,无,无,无,无,无,无,无
68546,威兰达,永磁/同步,88,120,202,无,121,160,218,无,单电机,前置,无,88,202,无,无,无,无,无
68540,威兰达,永磁/同步,88,120,202,无,121,160,218,无,单电机,前置,无,88,202,无,无,无,无,无
68507,威兰达,永磁/同步,128,174,323,40,121,163,222,无,双电机,前置+后置,无,88,202,无,无,无,无,无
68545,威兰达,永磁/同步,88,120,202,无,121,160,218,无,单电机,前置,无,88,202,无,无,无,无,无
68543,威兰达,永磁/同步,128,174,323,40,121,163,222,无,双电机,前置+后置,无,88,202,无,无,无,无,无
71586,铂智3X,永磁/同步,150,204,200,无,无,无,无,无,单电机,前置,(标配)八年或15万公里,150,200,TZ175XSAY501,无,尼得科,无,(标配)终身质保/非营运（责任免除条款以官方为准）
71588,铂智3X,永磁/同步,150,204,200,无,无,无,无,无,单电机,前置,(标配)八年或15万公里,150,200,TZ175XSAY501,无,尼得科,无,(标配)终身质保/非营运（责任免除条款以官方为准）
71013,铂智3X,永磁/同步,150,204,200,无,无,无,无,无,单电机,前置,(标配)八年或15万公里,150,200,TZ175XSAY501,无,尼得科,无,(标配)终身质保/非营运（责任免除条款以官方为准）
68066,铂智3X,永磁/同步,150,204,200,无,无,无,无,无,单电机,前置,(标配)八年或15万公里,150,200,TZ175XSAY501,无,尼得科,无,(标配)终身质保/非营运（责任免除条款以官方为准）
71589,铂智3X,永磁/同步,150,204,200,无,无,无,无,无,单电机,前置,(标配)八年或15万公里,150,200,TZ175XSAY501,无,尼得科,无,(标配)终身质保/非营运（责任免除条款以官方为准）
71012,铂智3X,永磁/同步,150,204,200,无,无,无,无,无,单电机,前置,(标配)八年或15万公里,150,200,TZ175XSAY501,无,尼得科,无,(标配)终身质保/非营运（责任免除条款以官方为准）
71587,铂智3X,永磁/同步,165,224,210,无,无,无,无,无,单电机,前置,(标配)八年或15万公里,165,210,TZ180XS135,无,苏州汇川,无,(标配)终身质保/非营运（责任免除条款以官方为准）
67982,皇冠(进口),永磁/同步,131.9,179,300,无,无,无,无,无,单电机,无,无,无,无,无,无,无,无,无
67981,皇冠(进口),永磁/同步,131.9,179,300,无,无,无,无,无,单电机,无,无,无,无,无,无,无,无,无
63539,埃尔法,永磁/同步,174,237,391,40,121,184,250,无,双电机,前置+后置,(标配)八年或12万公里,134,270,无,无,无,无,无
71307,埃尔法,永磁/同步,174,237,391,40,121,184,250,无,双电机,前置+后置,(标配)八年或12万公里,134,270,无,无,无,无,无
71306,埃尔法,永磁/同步,174,237,391,40,121,184,250,无,双电机,前置+后置,(标配)八年或12万公里,134,270,无,无,无,无,无
63540,埃尔法,永磁/同步,174,237,391,40,121,184,250,无,双电机,前置+后置,(标配)八年或12万公里,134,270,无,无,无,无,无
66667,雷凌,永磁/同步,70,95,185,无,无,101,137,无,单电机,前置,无,70,185,无,无,无,无,无
68949,雷凌,永磁/同步,70,95,185,无,无,101,137,无,单电机,前置,无,70,185,无,无,无,无,无
62134,雷凌,永磁/同步,70,95,185,无,无,101,137,无,单电机,前置,无,70,185,无,无,无,无,无
68947,雷凌,永磁/同步,70,95,185,无,无,101,137,无,单电机,前置,无,70,185,无,无,无,无,无
62136,雷凌,无,无,无,无,无,无,无,无,无,无,无,无,无,无,无,无,无,无,无
60635,雷凌,无,无,无,无,无,无,无,无,无,无,无,无,无,无,无,无,无,无,无
68948,雷凌,无,无,无,无,无,无,无,无,无,无,无,无,无,无,无,无,无,无,无
60634,雷凌,无,无,无,无,无,无,无,无,无,无,无,无,无,无,无,无,无,无,无
67326,雷凌,无,无,无,无,无,无,无,无,无,无,无,无,无,无,无,无,无,无,无
67325,雷凌,无,无,无,无,无,无,无,无,无,无,无,无,无,无,无,无,无,无,无
62133,雷凌,永磁/同步,70,95,185,无,无,101,137,无,单电机,前置,无,70,185,无,无,无,无,无
62135,雷凌,永磁/同步,70,95,185,无,无,101,137,无,单电机,前置,无,70,185,无,无,无,无,无
62132,雷凌,永磁/同步,70,95,185,无,无,101,137,无,单电机,前置,无,70,185,无,无,无,无,无
63227,凌放HARRIER,无,无,无,无,无,无,无,无,无,无,无,无,无,无,无,无,无,无,无
68447,凌放HARRIER,无,无,无,无,无,无,无,无,无,无,无,无,无,无,无,无,无,无,无
68441,凌放HARRIER,无,无,无,无,无,无,无,无,无,无,无,无,无,无,无,无,无,无,无
63230,凌放HARRIER,永磁/同步,88,120,202,无,无,160,218,无,单电机,前置,(标配)八年或20万公里,88,202,无,无,无,无,无
68442,凌放HARRIER,永磁/同步,128,174,323,40,121,163,222,无,双电机,前置+后置,(标配)八年或20万公里,88,202,无,无,无,无,无
63231,凌放HARRIER,永磁/同步,128,174,323,40,121,163,222,无,双电机,前置+后置,(标配)八年或20万公里,88,202,无,无,无,无,无
68446,凌放HARRIER,无,无,无,无,无,无,无,无,无,无,无,无,无,无,无,无,无,无,无
63228,凌放HARRIER,无,无,无,无,无,无,无,无,无,无,无,无,无,无,无,无,无,无,无
68443,凌放HARRIER,无,无,无,无,无,无,无,无,无,无,无,无,无,无,无,无,无,无,无
68444,凌放HARRIER,无,无,无,无,无,无,无,无,无,无,无,无,无,无,无,无,无,无,无
63225,凌放HARRIER,无,无,无,无,无,无,无,无,无,无,无,无,无,无,无,无,无,无,无
63229,凌放HARRIER,永磁/同步,88,120,202,无,无,160,218,无,单电机,前置,(标配)八年或20万公里,88,202,无,无,无,无,无
63226,凌放HARRIER,永磁/同步,128,174,323,40,121,163,222,无,双电机,前置+后置,(标配)八年或20万公里,88,202,无,无,无,无,无
63232,凌放HARRIER,永磁/同步,128,174,323,40,121,163,222,无,双电机,前置+后置,(标配)八年或20万公里,88,202,无,无,无,无,无
61459,凌放HARRIER,永磁/同步,128,174,323,40,121,163,222,无,双电机,前置+后置,(标配)八年或20万公里,88,202,无,无,无,无,无
61121,皇冠SportCross,无,88,120,202,无,无,无,无,无,单电机,前置,无,88,202,无,无,无,无,无
60295,皇冠SportCross,无,119.6,163,无,58.6,168.5,255,347,550.8,双电机,前置+后置,无,61,292,无,无,无,无,无
66470,丰田bZ3,永磁/同步,135,184,303,无,无,无,无,无,单电机,前置,(标配)十年或20万公里,135,303,TZ200-XS002,无,弗迪动力,无,无
66581,丰田bZ3,永磁/同步,180,245,303,无,无,无,无,无,单电机,前置,(标配)十年或20万公里,180,303,TZ200-XS002,无,弗迪动力,无,无
66582,丰田bZ3,永磁/同步,180,245,303,无,无,无,无,无,单电机,前置,(标配)十年或20万公里,180,303,TZ200-XS002,无,弗迪动力,无,无
62004,威飒,无,无,无,无,无,无,无,无,无,无,无,无,无,无,无,无,无,无,无
62008,威飒,无,无,无,无,无,无,无,无,无,无,无,无,无,无,无,无,无,无,无
68795,威飒,无,无,无,无,无,无,无,无,无,无,无,无,无,无,无,无,无,无,无
68793,威飒,无,无,无,无,无,无,无,无,无,无,无,无,无,无,无,无,无,无,无
68792,威飒,无,无,无,无,无,无,无,无,无,无,无,无,无,无,无,无,无,无,无
62005,威飒,永磁/同步,88,120,202,无,无,160,218,无,单电机,前置,无,88,202,无,无,无,无,无
68797,威飒,永磁/同步,88,120,202,无,无,160,218,无,单电机,前置,无,88,202,无,无,无,无,无
68618,威飒,永磁/同步,88,120,202,无,无,160,218,无,单电机,前置,无,88,202,无,无,无,无,无
61995,威飒,永磁/同步,88,120,202,无,无,160,218,无,单电机,前置,无,88,202,无,无,无,无,无
68799,威飒,永磁/同步,128,174,323,40,121,163,222,无,双电机,前置+后置,无,88,202,无,无,无,无,无
61996,威飒,无,无,无,无,无,无,无,无,无,无,无,无,无,无,无,无,无,无,无
62007,威飒,无,无,无,无,无,无,无,无,无,无,无,无,无,无,无,无,无,无,无
68794,威飒,无,无,无,无,无,无,无,无,无,无,无,无,无,无,无,无,无,无,无
62009,威飒,无,无,无,无,无,无,无,无,无,无,无,无,无,无,无,无,无,无,无
68798,威飒,永磁/同步,88,120,220,无,无,160,218,无,单电机,前置,无,88,220,无,无,无,无,无
68612,威飒,永磁/同步,88,120,220,无,无,160,218,无,单电机,前置,无,88,220,无,无,无,无,无
68796,威飒,永磁/同步,88,120,220,无,无,160,218,无,单电机,前置,无,88,220,无,无,无,无,无
62006,威飒,永磁/同步,128,174,341,40,121,163,222,无,双电机,前置+后置,无,88,220,无,无,无,无,无
71299,威尔法,永磁/同步,174,237,391,40,121,184,250,无,双电机,前置+后置,(标配)八年或12万公里,134,270,无,无,无,无,无
71298,威尔法,永磁/同步,174,237,391,40,121,184,250,无,双电机,前置+后置,(标配)八年或12万公里,134,270,无,无,无,无,无
63535,威尔法,永磁/同步,174,237,391,40,121,184,250,无,双电机,前置+后置,(标配)八年或12万公里,134,270,无,无,无,无,无
63534,威尔法,永磁/同步,174,237,391,40,121,184,250,无,双电机,前置+后置,(标配)八年或12万公里,134,270,无,无,无,无,无
65874,铂智4X,永磁/同步,150,204,266.3,无,无,无,无,无,单电机,前置,(标配)十年或20万公里,150,266.3,1XM,无,爱信,无,无
70807,铂智4X,永磁/同步,150,204,266.3,无,无,无,无,无,单电机,前置,(标配)十年或20万公里,150,266.3,1XM,无,爱信,无,无
70805,铂智4X,永磁/同步,150,204,266.3,无,无,无,无,无,单电机,前置,(标配)十年或20万公里,150,266.3,1XM,无,爱信,无,无
65872,铂智4X,永磁/同步,160,218,337,80,168.5,无,无,无,双电机,前置+后置,(标配)十年或20万公里,80,168.5,1YM,1YM,爱信,爱信,无
70808,铂智4X,永磁/同步,150,204,266.3,无,无,无,无,无,单电机,前置,(标配)十年或20万公里,150,266.3,无,无,无,无,无
70806,铂智4X,永磁/同步,150,204,266.3,无,无,无,无,无,单电机,前置,(标配)十年或20万公里,150,266.3,无,无,无,无,无
65875,铂智4X,永磁/同步,150,204,266.3,无,无,无,无,无,单电机,前置,(标配)十年或20万公里,150,266.3,无,无,无,无,无
65873,铂智4X,永磁/同步,160,218,337,80,168.5,无,无,无,双电机,前置+后置,(标配)十年或20万公里,80,168.5,无,无,无,无,无
64037,亚洲狮,永磁/同步,83,113,206,无,无,144,196,无,无,前置,(标配)八年或20万公里,83,206,无,无,无,无,无
61892,亚洲狮,永磁/同步,83,113,206,无,无,144,196,无,无,前置,(标配)八年或20万公里,83,206,无,无,无,无,无
63250,亚洲狮,永磁/同步,83,113,206,无,无,144,196,无,无,前置,(标配)八年或20万公里,83,206,无,无,无,无,无
63249,亚洲狮,无,无,无,无,无,无,无,无,无,无,无,无,无,无,无,无,无,无,无
64036,亚洲狮,无,无,无,无,无,无,无,无,无,无,无,无,无,无,无,无,无,无,无
63251,亚洲狮,无,无,无,无,无,无,无,无,无,无,无,无,无,无,无,无,无,无,无
63248,亚洲狮,无,无,无,无,无,无,无,无,无,无,无,无,无,无,无,无,无,无,无
63244,亚洲狮,无,无,无,无,无,无,无,无,无,无,无,无,无,无,无,无,无,无,无
63836,凌尚,无,83,113,206,无,无,144,196,无,单电机,前置,无,83,206,无,无,无,无,无
69027,凌尚,无,83,113,206,无,无,144,196,无,单电机,前置,无,83,206,无,无,无,无,无
62159,凌尚,无,83,113,206,无,无,144,196,无,单电机,前置,无,83,206,无,无,无,无,无
61105,凌尚,无,无,无,无,无,无,无,无,无,无,无,无,无,无,无,无,无,无,无
62158,凌尚,无,无,无,无,无,无,无,无,无,无,无,无,无,无,无,无,无,无,无
63835,凌尚,无,无,无,无,无,无,无,无,无,无,无,无,无,无,无,无,无,无,无
69032,凌尚,无,83,113,206,无,无,144,196,无,单电机,前置,无,83,206,无,无,无,无,无
69030,凌尚,无,83,113,206,无,无,144,196,无,单电机,前置,无,83,206,无,无,无,无,无
69031,凌尚,无,83,113,206,无,无,144,196,无,单电机,前置,无,83,206,无,无,无,无,无
62160,凌尚,无,无,无,无,无,无,无,无,无,无,无,无,无,无,无,无,无,无,无
69028,凌尚,无,无,无,无,无,无,无,无,无,无,无,无,无,无,无,无,无,无,无
69029,凌尚,无,无,无,无,无,无,无,无,无,无,无,无,无,无,无,无,无,无,无
61998,丰田C-HR,无,无,无,无,无,无,无,无,无,无,无,无,无,无,无,无,无,无,无
61997,丰田C-HR,无,无,无,无,无,无,无,无,无,无,无,无,无,无,无,无,无,无,无
62002,丰田C-HR,无,无,无,无,无,无,无,无,无,无,无,无,无,无,无,无,无,无,无
62000,丰田C-HR,永磁/同步,80,无,202,无,无,135,无,无,无,无,无,80,202,无,无,无,无,无
61999,丰田C-HR,永磁/同步,80,无,202,无,无,135,无,无,无,无,无,80,202,无,无,无,无,无
62003,丰田C-HR,永磁/同步,80,无,202,无,无,135,无,无,无,无,无,80,202,无,无,无,无,无
62001,丰田C-HR,永磁/同步,80,无,202,无,无,135,无,无,无,无,无,80,202,无,无,无,无,无
69868,RAV4荣放双擎E+,永磁/同步,134,182,270,无,无,194,264,无,单电机,前置,(标配)八年或20万公里,134,270,TZ215-XY001,无,爱信,无,无
69870,RAV4荣放双擎E+,永磁/同步,174,237,391,40,121,225,306,无,双电机,前置+后置,(标配)八年或20万公里,134,270,TZ215-XY001,无,爱信,无,无
63240,奕泽IZOA,无,无,无,无,无,无,无,无,无,无,无,无,无,无,无,无,无,无,无
63233,奕泽IZOA,无,无,无,无,无,无,无,无,无,无,无,无,无,无,无,无,无,无,无
62891,奕泽IZOA,无,无,无,无,无,无,无,无,无,无,无,无,无,无,无,无,无,无,无
63238,奕泽IZOA,无,无,无,无,无,无,无,无,无,无,无,无,无,无,无,无,无,无,无
63234,奕泽IZOA,无,无,无,无,无,无,无,无,无,无,无,无,无,无,无,无,无,无,无
63235,奕泽IZOA,永磁/同步,无,无,202,无,无,135,184,无,无,无,(标配)八年或20万公里,无,202,无,无,无,无,无
63237,奕泽IZOA,永磁/同步,无,无,202,无,无,135,184,无,无,无,(标配)八年或20万公里,无,202,无,无,无,无,无
63236,奕泽IZOA,永磁/同步,无,无,202,无,无,135,184,无,无,无,(标配)八年或20万公里,无,202,无,无,无,无,无
63239,奕泽IZOA,永磁/同步,无,无,202,无,无,135,184,无,无,无,(标配)八年或20万公里,无,202,无,无,无,无,无
59751,Mirai,永磁/同步,134,182,300,134,300,无,无,无,单电机,后置,(标配)待查,无,无,无,TZ200-XY001,无,无,无
56233,一汽丰田bZ4X,永磁/同步,150,204,266.3,无,无,无,无,无,单电机,前置,(标配)十年或20万公里,150,266.3,1XM,无,爱信,无,无
56475,一汽丰田bZ4X,永磁/同步,150,204,266.3,无,无,无,无,无,单电机,前置,(标配)十年或20万公里,150,266.3,1XM,无,爱信,无,无
56849,一汽丰田bZ4X,永磁/同步,150,204,266.3,无,无,无,无,无,单电机,前置,(标配)十年或20万公里,150,266.3,1XM,无,爱信,无,无
56067,一汽丰田bZ4X,永磁/同步,160,218,337,80,168.5,无,无,无,双电机,前置+后置,(标配)十年或20万公里,80,168.5,1XM,1XM,爱信,爱信,无
56850,一汽丰田bZ4X,永磁/同步,160,218,337,80,168.5,无,无,无,双电机,前置+后置,(标配)十年或20万公里,80,168.5,1XM,1XM,爱信,爱信,无
68623,威兰达新能源,永磁/同步,134,180,270,无,无,194,264,无,单电机,前置,无,134,270,TZ215-XY001,无,爱信,无,无
68622,威兰达新能源,永磁/同步,174,237,391,40,121,225,306,无,双电机,前置+后置,无,134,270,TZ215-XY001,TZ215-X001,爱信,丰田汽车,无
68621,威兰达新能源,永磁/同步,174,237,391,40,121,225,306,无,双电机,前置+后置,无,134,270,TZ215-XY001,TZ215-X001,爱信,丰田汽车,无
67969,别克GL8新能源,永磁/同步,160,218,330,无,无,292,397,580,单电机,前置,无,160,330,无,无,无,无,无
67915,别克GL8新能源,永磁/同步,160,218,330,无,无,292,397,580,单电机,前置,无,160,330,无,无,无,无,无
67943,别克GL8新能源,永磁/同步,160,218,330,无,无,292,397,580,单电机,前置,无,160,330,无,无,无,无,无
67968,别克GL8新能源,永磁/同步,160,218,330,无,无,292,397,580,单电机,前置,无,160,330,无,无,无,无,无
62478,别克E5,永磁/同步,180,245,330,无,无,无,无,无,单电机,前置,(标配)八年或16万公里,180,330,TZ220XYP76,无,上汽通用,无,无
68969,别克E5,永磁/同步,180,245,330,无,无,无,无,无,单电机,前置,(标配)八年或16万公里,180,330,TZ220XYP76,无,上汽通用,无,无
65330,别克E5,永磁/同步,180,245,330,无,无,无,无,无,单电机,前置,(标配)八年或16万公里,180,330,TZ220XYP76,无,上汽通用,无,无
60605,别克E5,永磁/同步,180,245,330,无,无,无,无,无,单电机,前置,(标配)八年或16万公里,180,330,TZ220XYP76,无,上汽通用,无,无
66832,别克E5,永磁/同步,150,204,330,无,无,无,无,无,单电机,前置,(标配)八年或16万公里,150,330,TZ220XYP76,无,上汽通用,无,无
68957,微蓝6,永磁/同步,130,177,265,无,无,无,无,无,单电机,前置,(标配)八年或16万公里,130,265,TZ153XS136,无,无,无,无
68958,微蓝6,永磁/同步,130,177,265,无,无,无,无,无,单电机,前置,(标配)八年或16万公里,130,265,TZ153XS136,无,无,无,无
68668,微蓝6,永磁/同步,130,177,265,无,无,无,无,无,单电机,前置,(标配)八年或16万公里,130,265,无,无,无,无,无
65234,微蓝6,永磁/同步,130,177,265,无,无,无,无,无,单电机,前置,(标配)八年或16万公里,130,265,TZ153XS136,无,联合汽车,无,无
65235,微蓝6,永磁/同步,130,177,265,无,无,无,无,无,单电机,前置,(标配)八年或16万公里,130,265,TZ153XS136,无,联合汽车,无,无
63393,别克E4,永磁/同步,180,245,330,无,无,无,无,无,单电机,前置,(标配)八年或16万公里,180,330,无,无,无,无,无
63391,别克E4,永磁/同步,180,245,330,无,无,无,无,无,单电机,前置,(标配)八年或16万公里,180,330,无,无,无,无,无
61260,别克E4,永磁/同步,180,245,330,无,无,无,无,无,单电机,前置,(标配)八年或16万公里,180,330,无,无,无,无,无
63392,别克E4,前永磁/同步 后感应/异步,211,287,465,68,160,无,无,无,双电机,前置+后置,(标配)八年或16万公里,143,305,无,无,无,无,无
65768,小米SU7,永磁/同步,220,299,400,220,400,无,无,无,单电机,后置,(标配)八年或16万公里,无,无,无,TZ220XS000,无,联合电子,无
59881,小米SU7,永磁/同步,220,299,400,220,400,无,无,无,单电机,后置,(标配)八年或16万公里,无,无,无,TZ220XS000,无,联合电子,无
67500,小米SU7,前感应/异步 后永磁/同步,495,673,838,275,500,无,无,无,双电机,前置+后置,(标配)八年或16万公里,220,338,YS210XY102,TZ220XY102,苏州汇川,苏州汇川,无
70554,小米SU7 Ultra,永磁/同步,1138,1548,1770,850,1270,无,无,无,三电机,前置+后置,(标配)八年或16万公里,288,500,TZ220XY108,TZ230XY001,汇川联合,小米汽车,无
62223,帝豪,无,无,无,无,无,无,无,无,无,无,无,无,无,无,无,无,无,无,无
62222,帝豪,无,无,无,无,无,无,无,无,无,无,无,无,无,无,无,无,无,无,无
67664,帝豪,无,无,无,无,无,无,无,无,无,无,无,无,无,无,无,无,无,无,无
68502,帝豪,无,无,无,无,无,无,无,无,无,无,无,无,无,无,无,无,无,无,无
62421,帝豪,无,无,无,无,无,无,无,无,无,无,无,无,无,无,无,无,无,无,无
68428,帝豪,无,无,无,无,无,无,无,无,无,无,无,无,无,无,无,无,无,无,无
68499,帝豪,无,无,无,无,无,无,无,无,无,单电机,前置,无,无,无,无,无,无,无,无
68427,帝豪,无,无,无,无,无,无,无,无,无,单电机,前置,无,无,无,无,无,无,无,无
68430,帝豪,无,无,无,无,无,无,无,无,无,无,无,无,无,无,无,无,无,无,无
55960,帝豪,无,无,无,无,无,无,无,无,无,无,无,无,无,无,无,无,无,无,无
62422,帝豪,无,无,无,无,无,无,无,无,无,无,无,无,无,无,无,无,无,无,无
68429,帝豪,无,无,无,无,无,无,无,无,无,无,无,无,无,无,无,无,无,无,无
70704,帝豪,无,无,无,无,无,无,无,无,无,单电机,前置,无,无,无,无,无,无,无,无
70183,熊猫,永磁/同步,30,41,110,30,110,无,无,无,单电机,后置,无,无,无,无,TZ160X30C,无,浙江奥思伟尔,(标配)终身质保/非营运（责任免除条款以官方为准）
65703,星瑞L,永磁/同步,100,136,320,无,无,无,无,无,单电机,前置,无,100,320,无,无,无,无,无
65255,星瑞L,永磁/同步,100,136,320,无,无,无,无,无,单电机,前置,无,100,320,无,无,无,无,无
65702,星瑞L,永磁/同步,100,136,320,无,无,无,无,无,单电机,前置,无,100,320,无,无,无,无,无
65701,星越L智擎,交流/同步,100,136,320,无,无,无,无,无,单电机,前置,无,100,320,无,无,无,无,无
65628,星越L智擎,交流/同步,100,136,320,无,无,无,无,无,单电机,前置,无,100,320,无,无,无,无,无
67062,星越L智擎,交流/同步,100,136,320,无,无,无,无,无,单电机,前置,无,100,320,无,无,无,无,无
66770,帝豪L HiP,永磁/同步,100,136,320,无,无,233,无,610,单电机,前置,(标配)首任车主不限年限/里程（责任免除条款以官方为准）,100,320,TZ270WY000,无,无,无,无
66771,帝豪L HiP,永磁/同步,100,136,320,无,无,233,无,610,单电机,前置,(标配)首任车主不限年限/里程（责任免除条款以官方为准）,100,320,TZ270WY000,无,无,无,无
58931,帝豪新能源,永磁/同步,150,204,240,无,无,无,无,无,单电机,前置,(标配)六年或60万公里,150,240,TZ180XY150,无,日本电产/尼得科,无,无
58928,帝豪新能源,永磁/同步,150,204,240,无,无,无,无,无,单电机,前置,(标配)六年或60万公里,150,240,TZ180XY150,无,日本电产/尼得科,无,无
58927,帝豪新能源,永磁/同步,100,136,230,无,无,无,无,无,单电机,前置,(标配)六年或60万公里,100,230,TZ180XY150,无,日本电产/尼得科,无,无
58930,帝豪新能源,永磁/同步,100,136,230,无,无,无,无,无,单电机,前置,(标配)六年或60万公里,100,230,TZ180XY150,无,日本电产/尼得科,无,无
