CAR_ID,品牌系列,简称,挡位个数,变速箱类型
69962,奔驰E级,9挡手自一体,9,手自一体变速箱(AT)
69963,奔驰E级,9挡手自一体,9,手自一体变速箱(AT)
72179,奔驰E级,9挡手自一体,9,手自一体变速箱(AT)
69966,奔驰E级,9挡手自一体,9,手自一体变速箱(AT)
69969,奔驰E级,9挡手自一体,9,手自一体变速箱(AT)
72177,奔驰E级,9挡手自一体,9,手自一体变速箱(AT)
69968,奔驰E级,9挡手自一体,9,手自一体变速箱(AT)
72176,奔驰E级,9挡手自一体,9,手自一体变速箱(AT)
72175,奔驰E级,9挡手自一体,9,手自一体变速箱(AT)
69970,奔驰E级,9挡手自一体,9,手自一体变速箱(AT)
72178,奔驰E级,9挡手自一体,9,手自一体变速箱(AT)
72174,奔驰E级,9挡手自一体,9,手自一体变速箱(AT)
69967,奔驰E级,9挡手自一体,9,手自一体变速箱(AT)
69965,奔驰E级,9挡手自一体,9,手自一体变速箱(AT)
69971,奔驰E级,9挡手自一体,9,手自一体变速箱(AT)
72181,奔驰E级,9挡手自一体,9,手自一体变速箱(AT)
69964,奔驰E级,9挡手自一体,9,手自一体变速箱(AT)
72180,奔驰E级,9挡手自一体,9,手自一体变速箱(AT)
72173,奔驰E级,9挡手自一体,9,手自一体变速箱(AT)
72182,奔驰E级,9挡手自一体,9,手自一体变速箱(AT)
70200,奔驰GLC,9挡手自一体,9,手自一体变速箱(AT)
70197,奔驰GLC,9挡手自一体,9,手自一体变速箱(AT)
72169,奔驰GLC,9挡手自一体,9,手自一体变速箱(AT)
72172,奔驰GLC,9挡手自一体,9,手自一体变速箱(AT)
70193,奔驰GLC,9挡手自一体,9,手自一体变速箱(AT)
70199,奔驰GLC,9挡手自一体,9,手自一体变速箱(AT)
70198,奔驰GLC,9挡手自一体,9,手自一体变速箱(AT)
72170,奔驰GLC,9挡手自一体,9,手自一体变速箱(AT)
72168,奔驰GLC,9挡手自一体,9,手自一体变速箱(AT)
72167,奔驰GLC,9挡手自一体,9,手自一体变速箱(AT)
72171,奔驰GLC,9挡手自一体,9,手自一体变速箱(AT)
70195,奔驰GLC,9挡手自一体,9,手自一体变速箱(AT)
71972,奔驰C级,9挡手自一体,9,手自一体变速箱(AT)
71962,奔驰C级,9挡手自一体,9,手自一体变速箱(AT)
69626,奔驰C级,9挡手自一体,9,手自一体变速箱(AT)
71923,奔驰C级,9挡手自一体,9,手自一体变速箱(AT)
69596,奔驰C级,9挡手自一体,9,手自一体变速箱(AT)
69625,奔驰C级,9挡手自一体,9,手自一体变速箱(AT)
69627,奔驰C级,9挡手自一体,9,手自一体变速箱(AT)
69628,奔驰C级,9挡手自一体,9,手自一体变速箱(AT)
71924,奔驰C级,9挡手自一体,9,手自一体变速箱(AT)
71973,奔驰C级,9挡手自一体,9,手自一体变速箱(AT)
72315,奔驰GLE,9挡手自一体,9,手自一体变速箱(AT)
70263,奔驰GLE,9挡手自一体,9,手自一体变速箱(AT)
70262,奔驰GLE,9挡手自一体,9,手自一体变速箱(AT)
72316,奔驰GLE,9挡手自一体,9,手自一体变速箱(AT)
72313,奔驰GLE,9挡手自一体,9,手自一体变速箱(AT)
70264,奔驰GLE,9挡手自一体,9,手自一体变速箱(AT)
72314,奔驰GLE,9挡手自一体,9,手自一体变速箱(AT)
70265,奔驰GLE,9挡手自一体,9,手自一体变速箱(AT)
71821,奔驰S级,9挡手自一体,9,手自一体变速箱(AT)
71819,奔驰S级,9挡手自一体,9,手自一体变速箱(AT)
71820,奔驰S级,9挡手自一体,9,手自一体变速箱(AT)
71818,奔驰S级,9挡手自一体,9,手自一体变速箱(AT)
67448,奔驰S级,9挡手自一体,9,手自一体变速箱(AT)
67449,奔驰S级,9挡手自一体,9,手自一体变速箱(AT)
67450,奔驰S级,9挡手自一体,9,手自一体变速箱(AT)
67451,奔驰S级,9挡手自一体,9,手自一体变速箱(AT)
70558,迈巴赫S级,9挡手自一体,9,手自一体变速箱(AT)
67444,迈巴赫S级,9挡手自一体,9,手自一体变速箱(AT)
70557,迈巴赫S级,9挡手自一体,9,手自一体变速箱(AT)
68040,迈巴赫S级,9挡手自一体,9,手自一体变速箱(AT)
72308,迈巴赫S级,9挡手自一体,9,手自一体变速箱(AT)
72306,迈巴赫S级,9挡手自一体,9,手自一体变速箱(AT)
68041,迈巴赫S级,9挡手自一体,9,手自一体变速箱(AT)
61337,迈巴赫S级,9挡手自一体,9,手自一体变速箱(AT)
67446,迈巴赫S级,9挡手自一体,9,手自一体变速箱(AT)
70555,迈巴赫S级,9挡手自一体,9,手自一体变速箱(AT)
72307,迈巴赫S级,9挡手自一体,9,手自一体变速箱(AT)
70556,迈巴赫S级,9挡手自一体,9,手自一体变速箱(AT)
54579,迈巴赫S级,9挡手自一体,9,手自一体变速箱(AT)
67445,迈巴赫S级,9挡手自一体,9,手自一体变速箱(AT)
72305,迈巴赫S级,9挡手自一体,9,手自一体变速箱(AT)
72410,奔驰GLB,7挡湿式双离合,7,湿式双离合变速箱(DCT)
72409,奔驰GLB,7挡湿式双离合,7,湿式双离合变速箱(DCT)
68210,奔驰GLB,8挡湿式双离合,8,湿式双离合变速箱(DCT)
68208,奔驰GLB,8挡湿式双离合,8,湿式双离合变速箱(DCT)
68209,奔驰GLB,8挡湿式双离合,8,湿式双离合变速箱(DCT)
68970,奔驰GLB,7挡湿式双离合,7,湿式双离合变速箱(DCT)
72408,奔驰GLB,7挡湿式双离合,7,湿式双离合变速箱(DCT)
68207,奔驰GLB,8挡湿式双离合,8,湿式双离合变速箱(DCT)
68206,奔驰GLB,8挡湿式双离合,8,湿式双离合变速箱(DCT)
68996,奔驰GLB,8挡湿式双离合,8,湿式双离合变速箱(DCT)
69208,奔驰A级,7挡湿式双离合,7,湿式双离合变速箱(DCT)
69239,奔驰A级,7挡湿式双离合,7,湿式双离合变速箱(DCT)
65886,奔驰GLS,9挡手自一体,9,手自一体变速箱(AT)
65918,奔驰GLS,9挡手自一体,9,手自一体变速箱(AT)
70560,奔驰GLS,9挡手自一体,9,手自一体变速箱(AT)
65978,奔驰G级,9挡手自一体,9,手自一体变速箱(AT)
65977,奔驰G级,9挡手自一体,9,手自一体变速箱(AT)
66721,奔驰G级,9挡手自一体,9,手自一体变速箱(AT)
66524,奔驰G级,9挡手自一体,9,手自一体变速箱(AT)
67435,奔驰G级,9挡手自一体,9,手自一体变速箱(AT)
67805,奔驰V级,9挡手自一体,9,手自一体变速箱(AT)
69449,奔驰V级,9挡手自一体,9,手自一体变速箱(AT)
67807,奔驰V级,9挡手自一体,9,手自一体变速箱(AT)
67806,奔驰V级,9挡手自一体,9,手自一体变速箱(AT)
68065,奔驰G级AMG,9挡手自一体,9,手自一体变速箱(AT)
67436,奔驰G级AMG,9挡手自一体,9,手自一体变速箱(AT)
63735,奔驰G级AMG,9挡手自一体,9,手自一体变速箱(AT)
72405,奔驰GLA,7挡湿式双离合,7,湿式双离合变速箱(DCT)
72406,奔驰GLA,8挡湿式双离合,8,湿式双离合变速箱(DCT)
69235,奔驰GLA,8挡湿式双离合,8,湿式双离合变速箱(DCT)
72407,奔驰GLA,7挡湿式双离合,7,湿式双离合变速箱(DCT)
69237,奔驰GLA,8挡湿式双离合,8,湿式双离合变速箱(DCT)
69236,奔驰GLA,8挡湿式双离合,8,湿式双离合变速箱(DCT)
67809,威霆,9挡手自一体,9,手自一体变速箱(AT)
67810,威霆,9挡手自一体,9,手自一体变速箱(AT)
67808,威霆,9挡手自一体,9,手自一体变速箱(AT)
67813,威霆,9挡手自一体,9,手自一体变速箱(AT)
67811,威霆,9挡手自一体,9,手自一体变速箱(AT)
67812,威霆,9挡手自一体,9,手自一体变速箱(AT)
70926,迈巴赫GLS,9挡手自一体,9,手自一体变速箱(AT)
66811,迈巴赫GLS,9挡手自一体,9,手自一体变速箱(AT)
70927,迈巴赫GLS,9挡手自一体,9,手自一体变速箱(AT)
62314,迈巴赫GLS,9挡手自一体,9,手自一体变速箱(AT)
63209,迈巴赫GLS,9挡手自一体,9,手自一体变速箱(AT)
70925,迈巴赫GLS,9挡手自一体,9,手自一体变速箱(AT)
69085,奔驰CLA(进口),7挡湿式双离合,7,湿式双离合变速箱(DCT)
68971,奔驰CLA(进口),8挡湿式双离合,8,湿式双离合变速箱(DCT)
72341,奔驰CLA(进口),8挡湿式双离合,8,湿式双离合变速箱(DCT)
69086,奔驰CLA(进口),7挡湿式双离合,7,湿式双离合变速箱(DCT)
72342,奔驰CLA(进口),7挡湿式双离合,7,湿式双离合变速箱(DCT)
72343,奔驰CLA(进口),8挡湿式双离合,8,湿式双离合变速箱(DCT)
69088,奔驰CLA(进口),8挡湿式双离合,8,湿式双离合变速箱(DCT)
69084,奔驰CLA(进口),8挡湿式双离合,8,湿式双离合变速箱(DCT)
71445,奔驰CLE,9挡手自一体,9,手自一体变速箱(AT)
71443,奔驰CLE,9挡手自一体,9,手自一体变速箱(AT)
65901,奔驰CLE,9挡手自一体,9,手自一体变速箱(AT)
71442,奔驰CLE,9挡手自一体,9,手自一体变速箱(AT)
67283,奔驰CLE,9挡手自一体,9,手自一体变速箱(AT)
67439,奔驰CLE,9挡手自一体,9,手自一体变速箱(AT)
71444,奔驰CLE,9挡手自一体,9,手自一体变速箱(AT)
71441,奔驰CLE,9挡手自一体,9,手自一体变速箱(AT)
69011,奔驰CLE,9挡手自一体,9,手自一体变速箱(AT)
69012,奔驰CLE,9挡手自一体,9,手自一体变速箱(AT)
60867,AMG GT,9挡手自一体,9,手自一体变速箱(AT)
67636,AMG GT,9挡手自一体,9,手自一体变速箱(AT)
60868,AMG GT,9挡手自一体,9,手自一体变速箱(AT)
63122,奔驰E级(进口),9挡手自一体,9,手自一体变速箱(AT)
70201,奔驰E级(进口),9挡手自一体,9,手自一体变速箱(AT)
63123,奔驰E级(进口),9挡手自一体,9,手自一体变速箱(AT)
70202,奔驰E级(进口),9挡手自一体,9,手自一体变速箱(AT)
59860,奔驰E级(进口),9挡手自一体,9,手自一体变速箱(AT)
70203,奔驰E级(进口),9挡手自一体,9,手自一体变速箱(AT)
63124,奔驰E级(进口),9挡手自一体,9,手自一体变速箱(AT)
63125,奔驰E级(进口),9挡手自一体,9,手自一体变速箱(AT)
63004,奔驰CLS,9挡手自一体,9,手自一体变速箱(AT)
63005,奔驰CLS,9挡手自一体,9,手自一体变速箱(AT)
63006,奔驰CLS,9挡手自一体,9,手自一体变速箱(AT)
61395,奔驰GLE AMG,9挡手自一体,9,手自一体变速箱(AT)
70923,奔驰GLE AMG,9挡手自一体,9,手自一体变速箱(AT)
70213,奔驰GLC轿跑,9挡手自一体,9,手自一体变速箱(AT)
70214,奔驰GLC轿跑,9挡手自一体,9,手自一体变速箱(AT)
66516,奔驰C级AMG,9挡手自一体,9,手自一体变速箱(AT)
66517,奔驰C级AMG,9挡手自一体,9,手自一体变速箱(AT)
70273,奔驰GLE新能源,9挡手自一体,9,手自一体变速箱(AT)
71115,奔驰A级AMG,8挡湿式双离合,8,湿式双离合变速箱(DCT)
71170,奔驰CLE AMG,9挡手自一体,9,手自一体变速箱(AT)
65910,奔驰GLB AMG,8挡湿式双离合,8,湿式双离合变速箱(DCT)
71116,奔驰A级AMG(进口),8挡湿式双离合,8,湿式双离合变速箱(DCT)
68606,奔驰A级AMG(进口),8挡湿式双离合,8,湿式双离合变速箱(DCT)
66533,奔驰A级AMG(进口),8挡湿式双离合,8,湿式双离合变速箱(DCT)
68559,奔驰E级新能源,9挡手自一体,9,手自一体变速箱(AT)
65775,奔驰E级新能源,9挡手自一体,9,手自一体变速箱(AT)
70754,奔驰EQE,电动车单速变速箱,1,固定齿比变速箱
70753,奔驰EQE,电动车单速变速箱,1,固定齿比变速箱
69750,奔驰EQE,电动车单速变速箱,1,固定齿比变速箱
69333,奔驰EQB,电动车单速变速箱,1,固定齿比变速箱
69332,奔驰EQB,电动车单速变速箱,1,固定齿比变速箱
71114,奔驰CLA AMG,8挡湿式双离合,8,湿式双离合变速箱(DCT)
68688,奔驰CLA AMG,8挡湿式双离合,8,湿式双离合变速箱(DCT)
69334,奔驰EQA,电动车单速变速箱,1,固定齿比变速箱
63847,奔驰GLC AMG,9挡手自一体,9,手自一体变速箱(AT)
62313,奔驰GLS AMG,9挡手自一体,9,手自一体变速箱(AT)
70838,奔驰GLE轿跑,9挡手自一体,9,手自一体变速箱(AT)
70837,奔驰GLE轿跑,9挡手自一体,9,手自一体变速箱(AT)
70836,奔驰GLE轿跑,9挡手自一体,9,手自一体变速箱(AT)
70835,奔驰GLE轿跑,9挡手自一体,9,手自一体变速箱(AT)
59841,奔驰B级,7挡湿式双离合,7,湿式双离合变速箱(DCT)
59842,奔驰B级,7挡湿式双离合,7,湿式双离合变速箱(DCT)
59847,奔驰A级(进口),7挡湿式双离合,7,湿式双离合变速箱(DCT)
59846,奔驰A级(进口),7挡湿式双离合,7,湿式双离合变速箱(DCT)
60934,奔驰E级AMG,9挡手自一体,9,手自一体变速箱(AT)
69745,奔驰C级新能源,9挡手自一体,9,手自一体变速箱(AT)
71974,奔驰C级新能源,9挡手自一体,9,手自一体变速箱(AT)
64290,奔驰SL级AMG,9挡手自一体,9,手自一体变速箱(AT)
61685,奔驰EQS,电动车单速变速箱,1,固定齿比变速箱
61683,奔驰EQS,电动车单速变速箱,1,固定齿比变速箱
61684,奔驰EQS,电动车单速变速箱,1,固定齿比变速箱
67883,奔驰G级新能源,2挡自动,2,自动变速箱(AT)
68027,奔驰GLC轿跑 AMG,9挡手自一体,9,手自一体变速箱(AT)
68264,奔驰GLC新能源,9挡手自一体,9,手自一体变速箱(AT)
71117,奔驰S级AMG新能源,9挡手自一体,9,手自一体变速箱(AT)
67865,奔驰S级AMG新能源,9挡手自一体,9,手自一体变速箱(AT)
65986,奔驰S级新能源,9挡手自一体,9,手自一体变速箱(AT)
71822,奔驰S级新能源,9挡手自一体,9,手自一体变速箱(AT)
72446,奔驰GLA AMG,8挡湿式双离合,8,湿式双离合变速箱(DCT)
65909,奔驰GLA AMG,8挡湿式双离合,8,湿式双离合变速箱(DCT)
68011,迈巴赫EQS SUV,电动车单速变速箱,1,固定齿比变速箱
68012,迈巴赫EQS SUV,电动车单速变速箱,1,固定齿比变速箱
67866,奔驰C级AMG新能源,9挡手自一体,9,手自一体变速箱(AT)
71311,AMG GT新能源,9挡手自一体,9,手自一体变速箱(AT)
61518,迈巴赫S级新能源,9挡手自一体,9,手自一体变速箱(AT)
70924,奔驰GLE轿跑 AMG,9挡手自一体,9,手自一体变速箱(AT)
1016346,乌尼莫克U5023,8挡自动,8,自动变速箱(AT)
61039,奔驰EQS SUV,电动车单速变速箱,1,固定齿比变速箱
61040,奔驰EQS SUV,电动车单速变速箱,1,固定齿比变速箱
61041,奔驰EQS SUV,电动车单速变速箱,1,固定齿比变速箱
1016347,乌尼莫克U4023,8挡自动,8,自动变速箱(AT)
69663,奔驰EQE SUV AMG,电动车单速变速箱,1,固定齿比变速箱
62689,奔驰EQE AMG,电动车单速变速箱,1,固定齿比变速箱
61343,奔驰EQS AMG,电动车单速变速箱,1,固定齿比变速箱
60653,奔驰GLE轿跑新能源,9挡手自一体,9,手自一体变速箱(AT)
66162,宝马5系,8挡手自一体,8,手自一体变速箱(AT)
71245,宝马5系,8挡手自一体,8,手自一体变速箱(AT)
71240,宝马5系,8挡手自一体,8,手自一体变速箱(AT)
65488,宝马5系,8挡手自一体,8,手自一体变速箱(AT)
66537,宝马5系,8挡手自一体,8,手自一体变速箱(AT)
66502,宝马5系,8挡手自一体,8,手自一体变速箱(AT)
64199,宝马5系,8挡手自一体,8,手自一体变速箱(AT)
66526,宝马5系,8挡手自一体,8,手自一体变速箱(AT)
65489,宝马5系,8挡手自一体,8,手自一体变速箱(AT)
71244,宝马5系,8挡手自一体,8,手自一体变速箱(AT)
71246,宝马5系,8挡手自一体,8,手自一体变速箱(AT)
71242,宝马5系,8挡手自一体,8,手自一体变速箱(AT)
66538,宝马5系,8挡手自一体,8,手自一体变速箱(AT)
71243,宝马5系,8挡手自一体,8,手自一体变速箱(AT)
71241,宝马5系,8挡手自一体,8,手自一体变速箱(AT)
71247,宝马5系,8挡手自一体,8,手自一体变速箱(AT)
64898,宝马3系,8挡手自一体,8,手自一体变速箱(AT)
64901,宝马3系,8挡手自一体,8,手自一体变速箱(AT)
68593,宝马3系,8挡手自一体,8,手自一体变速箱(AT)
68590,宝马3系,8挡手自一体,8,手自一体变速箱(AT)
64902,宝马3系,8挡手自一体,8,手自一体变速箱(AT)
68591,宝马3系,8挡手自一体,8,手自一体变速箱(AT)
64899,宝马3系,8挡手自一体,8,手自一体变速箱(AT)
64903,宝马3系,8挡手自一体,8,手自一体变速箱(AT)
68592,宝马3系,8挡手自一体,8,手自一体变速箱(AT)
64897,宝马3系,8挡手自一体,8,手自一体变速箱(AT)
64900,宝马3系,8挡手自一体,8,手自一体变速箱(AT)
64896,宝马3系,8挡手自一体,8,手自一体变速箱(AT)
64895,宝马3系,8挡手自一体,8,手自一体变速箱(AT)
68594,宝马3系,8挡手自一体,8,手自一体变速箱(AT)
69229,宝马X5,8挡手自一体,8,手自一体变速箱(AT)
64451,宝马X5,8挡手自一体,8,手自一体变速箱(AT)
64453,宝马X5,8挡手自一体,8,手自一体变速箱(AT)
64452,宝马X5,8挡手自一体,8,手自一体变速箱(AT)
64454,宝马X5,8挡手自一体,8,手自一体变速箱(AT)
64449,宝马X5,8挡手自一体,8,手自一体变速箱(AT)
64450,宝马X5,8挡手自一体,8,手自一体变速箱(AT)
65053,宝马X3,8挡手自一体,8,手自一体变速箱(AT)
71573,宝马X3,8挡手自一体,8,手自一体变速箱(AT)
65054,宝马X3,8挡手自一体,8,手自一体变速箱(AT)
69371,宝马X3,8挡手自一体,8,手自一体变速箱(AT)
65385,宝马X3,8挡手自一体,8,手自一体变速箱(AT)
69387,宝马X3,8挡手自一体,8,手自一体变速箱(AT)
70467,宝马X1,7挡湿式双离合,7,湿式双离合变速箱(DCT)
62691,宝马X1,7挡湿式双离合,7,湿式双离合变速箱(DCT)
70466,宝马X1,7挡湿式双离合,7,湿式双离合变速箱(DCT)
63253,宝马X1,7挡湿式双离合,7,湿式双离合变速箱(DCT)
66609,宝马X1,7挡湿式双离合,7,湿式双离合变速箱(DCT)
60974,宝马X1,7挡湿式双离合,7,湿式双离合变速箱(DCT)
60975,宝马X1,7挡湿式双离合,7,湿式双离合变速箱(DCT)
60973,宝马X1,7挡湿式双离合,7,湿式双离合变速箱(DCT)
66548,宝马X1,7挡湿式双离合,7,湿式双离合变速箱(DCT)
66572,宝马X1,7挡湿式双离合,7,湿式双离合变速箱(DCT)
60890,宝马7系,8挡手自一体,8,手自一体变速箱(AT)
56718,宝马7系,8挡手自一体,8,手自一体变速箱(AT)
60891,宝马7系,8挡手自一体,8,手自一体变速箱(AT)
60888,宝马7系,8挡手自一体,8,手自一体变速箱(AT)
60756,宝马7系,8挡手自一体,8,手自一体变速箱(AT)
60889,宝马7系,8挡手自一体,8,手自一体变速箱(AT)
68372,宝马i3,电动车单速变速箱,1,固定齿比变速箱
68371,宝马i3,电动车单速变速箱,1,固定齿比变速箱
68373,宝马i3,电动车单速变速箱,1,固定齿比变速箱
68089,宝马4系,8挡手自一体,8,手自一体变速箱(AT)
62545,宝马4系,8挡手自一体,8,手自一体变速箱(AT)
62537,宝马4系,8挡手自一体,8,手自一体变速箱(AT)
62543,宝马4系,8挡手自一体,8,手自一体变速箱(AT)
62541,宝马4系,8挡手自一体,8,手自一体变速箱(AT)
62542,宝马4系,8挡手自一体,8,手自一体变速箱(AT)
62538,宝马4系,8挡手自一体,8,手自一体变速箱(AT)
62539,宝马4系,8挡手自一体,8,手自一体变速箱(AT)
62540,宝马4系,8挡手自一体,8,手自一体变速箱(AT)
68088,宝马4系,8挡手自一体,8,手自一体变速箱(AT)
68087,宝马4系,8挡手自一体,8,手自一体变速箱(AT)
68086,宝马4系,8挡手自一体,8,手自一体变速箱(AT)
69184,宝马4系,8挡手自一体,8,手自一体变速箱(AT)
62544,宝马4系,8挡手自一体,8,手自一体变速箱(AT)
69183,宝马4系,8挡手自一体,8,手自一体变速箱(AT)
59249,宝马X7,8挡手自一体,8,手自一体变速箱(AT)
59247,宝马X7,8挡手自一体,8,手自一体变速箱(AT)
59248,宝马X7,8挡手自一体,8,手自一体变速箱(AT)
59246,宝马X7,8挡手自一体,8,手自一体变速箱(AT)
68903,宝马X7,8挡手自一体,8,手自一体变速箱(AT)
68904,宝马X7,8挡手自一体,8,手自一体变速箱(AT)
66608,宝马iX3,电动车单速变速箱,1,固定齿比变速箱
66549,宝马iX3,电动车单速变速箱,1,固定齿比变速箱
65936,宝马X2(进口),7挡湿式双离合,7,湿式双离合变速箱(DCT)
65937,宝马X2(进口),7挡湿式双离合,7,湿式双离合变速箱(DCT)
65130,宝马X6,8挡手自一体,8,手自一体变速箱(AT)
63347,宝马X6,8挡手自一体,8,手自一体变速箱(AT)
63348,宝马X6,8挡手自一体,8,手自一体变速箱(AT)
71261,宝马2系,7挡湿式双离合,7,湿式双离合变速箱(DCT)
69411,宝马2系,7挡湿式双离合,7,湿式双离合变速箱(DCT)
53749,宝马X4,8挡手自一体,8,手自一体变速箱(AT)
53748,宝马X4,8挡手自一体,8,手自一体变速箱(AT)
56579,宝马X4,8挡手自一体,8,手自一体变速箱(AT)
66418,宝马5系(进口),8挡手自一体,8,手自一体变速箱(AT)
68580,宝马5系(进口),8挡手自一体,8,手自一体变速箱(AT)
68581,宝马5系(进口),8挡手自一体,8,手自一体变速箱(AT)
71929,宝马i5,电动车单速变速箱,1,固定齿比变速箱
65490,宝马i5,电动车单速变速箱,1,固定齿比变速箱
69425,宝马i5,电动车单速变速箱,1,固定齿比变速箱
66249,宝马i5,电动车单速变速箱,1,固定齿比变速箱
69426,宝马i5,电动车单速变速箱,1,固定齿比变速箱
66503,宝马i5,电动车单速变速箱,1,固定齿比变速箱
64091,宝马i5,电动车单速变速箱,1,固定齿比变速箱
66521,宝马i5,电动车单速变速箱,1,固定齿比变速箱
66262,宝马i5,电动车单速变速箱,1,固定齿比变速箱
71928,宝马i5,电动车单速变速箱,1,固定齿比变速箱
58854,宝马6系GT,8挡手自一体,8,手自一体变速箱(AT)
58851,宝马6系GT,8挡手自一体,8,手自一体变速箱(AT)
69295,宝马6系GT,8挡手自一体,8,手自一体变速箱(AT)
58852,宝马6系GT,8挡手自一体,8,手自一体变速箱(AT)
67851,宝马M4,8挡手自一体,8,手自一体变速箱(AT)
67850,宝马M4,8挡手自一体,8,手自一体变速箱(AT)
62945,宝马M4,8挡手自一体,8,手自一体变速箱(AT)
67852,宝马M4,8挡手自一体,8,手自一体变速箱(AT)
62946,宝马M4,8挡手自一体,8,手自一体变速箱(AT)
62944,宝马M4,8挡手自一体,8,手自一体变速箱(AT)
58578,宝马M3,8挡手自一体,8,手自一体变速箱(AT)
69061,宝马M3,8挡手自一体,8,手自一体变速箱(AT)
57218,宝马M3,8挡手自一体,8,手自一体变速箱(AT)
69060,宝马M3,8挡手自一体,8,手自一体变速箱(AT)
62550,宝马iX1,电动车单速变速箱,1,固定齿比变速箱
64433,宝马iX1,电动车单速变速箱,1,固定齿比变速箱
64434,宝马iX1,电动车单速变速箱,1,固定齿比变速箱
64455,宝马iX1,电动车单速变速箱,1,固定齿比变速箱
65582,宝马2系(进口),8挡手自一体,8,手自一体变速箱(AT)
61604,宝马2系(进口),7挡湿式双离合,7,湿式双离合变速箱(DCT)
59546,宝马2系(进口),7挡湿式双离合,7,湿式双离合变速箱(DCT)
69025,宝马2系(进口),8挡手自一体,8,手自一体变速箱(AT)
57568,宝马8系,8挡手自一体,8,手自一体变速箱(AT)
57567,宝马8系,8挡手自一体,8,手自一体变速箱(AT)
57566,宝马8系,8挡手自一体,8,手自一体变速箱(AT)
57569,宝马8系,8挡手自一体,8,手自一体变速箱(AT)
63899,宝马iX,电动车单速变速箱,1,固定齿比变速箱
63896,宝马iX,电动车单速变速箱,1,固定齿比变速箱
60755,宝马M2,8挡手自一体,8,手自一体变速箱(AT)
68928,宝马M2,8挡手自一体,8,手自一体变速箱(AT)
63476,宝马X5 M,8挡手自一体,8,手自一体变速箱(AT)
61599,宝马Z4,8挡手自一体,8,手自一体变速箱(AT)
61598,宝马Z4,8挡手自一体,8,手自一体变速箱(AT)
71352,宝马M240i,8挡手自一体,8,手自一体变速箱(AT)
69026,宝马M240i,8挡手自一体,8,手自一体变速箱(AT)
62587,宝马M760Le,8挡手自一体,8,手自一体变速箱(AT)
62417,宝马i7,电动车单速变速箱,1,固定齿比变速箱
62416,宝马i7,电动车单速变速箱,1,固定齿比变速箱
56703,宝马i7,电动车单速变速箱,1,固定齿比变速箱
62415,宝马i7,电动车单速变速箱,1,固定齿比变速箱
60892,宝马i7,电动车单速变速箱,1,固定齿比变速箱
62414,宝马i7,电动车单速变速箱,1,固定齿比变速箱
69412,宝马M235L,7挡湿式双离合,7,湿式双离合变速箱(DCT)
57156,宝马XM,8挡手自一体,8,手自一体变速箱(AT)
62420,宝马XM,8挡手自一体,8,手自一体变速箱(AT)
62467,宝马XM,8挡手自一体,8,手自一体变速箱(AT)
68817,宝马i4,电动车单速变速箱,1,固定齿比变速箱
61699,宝马i4,电动车单速变速箱,1,固定齿比变速箱
68076,宝马i4,电动车单速变速箱,1,固定齿比变速箱
70764,宝马i4,电动车单速变速箱,1,固定齿比变速箱
51645,宝马X3 M,8挡手自一体,8,手自一体变速箱(AT)
68905,宝马X7 M60i,8挡手自一体,8,手自一体变速箱(AT)
57279,宝马X3 M40i,8挡手自一体,8,手自一体变速箱(AT)
67757,宝马X1 M35Li,7挡湿式双离合,7,湿式双离合变速箱(DCT)
63477,宝马X6 M,8挡手自一体,8,手自一体变速箱(AT)
68878,宝马M5新能源,8挡手自一体,8,手自一体变速箱(AT)
61600,宝马Z4 M40i,8挡手自一体,8,手自一体变速箱(AT)
65091,宝马X2 M35i,7挡湿式双离合,7,湿式双离合变速箱(DCT)
51640,宝马X4 M40i,8挡手自一体,8,手自一体变速箱(AT)
51644,宝马X4 M,8挡手自一体,8,手自一体变速箱(AT)
63217,宝马i5 M60,电动车单速变速箱,1,固定齿比变速箱
63897,宝马iX M60,电动车单速变速箱,1,固定齿比变速箱
66922,宝马i4 M50,电动车单速变速箱,1,固定齿比变速箱
62588,宝马i7 M70L,电动车单速变速箱,1,固定齿比变速箱
66500,秦L,E-CVT无级变速,无级变速,电子无级变速箱(E-CVT)
71472,秦L,E-CVT无级变速,无级变速,电子无级变速箱(E-CVT)
71455,秦L,E-CVT无级变速,无级变速,电子无级变速箱(E-CVT)
72526,秦L,E-CVT无级变速,无级变速,电子无级变速箱(E-CVT)
66646,秦L,E-CVT无级变速,无级变速,电子无级变速箱(E-CVT)
71490,秦L,E-CVT无级变速,无级变速,电子无级变速箱(E-CVT)
70666,秦L,电动车单速变速箱,1,固定齿比变速箱
71471,秦L,电动车单速变速箱,1,固定齿比变速箱
68231,秦L,电动车单速变速箱,1,固定齿比变速箱
72107,秦L,E-CVT无级变速,无级变速,电子无级变速箱(E-CVT)
67873,秦L,E-CVT无级变速,无级变速,电子无级变速箱(E-CVT)
71678,秦L,E-CVT无级变速,无级变速,电子无级变速箱(E-CVT)
66645,秦L,E-CVT无级变速,无级变速,电子无级变速箱(E-CVT)
71532,秦L,E-CVT无级变速,无级变速,电子无级变速箱(E-CVT)
66750,秦PLUS,E-CVT无级变速,无级变速,电子无级变速箱(E-CVT)
72524,秦PLUS,E-CVT无级变速,无级变速,电子无级变速箱(E-CVT)
66746,秦PLUS,E-CVT无级变速,无级变速,电子无级变速箱(E-CVT)
66751,秦PLUS,电动车单速变速箱,1,固定齿比变速箱
66747,秦PLUS,电动车单速变速箱,1,固定齿比变速箱
65656,秦PLUS,电动车单速变速箱,1,固定齿比变速箱
71504,秦PLUS,电动车单速变速箱,1,固定齿比变速箱
71686,秦PLUS,电动车单速变速箱,1,固定齿比变速箱
67266,秦PLUS,电动车单速变速箱,1,固定齿比变速箱
72442,秦PLUS,E-CVT无级变速,无级变速,电子无级变速箱(E-CVT)
63012,秦PLUS,E-CVT无级变速,无级变速,电子无级变速箱(E-CVT)
71689,秦PLUS,E-CVT无级变速,无级变速,电子无级变速箱(E-CVT)
66745,秦PLUS,E-CVT无级变速,无级变速,电子无级变速箱(E-CVT)
66743,秦PLUS,E-CVT无级变速,无级变速,电子无级变速箱(E-CVT)
51966,秦PLUS,E-CVT无级变速,无级变速,电子无级变速箱(E-CVT)
71688,秦PLUS,电动车单速变速箱,1,固定齿比变速箱
66744,秦PLUS,电动车单速变速箱,1,固定齿比变速箱
66748,秦PLUS,电动车单速变速箱,1,固定齿比变速箱
66733,秦PLUS,电动车单速变速箱,1,固定齿比变速箱
71685,秦PLUS,电动车单速变速箱,1,固定齿比变速箱
66749,秦PLUS,电动车单速变速箱,1,固定齿比变速箱
72103,秦PLUS,电动车单速变速箱,1,固定齿比变速箱
71687,秦PLUS,电动车单速变速箱,1,固定齿比变速箱
69070,海鸥,电动车单速变速箱,1,固定齿比变速箱
69068,海鸥,电动车单速变速箱,1,固定齿比变速箱
71691,海鸥,电动车单速变速箱,1,固定齿比变速箱
71065,海鸥,电动车单速变速箱,1,固定齿比变速箱
69069,海鸥,电动车单速变速箱,1,固定齿比变速箱
71690,海鸥,电动车单速变速箱,1,固定齿比变速箱
71292,汉L,电动车单速变速箱,1,固定齿比变速箱
71392,汉L,电动车单速变速箱,1,固定齿比变速箱
72523,汉L,电动车单速变速箱,1,固定齿比变速箱
71393,汉L,E-CVT无级变速,无级变速,电子无级变速箱(E-CVT)
71435,汉L,E-CVT无级变速,无级变速,电子无级变速箱(E-CVT)
72209,汉L,E-CVT无级变速,无级变速,电子无级变速箱(E-CVT)
71703,汉,电动车单速变速箱,1,固定齿比变速箱
69813,汉,电动车单速变速箱,1,固定齿比变速箱
71707,汉,电动车单速变速箱,1,固定齿比变速箱
72515,汉,电动车单速变速箱,1,固定齿比变速箱
71706,汉,电动车单速变速箱,1,固定齿比变速箱
66906,汉,电动车单速变速箱,1,固定齿比变速箱
71591,汉,电动车单速变速箱,1,固定齿比变速箱
71534,汉,电动车单速变速箱,1,固定齿比变速箱
45619,汉,E-CVT无级变速,无级变速,电子无级变速箱(E-CVT)
72514,汉,E-CVT无级变速,无级变速,电子无级变速箱(E-CVT)
71705,汉,E-CVT无级变速,无级变速,电子无级变速箱(E-CVT)
69817,汉,E-CVT无级变速,无级变速,电子无级变速箱(E-CVT)
69816,汉,E-CVT无级变速,无级变速,电子无级变速箱(E-CVT)
69814,汉,E-CVT无级变速,无级变速,电子无级变速箱(E-CVT)
69815,汉,E-CVT无级变速,无级变速,电子无级变速箱(E-CVT)
71704,汉,E-CVT无级变速,无级变速,电子无级变速箱(E-CVT)
71533,汉,E-CVT无级变速,无级变速,电子无级变速箱(E-CVT)
71535,汉,E-CVT无级变速,无级变速,电子无级变速箱(E-CVT)
52453,汉,E-CVT无级变速,无级变速,电子无级变速箱(E-CVT)
66774,汉,电动车单速变速箱,1,固定齿比变速箱
66909,汉,电动车单速变速箱,1,固定齿比变速箱
66905,汉,E-CVT无级变速,无级变速,电子无级变速箱(E-CVT)
71623,汉,E-CVT无级变速,无级变速,电子无级变速箱(E-CVT)
66903,汉,E-CVT无级变速,无级变速,电子无级变速箱(E-CVT)
67270,汉,E-CVT无级变速,无级变速,电子无级变速箱(E-CVT)
69143,汉,E-CVT无级变速,无级变速,电子无级变速箱(E-CVT)
66773,汉,E-CVT无级变速,无级变速,电子无级变速箱(E-CVT)
66902,汉,E-CVT无级变速,无级变速,电子无级变速箱(E-CVT)
69802,汉,电动车单速变速箱,1,固定齿比变速箱
69142,汉,电动车单速变速箱,1,固定齿比变速箱
69144,汉,电动车单速变速箱,1,固定齿比变速箱
66753,汉,电动车单速变速箱,1,固定齿比变速箱
66907,汉,电动车单速变速箱,1,固定齿比变速箱
66908,汉,电动车单速变速箱,1,固定齿比变速箱
69209,宋PLUS新能源,E-CVT无级变速,无级变速,电子无级变速箱(E-CVT)
69254,宋PLUS新能源,E-CVT无级变速,无级变速,电子无级变速箱(E-CVT)
71524,宋PLUS新能源,E-CVT无级变速,无级变速,电子无级变速箱(E-CVT)
69253,宋PLUS新能源,E-CVT无级变速,无级变速,电子无级变速箱(E-CVT)
71657,宋PLUS新能源,E-CVT无级变速,无级变速,电子无级变速箱(E-CVT)
71656,宋PLUS新能源,电动车单速变速箱,1,固定齿比变速箱
69513,宋PLUS新能源,电动车单速变速箱,1,固定齿比变速箱
69210,宋PLUS新能源,电动车单速变速箱,1,固定齿比变速箱
69252,宋PLUS新能源,E-CVT无级变速,无级变速,电子无级变速箱(E-CVT)
71481,宋PLUS新能源,E-CVT无级变速,无级变速,电子无级变速箱(E-CVT)
71470,宋PLUS新能源,E-CVT无级变速,无级变速,电子无级变速箱(E-CVT)
71520,宋PLUS新能源,E-CVT无级变速,无级变速,电子无级变速箱(E-CVT)
69514,宋PLUS新能源,E-CVT无级变速,无级变速,电子无级变速箱(E-CVT)
72520,宋PLUS新能源,电动车单速变速箱,1,固定齿比变速箱
71525,宋PLUS新能源,电动车单速变速箱,1,固定齿比变速箱
69512,宋PLUS新能源,电动车单速变速箱,1,固定齿比变速箱
71480,宋PLUS新能源,电动车单速变速箱,1,固定齿比变速箱
72208,唐L,E-CVT无级变速,无级变速,电子无级变速箱(E-CVT)
72468,唐L,E-CVT无级变速,无级变速,电子无级变速箱(E-CVT)
71390,唐L,E-CVT无级变速,无级变速,电子无级变速箱(E-CVT)
71391,唐L,电动车单速变速箱,1,固定齿比变速箱
71291,唐L,电动车单速变速箱,1,固定齿比变速箱
71389,唐L,电动车单速变速箱,1,固定齿比变速箱
70346,夏,E-CVT无级变速,无级变速,电子无级变速箱(E-CVT)
72517,夏,E-CVT无级变速,无级变速,电子无级变速箱(E-CVT)
71228,夏,E-CVT无级变速,无级变速,电子无级变速箱(E-CVT)
69726,夏,E-CVT无级变速,无级变速,电子无级变速箱(E-CVT)
71227,夏,E-CVT无级变速,无级变速,电子无级变速箱(E-CVT)
71489,海豹06新能源,E-CVT无级变速,无级变速,电子无级变速箱(E-CVT)
66640,海豹06新能源,E-CVT无级变速,无级变速,电子无级变速箱(E-CVT)
66680,海豹06新能源,E-CVT无级变速,无级变速,电子无级变速箱(E-CVT)
68514,海豹06新能源,E-CVT无级变速,无级变速,电子无级变速箱(E-CVT)
71468,海豹06新能源,E-CVT无级变速,无级变速,电子无级变速箱(E-CVT)
71469,海豹06新能源,E-CVT无级变速,无级变速,电子无级变速箱(E-CVT)
71467,海豹06新能源,E-CVT无级变速,无级变速,电子无级变速箱(E-CVT)
68516,海豹06新能源,E-CVT无级变速,无级变速,电子无级变速箱(E-CVT)
71675,海豹06新能源,E-CVT无级变速,无级变速,电子无级变速箱(E-CVT)
68515,海豹06新能源,E-CVT无级变速,无级变速,电子无级变速箱(E-CVT)
71700,唐新能源,E-CVT无级变速,无级变速,电子无级变速箱(E-CVT)
67875,唐新能源,E-CVT无级变速,无级变速,电子无级变速箱(E-CVT)
67874,唐新能源,E-CVT无级变速,无级变速,电子无级变速箱(E-CVT)
67879,唐新能源,E-CVT无级变速,无级变速,电子无级变速箱(E-CVT)
71699,唐新能源,E-CVT无级变速,无级变速,电子无级变速箱(E-CVT)
67877,唐新能源,E-CVT无级变速,无级变速,电子无级变速箱(E-CVT)
66835,唐新能源,E-CVT无级变速,无级变速,电子无级变速箱(E-CVT)
67878,唐新能源,E-CVT无级变速,无级变速,电子无级变速箱(E-CVT)
66858,唐新能源,电动车单速变速箱,1,固定齿比变速箱
70476,唐新能源,电动车单速变速箱,1,固定齿比变速箱
66857,唐新能源,电动车单速变速箱,1,固定齿比变速箱
71701,唐新能源,E-CVT无级变速,无级变速,电子无级变速箱(E-CVT)
67876,唐新能源,E-CVT无级变速,无级变速,电子无级变速箱(E-CVT)
70475,唐新能源,E-CVT无级变速,无级变速,电子无级变速箱(E-CVT)
71702,唐新能源,E-CVT无级变速,无级变速,电子无级变速箱(E-CVT)
70416,唐新能源,E-CVT无级变速,无级变速,电子无级变速箱(E-CVT)
70454,唐新能源,E-CVT无级变速,无级变速,电子无级变速箱(E-CVT)
66775,唐新能源,E-CVT无级变速,无级变速,电子无级变速箱(E-CVT)
71682,宋Pro新能源,E-CVT无级变速,无级变速,电子无级变速箱(E-CVT)
70059,宋Pro新能源,E-CVT无级变速,无级变速,电子无级变速箱(E-CVT)
69112,宋Pro新能源,E-CVT无级变速,无级变速,电子无级变速箱(E-CVT)
71681,宋Pro新能源,E-CVT无级变速,无级变速,电子无级变速箱(E-CVT)
66963,宋Pro新能源,E-CVT无级变速,无级变速,电子无级变速箱(E-CVT)
69113,宋Pro新能源,E-CVT无级变速,无级变速,电子无级变速箱(E-CVT)
71627,宋Pro新能源,E-CVT无级变速,无级变速,电子无级变速箱(E-CVT)
66965,宋Pro新能源,E-CVT无级变速,无级变速,电子无级变速箱(E-CVT)
71680,宋Pro新能源,E-CVT无级变速,无级变速,电子无级变速箱(E-CVT)
66964,宋Pro新能源,E-CVT无级变速,无级变速,电子无级变速箱(E-CVT)
66966,宋Pro新能源,E-CVT无级变速,无级变速,电子无级变速箱(E-CVT)
70060,宋Pro新能源,E-CVT无级变速,无级变速,电子无级变速箱(E-CVT)
66951,宋Pro新能源,E-CVT无级变速,无级变速,电子无级变速箱(E-CVT)
72031,元PLUS,电动车单速变速箱,1,固定齿比变速箱
71852,元PLUS,电动车单速变速箱,1,固定齿比变速箱
71817,元PLUS,电动车单速变速箱,1,固定齿比变速箱
66988,元PLUS,电动车单速变速箱,1,固定齿比变速箱
71427,元PLUS,电动车单速变速箱,1,固定齿比变速箱
71918,元PLUS,电动车单速变速箱,1,固定齿比变速箱
66991,元PLUS,电动车单速变速箱,1,固定齿比变速箱
66992,元PLUS,电动车单速变速箱,1,固定齿比变速箱
66990,元PLUS,电动车单速变速箱,1,固定齿比变速箱
66989,元PLUS,电动车单速变速箱,1,固定齿比变速箱
71603,宋L DM-i,E-CVT无级变速,无级变速,电子无级变速箱(E-CVT)
71502,宋L DM-i,E-CVT无级变速,无级变速,电子无级变速箱(E-CVT)
69065,宋L DM-i,E-CVT无级变速,无级变速,电子无级变速箱(E-CVT)
68737,宋L DM-i,E-CVT无级变速,无级变速,电子无级变速箱(E-CVT)
69066,宋L DM-i,E-CVT无级变速,无级变速,电子无级变速箱(E-CVT)
69265,宋L DM-i,E-CVT无级变速,无级变速,电子无级变速箱(E-CVT)
71473,宋L DM-i,E-CVT无级变速,无级变速,电子无级变速箱(E-CVT)
71628,宋L DM-i,E-CVT无级变速,无级变速,电子无级变速箱(E-CVT)
69067,宋L DM-i,E-CVT无级变速,无级变速,电子无级变速箱(E-CVT)
71676,宋L DM-i,E-CVT无级变速,无级变速,电子无级变速箱(E-CVT)
71072,海狮05 EV,电动车单速变速箱,1,固定齿比变速箱
71057,海狮05 EV,电动车单速变速箱,1,固定齿比变速箱
72236,海狮05 EV,电动车单速变速箱,1,固定齿比变速箱
69005,海豚,电动车单速变速箱,1,固定齿比变速箱
69004,海豚,电动车单速变速箱,1,固定齿比变速箱
69006,海豚,电动车单速变速箱,1,固定齿比变速箱
71049,海豚,电动车单速变速箱,1,固定齿比变速箱
66316,海豚,电动车单速变速箱,1,固定齿比变速箱
71050,海豚,电动车单速变速箱,1,固定齿比变速箱
71048,海豚,电动车单速变速箱,1,固定齿比变速箱
66930,海豹,电动车单速变速箱,1,固定齿比变速箱
69345,海豹,电动车单速变速箱,1,固定齿比变速箱
71665,海豹,电动车单速变速箱,1,固定齿比变速箱
71664,海豹,电动车单速变速箱,1,固定齿比变速箱
71666,海豹,电动车单速变速箱,1,固定齿比变速箱
67384,海豹,电动车单速变速箱,1,固定齿比变速箱
66926,海豹,电动车单速变速箱,1,固定齿比变速箱
69394,海豹,电动车单速变速箱,1,固定齿比变速箱
66927,海豹,E-CVT无级变速,无级变速,电子无级变速箱(E-CVT)
67382,海豹,E-CVT无级变速,无级变速,电子无级变速箱(E-CVT)
69392,海豹,E-CVT无级变速,无级变速,电子无级变速箱(E-CVT)
71663,海豹,E-CVT无级变速,无级变速,电子无级变速箱(E-CVT)
67383,海豹,E-CVT无级变速,无级变速,电子无级变速箱(E-CVT)
67381,海豹,E-CVT无级变速,无级变速,电子无级变速箱(E-CVT)
66928,海豹,电动车单速变速箱,1,固定齿比变速箱
66925,海豹,电动车单速变速箱,1,固定齿比变速箱
66929,海豹,电动车单速变速箱,1,固定齿比变速箱
67380,海豹,电动车单速变速箱,1,固定齿比变速箱
69393,海豹,电动车单速变速箱,1,固定齿比变速箱
70392,海豹06GT,电动车单速变速箱,1,固定齿比变速箱
71667,海豹06GT,电动车单速变速箱,1,固定齿比变速箱
71668,海豹06GT,电动车单速变速箱,1,固定齿比变速箱
68312,海豹06GT,电动车单速变速箱,1,固定齿比变速箱
68311,海豹06GT,电动车单速变速箱,1,固定齿比变速箱
68266,海豹06GT,电动车单速变速箱,1,固定齿比变速箱
71670,海豹06GT,电动车单速变速箱,1,固定齿比变速箱
71669,海豹06GT,电动车单速变速箱,1,固定齿比变速箱
71684,元UP,电动车单速变速箱,1,固定齿比变速箱
66139,元UP,电动车单速变速箱,1,固定齿比变速箱
69175,元UP,电动车单速变速箱,1,固定齿比变速箱
67007,元UP,电动车单速变速箱,1,固定齿比变速箱
66138,元UP,电动车单速变速箱,1,固定齿比变速箱
71256,元UP,电动车单速变速箱,1,固定齿比变速箱
71683,元UP,电动车单速变速箱,1,固定齿比变速箱
71536,宋L EV,电动车单速变速箱,1,固定齿比变速箱
68095,宋L EV,电动车单速变速箱,1,固定齿比变速箱
71508,宋L EV,电动车单速变速箱,1,固定齿比变速箱
69743,宋L EV,电动车单速变速箱,1,固定齿比变速箱
71503,宋L EV,电动车单速变速箱,1,固定齿比变速箱
69744,宋L EV,电动车单速变速箱,1,固定齿比变速箱
69742,宋L EV,电动车单速变速箱,1,固定齿比变速箱
71679,宋L EV,电动车单速变速箱,1,固定齿比变速箱
66740,驱逐舰05,E-CVT无级变速,无级变速,电子无级变速箱(E-CVT)
69284,驱逐舰05,E-CVT无级变速,无级变速,电子无级变速箱(E-CVT)
66739,驱逐舰05,E-CVT无级变速,无级变速,电子无级变速箱(E-CVT)
69283,驱逐舰05,E-CVT无级变速,无级变速,电子无级变速箱(E-CVT)
66738,驱逐舰05,E-CVT无级变速,无级变速,电子无级变速箱(E-CVT)
66741,驱逐舰05,E-CVT无级变速,无级变速,电子无级变速箱(E-CVT)
66734,驱逐舰05,E-CVT无级变速,无级变速,电子无级变速箱(E-CVT)
66742,驱逐舰05,E-CVT无级变速,无级变速,电子无级变速箱(E-CVT)
71052,海豹05 DM-i,E-CVT无级变速,无级变速,电子无级变速箱(E-CVT)
71313,海豹05 DM-i,E-CVT无级变速,无级变速,电子无级变速箱(E-CVT)
71314,海豹05 DM-i,E-CVT无级变速,无级变速,电子无级变速箱(E-CVT)
71695,海狮07 EV,电动车单速变速箱,1,固定齿比变速箱
71693,海狮07 EV,电动车单速变速箱,1,固定齿比变速箱
68250,海狮07 EV,电动车单速变速箱,1,固定齿比变速箱
66476,海狮07 EV,电动车单速变速箱,1,固定齿比变速箱
71692,海狮07 EV,电动车单速变速箱,1,固定齿比变速箱
71694,海狮07 EV,电动车单速变速箱,1,固定齿比变速箱
66475,海狮07 EV,电动车单速变速箱,1,固定齿比变速箱
58503,海狮07 EV,电动车单速变速箱,1,固定齿比变速箱
71658,海豹07 DM-i,E-CVT无级变速,无级变速,电子无级变速箱(E-CVT)
69348,海豹07 DM-i,E-CVT无级变速,无级变速,电子无级变速箱(E-CVT)
69349,海豹07 DM-i,E-CVT无级变速,无级变速,电子无级变速箱(E-CVT)
69391,海豹07 DM-i,E-CVT无级变速,无级变速,电子无级变速箱(E-CVT)
71660,海豹07 DM-i,E-CVT无级变速,无级变速,电子无级变速箱(E-CVT)
71662,海豹07 DM-i,E-CVT无级变速,无级变速,电子无级变速箱(E-CVT)
69390,海豹07 DM-i,E-CVT无级变速,无级变速,电子无级变速箱(E-CVT)
69347,海豹07 DM-i,E-CVT无级变速,无级变速,电子无级变速箱(E-CVT)
71659,海豹07 DM-i,E-CVT无级变速,无级变速,电子无级变速箱(E-CVT)
71661,海豹07 DM-i,E-CVT无级变速,无级变速,电子无级变速箱(E-CVT)
71673,海狮05 DM-i,E-CVT无级变速,无级变速,电子无级变速箱(E-CVT)
71671,海狮05 DM-i,E-CVT无级变速,无级变速,电子无级变速箱(E-CVT)
70058,海狮05 DM-i,E-CVT无级变速,无级变速,电子无级变速箱(E-CVT)
69114,海狮05 DM-i,E-CVT无级变速,无级变速,电子无级变速箱(E-CVT)
71672,海狮05 DM-i,E-CVT无级变速,无级变速,电子无级变速箱(E-CVT)
69115,海狮05 DM-i,E-CVT无级变速,无级变速,电子无级变速箱(E-CVT)
70057,海狮05 DM-i,E-CVT无级变速,无级变速,电子无级变速箱(E-CVT)
71674,海狮05 DM-i,E-CVT无级变速,无级变速,电子无级变速箱(E-CVT)
67273,护卫舰07,E-CVT无级变速,无级变速,电子无级变速箱(E-CVT)
67272,护卫舰07,E-CVT无级变速,无级变速,电子无级变速箱(E-CVT)
67271,护卫舰07,E-CVT无级变速,无级变速,电子无级变速箱(E-CVT)
67274,护卫舰07,E-CVT无级变速,无级变速,电子无级变速箱(E-CVT)
67250,护卫舰07,E-CVT无级变速,无级变速,电子无级变速箱(E-CVT)
67156,比亚迪e2,电动车单速变速箱,1,固定齿比变速箱
63011,比亚迪e2,电动车单速变速箱,1,固定齿比变速箱
67157,比亚迪e2,电动车单速变速箱,1,固定齿比变速箱
62376,元Pro,电动车单速变速箱,1,固定齿比变速箱
62377,元Pro,电动车单速变速箱,1,固定齿比变速箱
62378,元Pro,电动车单速变速箱,1,固定齿比变速箱
69051,秦新能源,电动车单速变速箱,1,固定齿比变速箱
69052,秦新能源,电动车单速变速箱,1,固定齿比变速箱
55331,宋MAX新能源,E-CVT无级变速,无级变速,电子无级变速箱(E-CVT)
55329,宋MAX新能源,E-CVT无级变速,无级变速,电子无级变速箱(E-CVT)
55328,宋MAX新能源,E-CVT无级变速,无级变速,电子无级变速箱(E-CVT)
55330,宋MAX新能源,E-CVT无级变速,无级变速,电子无级变速箱(E-CVT)
55009,宋MAX新能源,E-CVT无级变速,无级变速,电子无级变速箱(E-CVT)
60687,比亚迪e9,电动车单速变速箱,1,固定齿比变速箱
60414,比亚迪D1,电动车单速变速箱,1,固定齿比变速箱
63696,比亚迪D1,电动车单速变速箱,1,固定齿比变速箱
70469,比亚迪e6,电动车单速变速箱,1,固定齿比变速箱
70470,比亚迪e6,电动车单速变速箱,1,固定齿比变速箱
51306,比亚迪e3,电动车单速变速箱,1,固定齿比变速箱
52635,比亚迪e3,电动车单速变速箱,1,固定齿比变速箱
69842,帕萨特,7挡干式双离合,7,干式双离合变速箱(DCT)
69730,帕萨特,7挡干式双离合,7,干式双离合变速箱(DCT)
64997,帕萨特,7挡干式双离合,7,干式双离合变速箱(DCT)
69851,帕萨特,7挡湿式双离合,7,湿式双离合变速箱(DCT)
65369,帕萨特,7挡湿式双离合,7,湿式双离合变速箱(DCT)
69760,帕萨特,7挡湿式双离合,7,湿式双离合变速箱(DCT)
69854,帕萨特,7挡湿式双离合,7,湿式双离合变速箱(DCT)
72550,帕萨特,7挡湿式双离合,7,湿式双离合变速箱(DCT)
69848,帕萨特,7挡湿式双离合,7,湿式双离合变速箱(DCT)
72549,帕萨特,7挡湿式双离合,7,湿式双离合变速箱(DCT)
69855,帕萨特,7挡湿式双离合,7,湿式双离合变速箱(DCT)
69850,帕萨特,7挡湿式双离合,7,湿式双离合变速箱(DCT)
69849,帕萨特,7挡湿式双离合,7,湿式双离合变速箱(DCT)
69853,帕萨特,7挡湿式双离合,7,湿式双离合变速箱(DCT)
65144,帕萨特,7挡湿式双离合,7,湿式双离合变速箱(DCT)
67732,帕萨特,7挡干式双离合,7,干式双离合变速箱(DCT)
69852,帕萨特,7挡湿式双离合,7,湿式双离合变速箱(DCT)
69856,帕萨特,7挡湿式双离合,7,湿式双离合变速箱(DCT)
66451,迈腾,7挡干式双离合,7,干式双离合变速箱(DCT)
70441,迈腾,7挡干式双离合,7,干式双离合变速箱(DCT)
68101,迈腾,7挡干式双离合,7,干式双离合变速箱(DCT)
66450,迈腾,7挡湿式双离合,7,湿式双离合变速箱(DCT)
69938,迈腾,7挡湿式双离合,7,湿式双离合变速箱(DCT)
70442,迈腾,7挡干式双离合,7,干式双离合变速箱(DCT)
69937,迈腾,7挡干式双离合,7,干式双离合变速箱(DCT)
71364,迈腾,7挡湿式双离合,7,湿式双离合变速箱(DCT)
71926,迈腾,7挡湿式双离合,7,湿式双离合变速箱(DCT)
71927,迈腾,7挡湿式双离合,7,湿式双离合变速箱(DCT)
64819,朗逸,6挡手自一体,6,手自一体变速箱(AT)
64818,朗逸,6挡手自一体,6,手自一体变速箱(AT)
64824,朗逸,6挡手自一体,6,手自一体变速箱(AT)
64821,朗逸,6挡手自一体,6,手自一体变速箱(AT)
64825,朗逸,6挡手自一体,6,手自一体变速箱(AT)
64823,朗逸,6挡手自一体,6,手自一体变速箱(AT)
67521,朗逸,6挡手自一体,6,手自一体变速箱(AT)
64820,朗逸,6挡手自一体,6,手自一体变速箱(AT)
63242,朗逸,7挡干式双离合,7,干式双离合变速箱(DCT)
70551,朗逸,7挡干式双离合,7,干式双离合变速箱(DCT)
64826,朗逸,7挡干式双离合,7,干式双离合变速箱(DCT)
70552,朗逸,7挡干式双离合,7,干式双离合变速箱(DCT)
69830,朗逸,7挡干式双离合,7,干式双离合变速箱(DCT)
64822,朗逸,6挡手自一体,6,手自一体变速箱(AT)
61259,朗逸,6挡手自一体,6,手自一体变速箱(AT)
69831,朗逸,6挡手自一体,6,手自一体变速箱(AT)
67522,朗逸,6挡手自一体,6,手自一体变速箱(AT)
67612,途昂,7挡湿式双离合,7,湿式双离合变速箱(DCT)
72135,途昂,7挡湿式双离合,7,湿式双离合变速箱(DCT)
67605,途昂,7挡湿式双离合,7,湿式双离合变速箱(DCT)
67606,途昂,7挡湿式双离合,7,湿式双离合变速箱(DCT)
67603,途昂,7挡湿式双离合,7,湿式双离合变速箱(DCT)
72134,途昂,7挡湿式双离合,7,湿式双离合变速箱(DCT)
67611,途昂,7挡湿式双离合,7,湿式双离合变速箱(DCT)
71802,途昂,7挡湿式双离合,7,湿式双离合变速箱(DCT)
67609,途昂,7挡湿式双离合,7,湿式双离合变速箱(DCT)
67604,途昂,7挡湿式双离合,7,湿式双离合变速箱(DCT)
67607,途昂,7挡湿式双离合,7,湿式双离合变速箱(DCT)
71908,途昂,7挡湿式双离合,7,湿式双离合变速箱(DCT)
69914,途昂,7挡湿式双离合,7,湿式双离合变速箱(DCT)
67608,途昂,7挡湿式双离合,7,湿式双离合变速箱(DCT)
67602,途昂,7挡湿式双离合,7,湿式双离合变速箱(DCT)
67601,途昂,7挡湿式双离合,7,湿式双离合变速箱(DCT)
67610,途昂,7挡湿式双离合,7,湿式双离合变速箱(DCT)
70222,速腾,5挡手动,5,手动变速箱(MT)
70218,速腾,7挡干式双离合,7,干式双离合变速箱(DCT)
72129,速腾,7挡干式双离合,7,干式双离合变速箱(DCT)
72128,速腾,7挡干式双离合,7,干式双离合变速箱(DCT)
70219,速腾,7挡干式双离合,7,干式双离合变速箱(DCT)
72130,速腾,7挡干式双离合,7,干式双离合变速箱(DCT)
68133,速腾,7挡干式双离合,7,干式双离合变速箱(DCT)
72411,速腾,7挡干式双离合,7,干式双离合变速箱(DCT)
70217,速腾,7挡干式双离合,7,干式双离合变速箱(DCT)
70220,速腾,7挡干式双离合,7,干式双离合变速箱(DCT)
70221,速腾,7挡干式双离合,7,干式双离合变速箱(DCT)
70715,探岳,7挡湿式双离合,7,湿式双离合变速箱(DCT)
69421,探岳,7挡湿式双离合,7,湿式双离合变速箱(DCT)
71696,探岳,7挡湿式双离合,7,湿式双离合变速箱(DCT)
65179,探岳,7挡湿式双离合,7,湿式双离合变速箱(DCT)
62194,探岳,7挡湿式双离合,7,湿式双离合变速箱(DCT)
69414,探岳,7挡湿式双离合,7,湿式双离合变速箱(DCT)
69413,探岳,7挡湿式双离合,7,湿式双离合变速箱(DCT)
62193,探岳,7挡湿式双离合,7,湿式双离合变速箱(DCT)
71951,探岳,7挡湿式双离合,7,湿式双离合变速箱(DCT)
65181,探岳,7挡湿式双离合,7,湿式双离合变速箱(DCT)
65177,探岳,7挡湿式双离合,7,湿式双离合变速箱(DCT)
71952,探岳,7挡湿式双离合,7,湿式双离合变速箱(DCT)
65178,探岳,7挡湿式双离合,7,湿式双离合变速箱(DCT)
65180,探岳,7挡湿式双离合,7,湿式双离合变速箱(DCT)
60622,探岳,7挡湿式双离合,7,湿式双离合变速箱(DCT)
66454,途观L,7挡湿式双离合,7,湿式双离合变速箱(DCT)
66453,途观L,7挡湿式双离合,7,湿式双离合变速箱(DCT)
66452,途观L,7挡湿式双离合,7,湿式双离合变速箱(DCT)
68468,途观L,7挡湿式双离合,7,湿式双离合变速箱(DCT)
68467,途观L,7挡湿式双离合,7,湿式双离合变速箱(DCT)
68198,途观L,7挡湿式双离合,7,湿式双离合变速箱(DCT)
67287,途观L,7挡湿式双离合,7,湿式双离合变速箱(DCT)
67286,途观L,7挡湿式双离合,7,湿式双离合变速箱(DCT)
67285,途观L,7挡湿式双离合,7,湿式双离合变速箱(DCT)
67411,途岳,6挡手自一体,6,手自一体变速箱(AT)
67414,途岳,6挡手自一体,6,手自一体变速箱(AT)
67410,途岳,7挡干式双离合,7,干式双离合变速箱(DCT)
68750,途岳,7挡干式双离合,7,干式双离合变速箱(DCT)
69573,途岳,7挡干式双离合,7,干式双离合变速箱(DCT)
67413,途岳,7挡干式双离合,7,干式双离合变速箱(DCT)
68749,途岳,7挡干式双离合,7,干式双离合变速箱(DCT)
69572,途岳,7挡干式双离合,7,干式双离合变速箱(DCT)
67412,途岳,7挡湿式双离合,7,湿式双离合变速箱(DCT)
69272,大众ID.3,电动车单速变速箱,1,固定齿比变速箱
71677,大众ID.3,电动车单速变速箱,1,固定齿比变速箱
71654,大众ID.3,电动车单速变速箱,1,固定齿比变速箱
69271,大众ID.3,电动车单速变速箱,1,固定齿比变速箱
69273,大众ID.3,电动车单速变速箱,1,固定齿比变速箱
70354,大众ID.3,电动车单速变速箱,1,固定齿比变速箱
69297,大众ID.3,电动车单速变速箱,1,固定齿比变速箱
69298,大众ID.3,电动车单速变速箱,1,固定齿比变速箱
68889,高尔夫,7挡干式双离合,7,干式双离合变速箱(DCT)
70637,高尔夫,7挡干式双离合,7,干式双离合变速箱(DCT)
70965,高尔夫,7挡干式双离合,7,干式双离合变速箱(DCT)
70638,高尔夫,7挡干式双离合,7,干式双离合变速箱(DCT)
68888,高尔夫,7挡干式双离合,7,干式双离合变速箱(DCT)
62338,高尔夫,7挡干式双离合,7,干式双离合变速箱(DCT)
68636,揽巡,7挡湿式双离合,7,湿式双离合变速箱(DCT)
68633,揽巡,7挡湿式双离合,7,湿式双离合变速箱(DCT)
71076,揽巡,7挡湿式双离合,7,湿式双离合变速箱(DCT)
68634,揽巡,7挡湿式双离合,7,湿式双离合变速箱(DCT)
68635,揽巡,7挡湿式双离合,7,湿式双离合变速箱(DCT)
70401,宝来,5挡手动,5,手动变速箱(MT)
70402,宝来,7挡干式双离合,7,干式双离合变速箱(DCT)
68144,宝来,7挡干式双离合,7,干式双离合变速箱(DCT)
70398,宝来,7挡干式双离合,7,干式双离合变速箱(DCT)
70399,宝来,7挡干式双离合,7,干式双离合变速箱(DCT)
70400,宝来,7挡干式双离合,7,干式双离合变速箱(DCT)
70397,宝来,7挡干式双离合,7,干式双离合变速箱(DCT)
69047,一汽-大众CC,7挡湿式双离合,7,湿式双离合变速箱(DCT)
71859,一汽-大众CC,7挡湿式双离合,7,湿式双离合变速箱(DCT)
64089,一汽-大众CC,7挡湿式双离合,7,湿式双离合变速箱(DCT)
64113,一汽-大众CC,7挡湿式双离合,7,湿式双离合变速箱(DCT)
69048,一汽-大众CC,7挡湿式双离合,7,湿式双离合变速箱(DCT)
67032,一汽-大众CC,7挡湿式双离合,7,湿式双离合变速箱(DCT)
65340,一汽-大众CC,7挡湿式双离合,7,湿式双离合变速箱(DCT)
69044,一汽-大众CC,7挡湿式双离合,7,湿式双离合变速箱(DCT)
69045,一汽-大众CC,7挡湿式双离合,7,湿式双离合变速箱(DCT)
71858,一汽-大众CC,7挡湿式双离合,7,湿式双离合变速箱(DCT)
64114,一汽-大众CC,7挡湿式双离合,7,湿式双离合变速箱(DCT)
71856,一汽-大众CC,7挡湿式双离合,7,湿式双离合变速箱(DCT)
69043,一汽-大众CC,7挡湿式双离合,7,湿式双离合变速箱(DCT)
71857,一汽-大众CC,7挡湿式双离合,7,湿式双离合变速箱(DCT)
71860,一汽-大众CC,7挡湿式双离合,7,湿式双离合变速箱(DCT)
71861,一汽-大众CC,7挡湿式双离合,7,湿式双离合变速箱(DCT)
67033,一汽-大众CC,7挡湿式双离合,7,湿式双离合变速箱(DCT)
69046,一汽-大众CC,7挡湿式双离合,7,湿式双离合变速箱(DCT)
63584,途锐,8挡手自一体,8,手自一体变速箱(AT)
63585,途锐,8挡手自一体,8,手自一体变速箱(AT)
64329,途锐,8挡手自一体,8,手自一体变速箱(AT)
72503,途锐,8挡手自一体,8,手自一体变速箱(AT)
63583,途锐,8挡手自一体,8,手自一体变速箱(AT)
64328,途锐,8挡手自一体,8,手自一体变速箱(AT)
63582,途锐,8挡手自一体,8,手自一体变速箱(AT)
64396,威然,7挡湿式双离合,7,湿式双离合变速箱(DCT)
64398,威然,7挡湿式双离合,7,湿式双离合变速箱(DCT)
64395,威然,7挡湿式双离合,7,湿式双离合变速箱(DCT)
64394,威然,7挡湿式双离合,7,湿式双离合变速箱(DCT)
64397,威然,7挡湿式双离合,7,湿式双离合变速箱(DCT)
71346,揽境,7挡湿式双离合,7,湿式双离合变速箱(DCT)
68640,揽境,7挡湿式双离合,7,湿式双离合变速箱(DCT)
71349,揽境,7挡湿式双离合,7,湿式双离合变速箱(DCT)
68648,揽境,7挡湿式双离合,7,湿式双离合变速箱(DCT)
71340,揽境,7挡湿式双离合,7,湿式双离合变速箱(DCT)
71341,揽境,7挡湿式双离合,7,湿式双离合变速箱(DCT)
71345,揽境,7挡湿式双离合,7,湿式双离合变速箱(DCT)
71342,揽境,7挡湿式双离合,7,湿式双离合变速箱(DCT)
71344,揽境,7挡湿式双离合,7,湿式双离合变速箱(DCT)
68642,揽境,7挡湿式双离合,7,湿式双离合变速箱(DCT)
71348,揽境,7挡湿式双离合,7,湿式双离合变速箱(DCT)
68646,揽境,7挡湿式双离合,7,湿式双离合变速箱(DCT)
68641,揽境,7挡湿式双离合,7,湿式双离合变速箱(DCT)
71343,揽境,7挡湿式双离合,7,湿式双离合变速箱(DCT)
71351,揽境,7挡湿式双离合,7,湿式双离合变速箱(DCT)
68645,揽境,7挡湿式双离合,7,湿式双离合变速箱(DCT)
71350,揽境,7挡湿式双离合,7,湿式双离合变速箱(DCT)
68639,揽境,7挡湿式双离合,7,湿式双离合变速箱(DCT)
68647,揽境,7挡湿式双离合,7,湿式双离合变速箱(DCT)
71347,揽境,7挡湿式双离合,7,湿式双离合变速箱(DCT)
64933,凌渡,7挡干式双离合,7,干式双离合变速箱(DCT)
70122,凌渡,7挡干式双离合,7,干式双离合变速箱(DCT)
70120,凌渡,7挡干式双离合,7,干式双离合变速箱(DCT)
64555,凌渡,7挡干式双离合,7,干式双离合变速箱(DCT)
70121,凌渡,7挡干式双离合,7,干式双离合变速箱(DCT)
60621,凌渡,7挡干式双离合,7,干式双离合变速箱(DCT)
64556,凌渡,7挡干式双离合,7,干式双离合变速箱(DCT)
70123,凌渡,7挡干式双离合,7,干式双离合变速箱(DCT)
64932,凌渡,7挡干式双离合,7,干式双离合变速箱(DCT)
63096,Polo,5挡手动,5,手动变速箱(MT)
63097,Polo,6挡手自一体,6,手自一体变速箱(AT)
63095,Polo,6挡手自一体,6,手自一体变速箱(AT)
62295,Polo,6挡手自一体,6,手自一体变速箱(AT)
63047,Polo,6挡手自一体,6,手自一体变速箱(AT)
61859,高尔夫GTI,7挡湿式双离合,7,湿式双离合变速箱(DCT)
67314,高尔夫GTI,7挡湿式双离合,7,湿式双离合变速箱(DCT)
71027,T-ROC探歌,7挡干式双离合,7,干式双离合变速箱(DCT)
71026,T-ROC探歌,7挡干式双离合,7,干式双离合变速箱(DCT)
72574,T-ROC探歌,7挡干式双离合,7,干式双离合变速箱(DCT)
72576,T-ROC探歌,7挡干式双离合,7,干式双离合变速箱(DCT)
71025,T-ROC探歌,7挡干式双离合,7,干式双离合变速箱(DCT)
72575,T-ROC探歌,7挡干式双离合,7,干式双离合变速箱(DCT)
70812,ID.4 CROZZ,电动车单速变速箱,1,固定齿比变速箱
71288,ID.4 CROZZ,电动车单速变速箱,1,固定齿比变速箱
71287,ID.4 CROZZ,电动车单速变速箱,1,固定齿比变速箱
71289,ID.4 CROZZ,电动车单速变速箱,1,固定齿比变速箱
66302,ID.4 X,电动车单速变速箱,1,固定齿比变速箱
66304,ID.4 X,电动车单速变速箱,1,固定齿比变速箱
69275,ID.4 X,电动车单速变速箱,1,固定齿比变速箱
69274,ID.4 X,电动车单速变速箱,1,固定齿比变速箱
66305,ID.4 X,电动车单速变速箱,1,固定齿比变速箱
69276,ID.4 X,电动车单速变速箱,1,固定齿比变速箱
72043,ID.4 X,电动车单速变速箱,1,固定齿比变速箱
66303,ID.4 X,电动车单速变速箱,1,固定齿比变速箱
63282,途安,7挡干式双离合,7,干式双离合变速箱(DCT)
65378,途安,7挡干式双离合,7,干式双离合变速箱(DCT)
65377,途安,7挡干式双离合,7,干式双离合变速箱(DCT)
63118,途安,7挡干式双离合,7,干式双离合变速箱(DCT)
63117,途安,7挡干式双离合,7,干式双离合变速箱(DCT)
64849,探影,7挡干式双离合,7,干式双离合变速箱(DCT)
64850,探影,7挡干式双离合,7,干式双离合变速箱(DCT)
63094,途铠,5挡手动,5,手动变速箱(MT)
60102,途铠,6挡手自一体,6,手自一体变速箱(AT)
63565,途铠,6挡手自一体,6,手自一体变速箱(AT)
63092,途铠,7挡干式双离合,7,干式双离合变速箱(DCT)
63093,途铠,7挡干式双离合,7,干式双离合变速箱(DCT)
50920,Arteon,7挡湿式双离合,7,湿式双离合变速箱(DCT)
65987,大众ID.7 VIZZION,电动车单速变速箱,1,固定齿比变速箱
62442,大众ID.7 VIZZION,电动车单速变速箱,1,固定齿比变速箱
62621,大众ID.7 VIZZION,电动车单速变速箱,1,固定齿比变速箱
66190,大众ID.7 VIZZION,电动车单速变速箱,1,固定齿比变速箱
50921,蔚揽,7挡湿式双离合,7,湿式双离合变速箱(DCT)
50780,蔚揽,7挡湿式双离合,7,湿式双离合变速箱(DCT)
50922,蔚揽,7挡湿式双离合,7,湿式双离合变速箱(DCT)
67824,ID.6 CROZZ,电动车单速变速箱,1,固定齿比变速箱
67826,ID.6 CROZZ,电动车单速变速箱,1,固定齿比变速箱
67825,ID.6 CROZZ,电动车单速变速箱,1,固定齿比变速箱
64678,ID.6 CROZZ,电动车单速变速箱,1,固定齿比变速箱
62714,ID.6 X,电动车单速变速箱,1,固定齿比变速箱
62716,ID.6 X,电动车单速变速箱,1,固定齿比变速箱
62715,ID.6 X,电动车单速变速箱,1,固定齿比变速箱
69354,途观X,7挡湿式双离合,7,湿式双离合变速箱(DCT)
70633,ID.UNYX 与众,电动车单速变速箱,1,固定齿比变速箱
69174,ID.UNYX 与众,电动车单速变速箱,1,固定齿比变速箱
69173,ID.UNYX 与众,电动车单速变速箱,1,固定齿比变速箱
67640,探岳X,7挡湿式双离合,7,湿式双离合变速箱(DCT)
62195,探岳X,7挡湿式双离合,7,湿式双离合变速箱(DCT)
58500,探岳X,7挡湿式双离合,7,湿式双离合变速箱(DCT)
59533,帕萨特新能源,6挡湿式双离合,6,湿式双离合变速箱(DCT)
59532,帕萨特新能源,6挡湿式双离合,6,湿式双离合变速箱(DCT)
54800,迈腾GTE插电混动,6挡湿式双离合,6,湿式双离合变速箱(DCT)
54801,迈腾GTE插电混动,6挡湿式双离合,6,湿式双离合变速箱(DCT)
59087,途观L新能源,6挡湿式双离合,6,湿式双离合变速箱(DCT)
59086,途观L新能源,6挡湿式双离合,6,湿式双离合变速箱(DCT)
55512,途锐新能源,8挡手自一体,8,手自一体变速箱(AT)
66573,探岳GTE插电混动,6挡湿式双离合,6,湿式双离合变速箱(DCT)
71531,奥迪A6L,7挡湿式双离合,7,湿式双离合变速箱(DCT)
71530,奥迪A6L,7挡湿式双离合,7,湿式双离合变速箱(DCT)
72049,奥迪A6L,7挡湿式双离合,7,湿式双离合变速箱(DCT)
71526,奥迪A6L,7挡湿式双离合,7,湿式双离合变速箱(DCT)
71527,奥迪A6L,7挡湿式双离合,7,湿式双离合变速箱(DCT)
71995,奥迪A6L,7挡湿式双离合,7,湿式双离合变速箱(DCT)
71528,奥迪A6L,7挡湿式双离合,7,湿式双离合变速箱(DCT)
65347,奥迪Q5L,7挡湿式双离合,7,湿式双离合变速箱(DCT)
68853,奥迪Q5L,7挡湿式双离合,7,湿式双离合变速箱(DCT)
68852,奥迪Q5L,7挡湿式双离合,7,湿式双离合变速箱(DCT)
68851,奥迪Q5L,7挡湿式双离合,7,湿式双离合变速箱(DCT)
65348,奥迪Q5L,7挡湿式双离合,7,湿式双离合变速箱(DCT)
65351,奥迪Q5L,7挡湿式双离合,7,湿式双离合变速箱(DCT)
71980,奥迪Q5L,7挡湿式双离合,7,湿式双离合变速箱(DCT)
71981,奥迪Q5L,7挡湿式双离合,7,湿式双离合变速箱(DCT)
71982,奥迪Q5L,7挡湿式双离合,7,湿式双离合变速箱(DCT)
71979,奥迪Q5L,7挡湿式双离合,7,湿式双离合变速箱(DCT)
68854,奥迪Q5L,7挡湿式双离合,7,湿式双离合变速箱(DCT)
65349,奥迪Q5L,7挡湿式双离合,7,湿式双离合变速箱(DCT)
65350,奥迪Q5L,7挡湿式双离合,7,湿式双离合变速箱(DCT)
65000,奥迪A4L,7挡湿式双离合,7,湿式双离合变速箱(DCT)
69124,奥迪A4L,7挡湿式双离合,7,湿式双离合变速箱(DCT)
65293,奥迪A4L,7挡湿式双离合,7,湿式双离合变速箱(DCT)
65296,奥迪A4L,7挡湿式双离合,7,湿式双离合变速箱(DCT)
69123,奥迪A4L,7挡湿式双离合,7,湿式双离合变速箱(DCT)
65295,奥迪A4L,7挡湿式双离合,7,湿式双离合变速箱(DCT)
69122,奥迪A4L,7挡湿式双离合,7,湿式双离合变速箱(DCT)
65294,奥迪A4L,7挡湿式双离合,7,湿式双离合变速箱(DCT)
69125,奥迪A4L,7挡湿式双离合,7,湿式双离合变速箱(DCT)
70481,奥迪Q7,8挡手自一体,8,手自一体变速箱(AT)
68679,奥迪Q7,8挡手自一体,8,手自一体变速箱(AT)
68681,奥迪Q7,8挡手自一体,8,手自一体变速箱(AT)
68682,奥迪Q7,8挡手自一体,8,手自一体变速箱(AT)
68680,奥迪Q7,8挡手自一体,8,手自一体变速箱(AT)
70931,奥迪Q7,8挡手自一体,8,手自一体变速箱(AT)
70483,奥迪Q7,8挡手自一体,8,手自一体变速箱(AT)
70480,奥迪Q7,8挡手自一体,8,手自一体变速箱(AT)
70482,奥迪Q7,8挡手自一体,8,手自一体变速箱(AT)
68726,奥迪A3,7挡干式双离合,7,干式双离合变速箱(DCT)
70232,奥迪A3,7挡干式双离合,7,干式双离合变速箱(DCT)
64853,奥迪A3,7挡干式双离合,7,干式双离合变速箱(DCT)
64858,奥迪A3,7挡干式双离合,7,干式双离合变速箱(DCT)
69761,奥迪A3,7挡干式双离合,7,干式双离合变速箱(DCT)
64854,奥迪A3,7挡干式双离合,7,干式双离合变速箱(DCT)
64856,奥迪A3,7挡干式双离合,7,干式双离合变速箱(DCT)
64859,奥迪A3,7挡干式双离合,7,干式双离合变速箱(DCT)
69763,奥迪A3,7挡干式双离合,7,干式双离合变速箱(DCT)
64857,奥迪A3,7挡干式双离合,7,干式双离合变速箱(DCT)
64861,奥迪A3,7挡干式双离合,7,干式双离合变速箱(DCT)
70233,奥迪A3,7挡干式双离合,7,干式双离合变速箱(DCT)
64864,奥迪A3,7挡干式双离合,7,干式双离合变速箱(DCT)
64863,奥迪A3,7挡干式双离合,7,干式双离合变速箱(DCT)
64862,奥迪A3,7挡干式双离合,7,干式双离合变速箱(DCT)
64855,奥迪A3,7挡干式双离合,7,干式双离合变速箱(DCT)
69762,奥迪A3,7挡干式双离合,7,干式双离合变速箱(DCT)
64860,奥迪A3,7挡干式双离合,7,干式双离合变速箱(DCT)
64865,奥迪A3,7挡干式双离合,7,干式双离合变速箱(DCT)
64866,奥迪A3,7挡干式双离合,7,干式双离合变速箱(DCT)
66886,奥迪A7L,7挡湿式双离合,7,湿式双离合变速箱(DCT)
66755,奥迪A7L,7挡湿式双离合,7,湿式双离合变速箱(DCT)
66790,奥迪A7L,7挡湿式双离合,7,湿式双离合变速箱(DCT)
66891,奥迪A7L,7挡湿式双离合,7,湿式双离合变速箱(DCT)
66890,奥迪A7L,7挡湿式双离合,7,湿式双离合变速箱(DCT)
66887,奥迪A7L,7挡湿式双离合,7,湿式双离合变速箱(DCT)
66889,奥迪A7L,7挡湿式双离合,7,湿式双离合变速箱(DCT)
65482,奥迪A8,8挡手自一体,8,手自一体变速箱(AT)
64041,奥迪A8,8挡手自一体,8,手自一体变速箱(AT)
70490,奥迪A8,8挡手自一体,8,手自一体变速箱(AT)
64046,奥迪A8,8挡手自一体,8,手自一体变速箱(AT)
70485,奥迪A8,8挡手自一体,8,手自一体变速箱(AT)
64045,奥迪A8,8挡手自一体,8,手自一体变速箱(AT)
67356,奥迪A8,8挡手自一体,8,手自一体变速箱(AT)
64043,奥迪A8,8挡手自一体,8,手自一体变速箱(AT)
70489,奥迪A8,8挡手自一体,8,手自一体变速箱(AT)
70484,奥迪A8,8挡手自一体,8,手自一体变速箱(AT)
64042,奥迪A8,8挡手自一体,8,手自一体变速箱(AT)
64047,奥迪A8,8挡手自一体,8,手自一体变速箱(AT)
70487,奥迪A8,8挡手自一体,8,手自一体变速箱(AT)
64044,奥迪A8,8挡手自一体,8,手自一体变速箱(AT)
70865,奥迪A6(进口),7挡湿式双离合,7,湿式双离合变速箱(DCT)
70866,奥迪A6(进口),7挡湿式双离合,7,湿式双离合变速箱(DCT)
69186,奥迪A6(进口),7挡湿式双离合,7,湿式双离合变速箱(DCT)
65706,奥迪A6(进口),7挡湿式双离合,7,湿式双离合变速箱(DCT)
65707,奥迪A6(进口),7挡湿式双离合,7,湿式双离合变速箱(DCT)
69185,奥迪A6(进口),7挡湿式双离合,7,湿式双离合变速箱(DCT)
65002,奥迪Q3,7挡湿式双离合,7,湿式双离合变速箱(DCT)
63974,奥迪Q3,7挡湿式双离合,7,湿式双离合变速箱(DCT)
63985,奥迪Q3,7挡湿式双离合,7,湿式双离合变速箱(DCT)
63983,奥迪Q3,7挡湿式双离合,7,湿式双离合变速箱(DCT)
63986,奥迪Q3,7挡湿式双离合,7,湿式双离合变速箱(DCT)
63984,奥迪Q3,7挡湿式双离合,7,湿式双离合变速箱(DCT)
63988,奥迪Q3,7挡湿式双离合,7,湿式双离合变速箱(DCT)
63989,奥迪Q3,7挡湿式双离合,7,湿式双离合变速箱(DCT)
63987,奥迪Q3,7挡湿式双离合,7,湿式双离合变速箱(DCT)
63724,奥迪Q3,7挡湿式双离合,7,湿式双离合变速箱(DCT)
64926,奥迪Q6,7挡湿式双离合,7,湿式双离合变速箱(DCT)
66295,奥迪Q6,7挡湿式双离合,7,湿式双离合变速箱(DCT)
64920,奥迪Q6,7挡湿式双离合,7,湿式双离合变速箱(DCT)
64916,奥迪Q6,7挡湿式双离合,7,湿式双离合变速箱(DCT)
64915,奥迪Q6,7挡湿式双离合,7,湿式双离合变速箱(DCT)
64925,奥迪Q6,7挡湿式双离合,7,湿式双离合变速箱(DCT)
66294,奥迪Q6,7挡湿式双离合,7,湿式双离合变速箱(DCT)
64913,奥迪Q6,7挡湿式双离合,7,湿式双离合变速箱(DCT)
64919,奥迪Q6,7挡湿式双离合,7,湿式双离合变速箱(DCT)
64918,奥迪Q6,7挡湿式双离合,7,湿式双离合变速箱(DCT)
64922,奥迪Q6,7挡湿式双离合,7,湿式双离合变速箱(DCT)
64917,奥迪Q6,7挡湿式双离合,7,湿式双离合变速箱(DCT)
64914,奥迪Q6,7挡湿式双离合,7,湿式双离合变速箱(DCT)
64921,奥迪Q6,7挡湿式双离合,7,湿式双离合变速箱(DCT)
64927,奥迪Q6,7挡湿式双离合,7,湿式双离合变速箱(DCT)
65914,奥迪Q6,7挡湿式双离合,7,湿式双离合变速箱(DCT)
64923,奥迪Q6,7挡湿式双离合,7,湿式双离合变速箱(DCT)
64928,奥迪Q6,7挡湿式双离合,7,湿式双离合变速箱(DCT)
64924,奥迪Q6,7挡湿式双离合,7,湿式双离合变速箱(DCT)
70824,奥迪A7,7挡湿式双离合,7,湿式双离合变速箱(DCT)
70823,奥迪A7,7挡湿式双离合,7,湿式双离合变速箱(DCT)
65818,奥迪A7,7挡湿式双离合,7,湿式双离合变速箱(DCT)
65819,奥迪A7,7挡湿式双离合,7,湿式双离合变速箱(DCT)
65855,奥迪A7,7挡湿式双离合,7,湿式双离合变速箱(DCT)
70825,奥迪A7,7挡湿式双离合,7,湿式双离合变速箱(DCT)
66015,奥迪A5(进口),7挡湿式双离合,7,湿式双离合变速箱(DCT)
66014,奥迪A5(进口),7挡湿式双离合,7,湿式双离合变速箱(DCT)
66013,奥迪A5(进口),7挡湿式双离合,7,湿式双离合变速箱(DCT)
66011,奥迪A5(进口),7挡湿式双离合,7,湿式双离合变速箱(DCT)
66012,奥迪A5(进口),7挡湿式双离合,7,湿式双离合变速箱(DCT)
71277,奥迪Q2L,7挡干式双离合,7,干式双离合变速箱(DCT)
70132,奥迪Q2L,7挡干式双离合,7,干式双离合变速箱(DCT)
71275,奥迪Q2L,7挡干式双离合,7,干式双离合变速箱(DCT)
70131,奥迪Q2L,7挡干式双离合,7,干式双离合变速箱(DCT)
71276,奥迪Q2L,7挡干式双离合,7,干式双离合变速箱(DCT)
71274,奥迪Q2L,7挡干式双离合,7,干式双离合变速箱(DCT)
71273,奥迪Q2L,7挡干式双离合,7,干式双离合变速箱(DCT)
69018,奥迪Q8,8挡手自一体,8,手自一体变速箱(AT)
64630,奥迪Q8,8挡手自一体,8,手自一体变速箱(AT)
69019,奥迪Q8,8挡手自一体,8,手自一体变速箱(AT)
69020,奥迪Q8,8挡手自一体,8,手自一体变速箱(AT)
64252,奥迪S4,8挡手自一体,8,手自一体变速箱(AT)
64253,奥迪S4,8挡手自一体,8,手自一体变速箱(AT)
65951,奥迪A4(进口),7挡湿式双离合,7,湿式双离合变速箱(DCT)
65961,奥迪A4(进口),7挡湿式双离合,7,湿式双离合变速箱(DCT)
62273,奥迪Q5 e-tron,电动车单速变速箱,1,固定齿比变速箱
62272,奥迪Q5 e-tron,电动车单速变速箱,1,固定齿比变速箱
62271,奥迪Q5 e-tron,电动车单速变速箱,1,固定齿比变速箱
68572,奥迪Q5 e-tron,电动车单速变速箱,1,固定齿比变速箱
62270,奥迪Q5 e-tron,电动车单速变速箱,1,固定齿比变速箱
62267,奥迪Q5 e-tron,电动车单速变速箱,1,固定齿比变速箱
68571,奥迪Q5 e-tron,电动车单速变速箱,1,固定齿比变速箱
62274,奥迪Q5 e-tron,电动车单速变速箱,1,固定齿比变速箱
62268,奥迪Q5 e-tron,电动车单速变速箱,1,固定齿比变速箱
62269,奥迪Q5 e-tron,电动车单速变速箱,1,固定齿比变速箱
62278,奥迪Q5 e-tron,电动车单速变速箱,1,固定齿比变速箱
62277,奥迪Q5 e-tron,电动车单速变速箱,1,固定齿比变速箱
62276,奥迪Q5 e-tron,电动车单速变速箱,1,固定齿比变速箱
62275,奥迪Q5 e-tron,电动车单速变速箱,1,固定齿比变速箱
65049,奥迪Q4 e-tron,电动车单速变速箱,1,固定齿比变速箱
65051,奥迪Q4 e-tron,电动车单速变速箱,1,固定齿比变速箱
65050,奥迪Q4 e-tron,电动车单速变速箱,1,固定齿比变速箱
65047,奥迪Q4 e-tron,电动车单速变速箱,1,固定齿比变速箱
69007,奥迪Q5L Sportback,7挡湿式双离合,7,湿式双离合变速箱(DCT)
65465,奥迪Q5L Sportback,7挡湿式双离合,7,湿式双离合变速箱(DCT)
65467,奥迪Q5L Sportback,7挡湿式双离合,7,湿式双离合变速箱(DCT)
65466,奥迪Q5L Sportback,7挡湿式双离合,7,湿式双离合变速箱(DCT)
71978,奥迪Q5L Sportback,7挡湿式双离合,7,湿式双离合变速箱(DCT)
69008,奥迪Q5L Sportback,7挡湿式双离合,7,湿式双离合变速箱(DCT)
66263,奥迪RS 7,8挡手自一体,8,手自一体变速箱(AT)
66265,奥迪RS 6,8挡手自一体,8,手自一体变速箱(AT)
66639,奥迪RS 6,8挡手自一体,8,手自一体变速箱(AT)
66009,奥迪S5,8挡手自一体,8,手自一体变速箱(AT)
66010,奥迪S5,8挡手自一体,8,手自一体变速箱(AT)
66008,奥迪S5,8挡手自一体,8,手自一体变速箱(AT)
66276,奥迪RS 4,8挡手自一体,8,手自一体变速箱(AT)
66275,奥迪RS 4,8挡手自一体,8,手自一体变速箱(AT)
66274,奥迪RS 4,8挡手自一体,8,手自一体变速箱(AT)
71606,奥迪RS Q8,8挡手自一体,8,手自一体变速箱(AT)
55117,奥迪RS Q8,8挡手自一体,8,手自一体变速箱(AT)
66268,奥迪RS 5,8挡手自一体,8,手自一体变速箱(AT)
66267,奥迪RS 5,8挡手自一体,8,手自一体变速箱(AT)
66269,奥迪RS 5,8挡手自一体,8,手自一体变速箱(AT)
66270,奥迪RS 5,8挡手自一体,8,手自一体变速箱(AT)
66271,奥迪RS 5,8挡手自一体,8,手自一体变速箱(AT)
66272,奥迪RS 5,8挡手自一体,8,手自一体变速箱(AT)
63435,奥迪SQ5,8挡手自一体,8,手自一体变速箱(AT)
66921,奥迪SQ5,8挡手自一体,8,手自一体变速箱(AT)
64048,奥迪S8,8挡手自一体,8,手自一体变速箱(AT)
70491,奥迪S8,8挡手自一体,8,手自一体变速箱(AT)
63981,奥迪Q3 Sportback,7挡湿式双离合,7,湿式双离合变速箱(DCT)
63979,奥迪Q3 Sportback,7挡湿式双离合,7,湿式双离合变速箱(DCT)
63982,奥迪Q3 Sportback,7挡湿式双离合,7,湿式双离合变速箱(DCT)
63975,奥迪Q3 Sportback,7挡湿式双离合,7,湿式双离合变速箱(DCT)
63980,奥迪Q3 Sportback,7挡湿式双离合,7,湿式双离合变速箱(DCT)
63692,奥迪e-tron GT,2挡自动,2,自动变速箱(AT)
65368,奥迪SQ7,8挡手自一体,8,手自一体变速箱(AT)
68828,奥迪SQ7,8挡手自一体,8,手自一体变速箱(AT)
67100,奥迪S6,8挡手自一体,8,手自一体变速箱(AT)
61540,奥迪S6,8挡手自一体,8,手自一体变速箱(AT)
57861,奥迪S7,8挡手自一体,8,手自一体变速箱(AT)
65820,奥迪S7,8挡手自一体,8,手自一体变速箱(AT)
65055,奥迪S7,8挡手自一体,8,手自一体变速箱(AT)
55144,奥迪Q2L e-tron,电动车单速变速箱,1,固定齿比变速箱
60410,奥迪RS e-tron GT,2挡自动,2,自动变速箱(AT)
59025,奥迪SQ5 Sportback,8挡手自一体,8,手自一体变速箱(AT)
67867,奥迪SQ5 Sportback,8挡手自一体,8,手自一体变速箱(AT)
72191,雅阁,CVT无级变速,无级变速,无级变速箱(CVT)
70027,雅阁,CVT无级变速,无级变速,无级变速箱(CVT)
70014,雅阁,CVT无级变速,无级变速,无级变速箱(CVT)
72256,雅阁,CVT无级变速,无级变速,无级变速箱(CVT)
70028,雅阁,CVT无级变速,无级变速,无级变速箱(CVT)
70026,雅阁,CVT无级变速,无级变速,无级变速箱(CVT)
72124,雅阁,CVT无级变速,无级变速,无级变速箱(CVT)
71939,本田CR-V,E-CVT无级变速,无级变速,电子无级变速箱(E-CVT)
63479,本田CR-V,E-CVT无级变速,无级变速,电子无级变速箱(E-CVT)
71936,本田CR-V,CVT无级变速,无级变速,无级变速箱(CVT)
63480,本田CR-V,CVT无级变速,无级变速,无级变速箱(CVT)
67569,本田CR-V,CVT无级变速,无级变速,无级变速箱(CVT)
61271,本田CR-V,CVT无级变速,无级变速,无级变速箱(CVT)
71938,本田CR-V,CVT无级变速,无级变速,无级变速箱(CVT)
71942,本田CR-V,CVT无级变速,无级变速,无级变速箱(CVT)
71937,本田CR-V,CVT无级变速,无级变速,无级变速箱(CVT)
71941,本田CR-V,E-CVT无级变速,无级变速,电子无级变速箱(E-CVT)
71940,本田CR-V,E-CVT无级变速,无级变速,电子无级变速箱(E-CVT)
67568,本田CR-V,E-CVT无级变速,无级变速,电子无级变速箱(E-CVT)
60767,思域,CVT无级变速,无级变速,无级变速箱(CVT)
59054,思域,E-CVT无级变速,无级变速,电子无级变速箱(E-CVT)
58217,思域,E-CVT无级变速,无级变速,电子无级变速箱(E-CVT)
53177,思域,E-CVT无级变速,无级变速,电子无级变速箱(E-CVT)
59067,思域,E-CVT无级变速,无级变速,电子无级变速箱(E-CVT)
72008,思域,CVT无级变速,无级变速,无级变速箱(CVT)
71955,思域,CVT无级变速,无级变速,无级变速箱(CVT)
53219,思域,CVT无级变速,无级变速,无级变速箱(CVT)
72011,思域,E-CVT无级变速,无级变速,电子无级变速箱(E-CVT)
53268,思域,E-CVT无级变速,无级变速,电子无级变速箱(E-CVT)
69138,思域,E-CVT无级变速,无级变速,电子无级变速箱(E-CVT)
53266,思域,E-CVT无级变速,无级变速,电子无级变速箱(E-CVT)
59069,思域,E-CVT无级变速,无级变速,电子无级变速箱(E-CVT)
58216,思域,CVT无级变速,无级变速,无级变速箱(CVT)
72009,思域,CVT无级变速,无级变速,无级变速箱(CVT)
59068,思域,CVT无级变速,无级变速,无级变速箱(CVT)
71954,思域,CVT无级变速,无级变速,无级变速箱(CVT)
61020,思域,CVT无级变速,无级变速,无级变速箱(CVT)
53267,思域,6挡手动,6,手动变速箱(MT)
57610,思域,CVT无级变速,无级变速,无级变速箱(CVT)
56676,思域,CVT无级变速,无级变速,无级变速箱(CVT)
62373,思域,CVT无级变速,无级变速,无级变速箱(CVT)
57576,思域,CVT无级变速,无级变速,无级变速箱(CVT)
53265,思域,CVT无级变速,无级变速,无级变速箱(CVT)
57577,思域,CVT无级变速,无级变速,无级变速箱(CVT)
69140,思域,CVT无级变速,无级变速,无级变速箱(CVT)
72010,思域,CVT无级变速,无级变速,无级变速箱(CVT)
63458,奥德赛,E-CVT无级变速,无级变速,电子无级变速箱(E-CVT)
63455,奥德赛,E-CVT无级变速,无级变速,电子无级变速箱(E-CVT)
63453,奥德赛,E-CVT无级变速,无级变速,电子无级变速箱(E-CVT)
63457,奥德赛,E-CVT无级变速,无级变速,电子无级变速箱(E-CVT)
63454,奥德赛,E-CVT无级变速,无级变速,电子无级变速箱(E-CVT)
63459,奥德赛,E-CVT无级变速,无级变速,电子无级变速箱(E-CVT)
63456,奥德赛,E-CVT无级变速,无级变速,电子无级变速箱(E-CVT)
70326,皓影,CVT无级变速,无级变速,无级变速箱(CVT)
70317,皓影,CVT无级变速,无级变速,无级变速箱(CVT)
70319,皓影,CVT无级变速,无级变速,无级变速箱(CVT)
70322,皓影,CVT无级变速,无级变速,无级变速箱(CVT)
70325,皓影,CVT无级变速,无级变速,无级变速箱(CVT)
70324,皓影,E-CVT无级变速,无级变速,电子无级变速箱(E-CVT)
70323,皓影,E-CVT无级变速,无级变速,电子无级变速箱(E-CVT)
70321,皓影,E-CVT无级变速,无级变速,电子无级变速箱(E-CVT)
70320,皓影,E-CVT无级变速,无级变速,电子无级变速箱(E-CVT)
70318,皓影,E-CVT无级变速,无级变速,电子无级变速箱(E-CVT)
63833,艾力绅,E-CVT无级变速,无级变速,电子无级变速箱(E-CVT)
63832,艾力绅,E-CVT无级变速,无级变速,电子无级变速箱(E-CVT)
63830,艾力绅,E-CVT无级变速,无级变速,电子无级变速箱(E-CVT)
63831,艾力绅,E-CVT无级变速,无级变速,电子无级变速箱(E-CVT)
58225,型格,E-CVT无级变速,无级变速,电子无级变速箱(E-CVT)
60060,型格,E-CVT无级变速,无级变速,电子无级变速箱(E-CVT)
62353,型格,E-CVT无级变速,无级变速,电子无级变速箱(E-CVT)
65960,型格,6挡手动,6,手动变速箱(MT)
60057,型格,CVT无级变速,无级变速,无级变速箱(CVT)
61495,型格,6挡手动,6,手动变速箱(MT)
60062,型格,6挡手动,6,手动变速箱(MT)
72192,型格,CVT无级变速,无级变速,无级变速箱(CVT)
72258,型格,E-CVT无级变速,无级变速,电子无级变速箱(E-CVT)
72259,型格,E-CVT无级变速,无级变速,电子无级变速箱(E-CVT)
62348,型格,E-CVT无级变速,无级变速,电子无级变速箱(E-CVT)
62347,型格,E-CVT无级变速,无级变速,电子无级变速箱(E-CVT)
58226,型格,E-CVT无级变速,无级变速,电子无级变速箱(E-CVT)
62352,型格,6挡手动,6,手动变速箱(MT)
72260,型格,CVT无级变速,无级变速,无级变速箱(CVT)
60058,型格,CVT无级变速,无级变速,无级变速箱(CVT)
72123,型格,CVT无级变速,无级变速,无级变速箱(CVT)
62350,型格,6挡手动,6,手动变速箱(MT)
58227,型格,CVT无级变速,无级变速,无级变速箱(CVT)
62351,型格,CVT无级变速,无级变速,无级变速箱(CVT)
72261,型格,CVT无级变速,无级变速,无级变速箱(CVT)
72122,型格,CVT无级变速,无级变速,无级变速箱(CVT)
60061,型格,CVT无级变速,无级变速,无级变速箱(CVT)
62346,型格,CVT无级变速,无级变速,无级变速箱(CVT)
62349,型格,CVT无级变速,无级变速,无级变速箱(CVT)
71217,英仕派,CVT无级变速,无级变速,无级变速箱(CVT)
71216,英仕派,CVT无级变速,无级变速,无级变速箱(CVT)
71218,英仕派,CVT无级变速,无级变速,无级变速箱(CVT)
62889,飞度,CVT无级变速,无级变速,无级变速箱(CVT)
65959,飞度,CVT无级变速,无级变速,无级变速箱(CVT)
62474,飞度,CVT无级变速,无级变速,无级变速箱(CVT)
62888,飞度,CVT无级变速,无级变速,无级变速箱(CVT)
62887,飞度,CVT无级变速,无级变速,无级变速箱(CVT)
62890,飞度,CVT无级变速,无级变速,无级变速箱(CVT)
64098,冠道,CVT无级变速,无级变速,无级变速箱(CVT)
64093,冠道,CVT无级变速,无级变速,无级变速箱(CVT)
64094,冠道,9挡手自一体,9,手自一体变速箱(AT)
63965,冠道,CVT无级变速,无级变速,无级变速箱(CVT)
64092,冠道,9挡手自一体,9,手自一体变速箱(AT)
64097,冠道,9挡手自一体,9,手自一体变速箱(AT)
64096,冠道,9挡手自一体,9,手自一体变速箱(AT)
64095,冠道,9挡手自一体,9,手自一体变速箱(AT)
65361,本田XR-V,CVT无级变速,无级变速,无级变速箱(CVT)
64446,本田XR-V,CVT无级变速,无级变速,无级变速箱(CVT)
64445,本田XR-V,CVT无级变速,无级变速,无级变速箱(CVT)
64444,本田XR-V,CVT无级变速,无级变速,无级变速箱(CVT)
64447,本田XR-V,CVT无级变速,无级变速,无级变速箱(CVT)
69196,本田UR-V,CVT无级变速,无级变速,无级变速箱(CVT)
63511,本田UR-V,CVT无级变速,无级变速,无级变速箱(CVT)
63510,本田UR-V,CVT无级变速,无级变速,无级变速箱(CVT)
69197,本田UR-V,CVT无级变速,无级变速,无级变速箱(CVT)
63514,本田UR-V,9挡手自一体,9,手自一体变速箱(AT)
63512,本田UR-V,9挡手自一体,9,手自一体变速箱(AT)
63513,本田UR-V,9挡手自一体,9,手自一体变速箱(AT)
69198,本田UR-V,9挡手自一体,9,手自一体变速箱(AT)
69203,本田UR-V,CVT无级变速,无级变速,无级变速箱(CVT)
69200,本田UR-V,CVT无级变速,无级变速,无级变速箱(CVT)
69201,本田UR-V,CVT无级变速,无级变速,无级变速箱(CVT)
63509,本田UR-V,CVT无级变速,无级变速,无级变速箱(CVT)
69199,本田UR-V,9挡手自一体,9,手自一体变速箱(AT)
69202,本田UR-V,9挡手自一体,9,手自一体变速箱(AT)
63497,本田UR-V,9挡手自一体,9,手自一体变速箱(AT)
54076,本田UR-V,9挡手自一体,9,手自一体变速箱(AT)
58208,本田HR-V,CVT无级变速,无级变速,无级变速箱(CVT)
58207,本田HR-V,E-CVT无级变速,无级变速,电子无级变速箱(E-CVT)
62493,本田HR-V,E-CVT无级变速,无级变速,电子无级变速箱(E-CVT)
62490,本田HR-V,E-CVT无级变速,无级变速,电子无级变速箱(E-CVT)
62492,本田HR-V,E-CVT无级变速,无级变速,电子无级变速箱(E-CVT)
62494,本田HR-V,CVT无级变速,无级变速,无级变速箱(CVT)
58209,本田HR-V,CVT无级变速,无级变速,无级变速箱(CVT)
67567,本田HR-V,CVT无级变速,无级变速,无级变速箱(CVT)
60968,本田HR-V,CVT无级变速,无级变速,无级变速箱(CVT)
63162,雅阁新能源,E-CVT无级变速,无级变速,电子无级变速箱(E-CVT)
66585,雅阁新能源,E-CVT无级变速,无级变速,电子无级变速箱(E-CVT)
61278,雅阁新能源,E-CVT无级变速,无级变速,电子无级变速箱(E-CVT)
63163,雅阁新能源,E-CVT无级变速,无级变速,电子无级变速箱(E-CVT)
72619,广汽Honda P7,电动车单速变速箱,1,固定齿比变速箱
71067,广汽Honda P7,电动车单速变速箱,1,固定齿比变速箱
67766,广汽Honda P7,电动车单速变速箱,1,固定齿比变速箱
69876,缤智,CVT无级变速,无级变速,无级变速箱(CVT)
58214,缤智,CVT无级变速,无级变速,无级变速箱(CVT)
58212,缤智,CVT无级变速,无级变速,无级变速箱(CVT)
61952,缤智,CVT无级变速,无级变速,无级变速箱(CVT)
58213,缤智,CVT无级变速,无级变速,无级变速箱(CVT)
63257,凌派,CVT无级变速,无级变速,无级变速箱(CVT)
63260,凌派,CVT无级变速,无级变速,无级变速箱(CVT)
63259,凌派,CVT无级变速,无级变速,无级变速箱(CVT)
63258,凌派,E-CVT无级变速,无级变速,电子无级变速箱(E-CVT)
63255,凌派,E-CVT无级变速,无级变速,电子无级变速箱(E-CVT)
63256,凌派,E-CVT无级变速,无级变速,电子无级变速箱(E-CVT)
67767,东风本田S7,电动车单速变速箱,1,固定齿比变速箱
71976,东风本田S7,电动车单速变速箱,1,固定齿比变速箱
61017,思域(进口),6挡手动,6,手动变速箱(MT)
59442,本田CR-V新能源,E-CVT无级变速,无级变速,电子无级变速箱(E-CVT)
59426,本田CR-V新能源,E-CVT无级变速,无级变速,电子无级变速箱(E-CVT)
59443,本田CR-V新能源,E-CVT无级变速,无级变速,电子无级变速箱(E-CVT)
61233,LIFE,CVT无级变速,无级变速,无级变速箱(CVT)
61230,LIFE,CVT无级变速,无级变速,无级变速箱(CVT)
61232,LIFE,CVT无级变速,无级变速,无级变速箱(CVT)
61231,LIFE,CVT无级变速,无级变速,无级变速箱(CVT)
56263,享域,CVT无级变速,无级变速,无级变速箱(CVT)
56261,享域,CVT无级变速,无级变速,无级变速箱(CVT)
56245,享域,CVT无级变速,无级变速,无级变速箱(CVT)
56264,享域,CVT无级变速,无级变速,无级变速箱(CVT)
56262,享域,E-CVT无级变速,无级变速,电子无级变速箱(E-CVT)
56266,享域,E-CVT无级变速,无级变速,电子无级变速箱(E-CVT)
56265,享域,E-CVT无级变速,无级变速,电子无级变速箱(E-CVT)
56243,享域,E-CVT无级变速,无级变速,电子无级变速箱(E-CVT)
60089,ZR-V 致在,E-CVT无级变速,无级变速,电子无级变速箱(E-CVT)
61681,ZR-V 致在,E-CVT无级变速,无级变速,电子无级变速箱(E-CVT)
59200,ZR-V 致在,E-CVT无级变速,无级变速,电子无级变速箱(E-CVT)
56936,ZR-V 致在,E-CVT无级变速,无级变速,电子无级变速箱(E-CVT)
57092,ZR-V 致在,CVT无级变速,无级变速,无级变速箱(CVT)
62515,ZR-V 致在,CVT无级变速,无级变速,无级变速箱(CVT)
61680,ZR-V 致在,CVT无级变速,无级变速,无级变速箱(CVT)
60088,ZR-V 致在,CVT无级变速,无级变速,无级变速箱(CVT)
59188,ZR-V 致在,CVT无级变速,无级变速,无级变速箱(CVT)
70327,皓影新能源,E-CVT无级变速,无级变速,电子无级变速箱(E-CVT)
70329,皓影新能源,E-CVT无级变速,无级变速,电子无级变速箱(E-CVT)
70328,皓影新能源,E-CVT无级变速,无级变速,电子无级变速箱(E-CVT)
66474,e:NP2 极湃2,电动车单速变速箱,1,固定齿比变速箱
63681,英仕派新能源,E-CVT无级变速,无级变速,电子无级变速箱(E-CVT)
61886,英仕派新能源,E-CVT无级变速,无级变速,电子无级变速箱(E-CVT)
53666,本田e:NS1,电动车单速变速箱,1,固定齿比变速箱
56138,本田e:NS1,电动车单速变速箱,1,固定齿比变速箱
56791,本田e:NS1,电动车单速变速箱,1,固定齿比变速箱
56565,本田e:NS1,电动车单速变速箱,1,固定齿比变速箱
57030,e:NP1 极湃1,电动车单速变速箱,1,固定齿比变速箱
57412,e:NP1 极湃1,电动车单速变速箱,1,固定齿比变速箱
57414,e:NP1 极湃1,电动车单速变速箱,1,固定齿比变速箱
57415,e:NP1 极湃1,电动车单速变速箱,1,固定齿比变速箱
68032,猎光e:NS2,电动车单速变速箱,1,固定齿比变速箱
68031,猎光e:NS2,电动车单速变速箱,1,固定齿比变速箱
68033,猎光e:NS2,电动车单速变速箱,1,固定齿比变速箱
66473,猎光e:NS2,电动车单速变速箱,1,固定齿比变速箱
62661,Cayenne,8挡手自一体,8,手自一体变速箱(AT)
68389,Cayenne,8挡手自一体,8,手自一体变速箱(AT)
68388,Cayenne,8挡手自一体,8,手自一体变速箱(AT)
62548,Cayenne,8挡手自一体,8,手自一体变速箱(AT)
62549,Cayenne,8挡手自一体,8,手自一体变速箱(AT)
68387,Cayenne,8挡手自一体,8,手自一体变速箱(AT)
56905,Panamera,8挡湿式双离合,8,湿式双离合变速箱(DCT)
64337,Panamera,8挡湿式双离合,8,湿式双离合变速箱(DCT)
56897,Panamera,8挡湿式双离合,8,湿式双离合变速箱(DCT)
59231,Panamera,8挡湿式双离合,8,湿式双离合变速箱(DCT)
56901,Panamera,8挡湿式双离合,8,湿式双离合变速箱(DCT)
56909,Panamera,8挡湿式双离合,8,湿式双离合变速箱(DCT)
69214,Panamera,8挡湿式双离合,8,湿式双离合变速箱(DCT)
59232,Panamera,8挡湿式双离合,8,湿式双离合变速箱(DCT)
56908,Panamera,8挡湿式双离合,8,湿式双离合变速箱(DCT)
56899,Panamera,8挡湿式双离合,8,湿式双离合变速箱(DCT)
59230,Panamera,8挡湿式双离合,8,湿式双离合变速箱(DCT)
66024,Panamera,8挡湿式双离合,8,湿式双离合变速箱(DCT)
56907,Panamera,8挡湿式双离合,8,湿式双离合变速箱(DCT)
66023,Panamera,8挡湿式双离合,8,湿式双离合变速箱(DCT)
56904,Panamera,8挡湿式双离合,8,湿式双离合变速箱(DCT)
56902,Panamera,8挡湿式双离合,8,湿式双离合变速箱(DCT)
56906,Panamera,8挡湿式双离合,8,湿式双离合变速箱(DCT)
62370,Macan,7挡湿式双离合,7,湿式双离合变速箱(DCT)
62371,Macan,7挡湿式双离合,7,湿式双离合变速箱(DCT)
62372,Macan,7挡湿式双离合,7,湿式双离合变速箱(DCT)
62369,Macan,7挡湿式双离合,7,湿式双离合变速箱(DCT)
72222,Macan,7挡湿式双离合,7,湿式双离合变速箱(DCT)
68308,保时捷911,8挡湿式双离合,8,湿式双离合变速箱(DCT)
70029,保时捷911,8挡湿式双离合,8,湿式双离合变速箱(DCT)
68523,保时捷911,8挡湿式双离合,8,湿式双离合变速箱(DCT)
68526,保时捷911,8挡湿式双离合,8,湿式双离合变速箱(DCT)
57794,保时捷911,8挡湿式双离合,8,湿式双离合变速箱(DCT)
60599,保时捷911,8挡湿式双离合,8,湿式双离合变速箱(DCT)
57799,保时捷911,8挡湿式双离合,8,湿式双离合变速箱(DCT)
57793,保时捷911,8挡湿式双离合,8,湿式双离合变速箱(DCT)
68522,保时捷911,7挡湿式双离合,7,湿式双离合变速箱(DCT)
57800,保时捷911,7挡湿式双离合,7,湿式双离合变速箱(DCT)
70415,保时捷911,8挡湿式双离合,8,湿式双离合变速箱(DCT)
63210,保时捷911,8挡湿式双离合,8,湿式双离合变速箱(DCT)
57797,保时捷911,8挡湿式双离合,8,湿式双离合变速箱(DCT)
57801,保时捷911,8挡湿式双离合,8,湿式双离合变速箱(DCT)
60167,保时捷911,8挡湿式双离合,8,湿式双离合变速箱(DCT)
70553,保时捷911,8挡湿式双离合,8,湿式双离合变速箱(DCT)
69490,保时捷911,8挡湿式双离合,8,湿式双离合变速箱(DCT)
57792,保时捷911,8挡湿式双离合,8,湿式双离合变速箱(DCT)
57798,保时捷911,8挡湿式双离合,8,湿式双离合变速箱(DCT)
68527,保时捷911,8挡湿式双离合,8,湿式双离合变速箱(DCT)
57796,保时捷911,8挡湿式双离合,8,湿式双离合变速箱(DCT)
57802,保时捷911,8挡湿式双离合,8,湿式双离合变速箱(DCT)
68524,保时捷911,8挡湿式双离合,8,湿式双离合变速箱(DCT)
57795,保时捷911,7挡湿式双离合,7,湿式双离合变速箱(DCT)
68520,保时捷911,8挡湿式双离合,8,湿式双离合变速箱(DCT)
57803,保时捷911,8挡湿式双离合,8,湿式双离合变速箱(DCT)
56840,保时捷718,7挡湿式双离合,7,湿式双离合变速箱(DCT)
56845,保时捷718,7挡湿式双离合,7,湿式双离合变速箱(DCT)
56847,保时捷718,7挡湿式双离合,7,湿式双离合变速箱(DCT)
56842,保时捷718,7挡湿式双离合,7,湿式双离合变速箱(DCT)
53803,保时捷718,7挡湿式双离合,7,湿式双离合变速箱(DCT)
56844,保时捷718,7挡湿式双离合,7,湿式双离合变速箱(DCT)
56843,保时捷718,7挡湿式双离合,7,湿式双离合变速箱(DCT)
63018,保时捷718,7挡湿式双离合,7,湿式双离合变速箱(DCT)
56841,保时捷718,7挡湿式双离合,7,湿式双离合变速箱(DCT)
56848,保时捷718,7挡湿式双离合,7,湿式双离合变速箱(DCT)
56846,保时捷718,7挡湿式双离合,7,湿式双离合变速箱(DCT)
60397,保时捷718,7挡湿式双离合,7,湿式双离合变速箱(DCT)
60396,保时捷718,7挡湿式双离合,7,湿式双离合变速箱(DCT)
67097,Taycan,2挡自动,2,自动变速箱(AT)
66694,Taycan,2挡自动,2,自动变速箱(AT)
66696,Taycan,2挡自动,2,自动变速箱(AT)
67096,Taycan,2挡自动,2,自动变速箱(AT)
70717,Taycan,2挡自动,2,自动变速箱(AT)
66697,Taycan,2挡自动,2,自动变速箱(AT)
67999,Taycan,2挡自动,2,自动变速箱(AT)
66590,Taycan,2挡自动,2,自动变速箱(AT)
67098,Taycan,2挡自动,2,自动变速箱(AT)
67099,Taycan,2挡自动,2,自动变速箱(AT)
68381,Cayenne新能源,8挡手自一体,8,手自一体变速箱(AT)
64514,Cayenne新能源,8挡手自一体,8,手自一体变速箱(AT)
68383,Cayenne新能源,8挡手自一体,8,手自一体变速箱(AT)
65016,Cayenne新能源,8挡手自一体,8,手自一体变速箱(AT)
68385,Cayenne新能源,8挡手自一体,8,手自一体变速箱(AT)
62501,Cayenne新能源,8挡手自一体,8,手自一体变速箱(AT)
64513,Cayenne新能源,8挡手自一体,8,手自一体变速箱(AT)
68382,Cayenne新能源,8挡手自一体,8,手自一体变速箱(AT)
68384,Cayenne新能源,8挡手自一体,8,手自一体变速箱(AT)
62500,Cayenne新能源,8挡手自一体,8,手自一体变速箱(AT)
65015,Cayenne新能源,8挡手自一体,8,手自一体变速箱(AT)
68386,Cayenne新能源,8挡手自一体,8,手自一体变速箱(AT)
60569,Macan新能源,电动车单速变速箱,1,固定齿比变速箱
72223,Macan新能源,电动车单速变速箱,1,固定齿比变速箱
69233,Macan新能源,电动车单速变速箱,1,固定齿比变速箱
66569,Macan新能源,电动车单速变速箱,1,固定齿比变速箱
56918,Panamera新能源,8挡湿式双离合,8,湿式双离合变速箱(DCT)
67461,Panamera新能源,8挡湿式双离合,8,湿式双离合变速箱(DCT)
56917,Panamera新能源,8挡湿式双离合,8,湿式双离合变速箱(DCT)
67460,Panamera新能源,8挡湿式双离合,8,湿式双离合变速箱(DCT)
59233,Panamera新能源,8挡湿式双离合,8,湿式双离合变速箱(DCT)
56910,Panamera新能源,8挡湿式双离合,8,湿式双离合变速箱(DCT)
56912,Panamera新能源,8挡湿式双离合,8,湿式双离合变速箱(DCT)
67462,Panamera新能源,8挡湿式双离合,8,湿式双离合变速箱(DCT)
66022,Panamera新能源,8挡湿式双离合,8,湿式双离合变速箱(DCT)
59234,Panamera新能源,8挡湿式双离合,8,湿式双离合变速箱(DCT)
64338,Panamera新能源,8挡湿式双离合,8,湿式双离合变速箱(DCT)
56913,Panamera新能源,8挡湿式双离合,8,湿式双离合变速箱(DCT)
56919,Panamera新能源,8挡湿式双离合,8,湿式双离合变速箱(DCT)
72016,Model Y,电动车单速变速箱,1,固定齿比变速箱
72017,Model Y,电动车单速变速箱,1,固定齿比变速箱
71369,Model 3,电动车单速变速箱,1,固定齿比变速箱
67550,Model 3,电动车单速变速箱,1,固定齿比变速箱
64538,Model 3,电动车单速变速箱,1,固定齿比变速箱
61092,Model S,电动车单速变速箱,1,固定齿比变速箱
61210,Model S,电动车单速变速箱,1,固定齿比变速箱
61211,Model X,电动车单速变速箱,1,固定齿比变速箱
61093,Model X,电动车单速变速箱,1,固定齿比变速箱
63903,红旗H5,7挡湿式双离合,7,湿式双离合变速箱(DCT)
69177,红旗H5,7挡湿式双离合,7,湿式双离合变速箱(DCT)
63902,红旗H5,7挡湿式双离合,7,湿式双离合变速箱(DCT)
63907,红旗H5,1挡DHT,1,混合动力专用变速箱(DHT)
69340,红旗H5,1挡DHT,1,混合动力专用变速箱(DHT)
69242,红旗H5,1挡DHT,1,混合动力专用变速箱(DHT)
69321,红旗H5,8挡手自一体,8,手自一体变速箱(AT)
70019,红旗H5,8挡手自一体,8,手自一体变速箱(AT)
63905,红旗H5,8挡手自一体,8,手自一体变速箱(AT)
63908,红旗H5,8挡手自一体,8,手自一体变速箱(AT)
63909,红旗H5,7挡湿式双离合,7,湿式双离合变速箱(DCT)
70017,红旗H5,7挡湿式双离合,7,湿式双离合变速箱(DCT)
70015,红旗H5,1挡DHT,1,混合动力专用变速箱(DHT)
63906,红旗H5,1挡DHT,1,混合动力专用变速箱(DHT)
63904,红旗H5,1挡DHT,1,混合动力专用变速箱(DHT)
70018,红旗H5,8挡手自一体,8,手自一体变速箱(AT)
70016,红旗H5,8挡手自一体,8,手自一体变速箱(AT)
69339,红旗H5,8挡手自一体,8,手自一体变速箱(AT)
71604,红旗天工05,电动车单速变速箱,1,固定齿比变速箱
71948,红旗天工05,电动车单速变速箱,1,固定齿比变速箱
71947,红旗天工05,电动车单速变速箱,1,固定齿比变速箱
70751,红旗天工05,电动车单速变速箱,1,固定齿比变速箱
61265,红旗HS5,8挡手自一体,8,手自一体变速箱(AT)
63026,红旗HS5,8挡手自一体,8,手自一体变速箱(AT)
68097,红旗HS5,8挡手自一体,8,手自一体变速箱(AT)
69975,红旗HS5,8挡手自一体,8,手自一体变速箱(AT)
63025,红旗HS5,8挡手自一体,8,手自一体变速箱(AT)
70613,红旗HS5,8挡手自一体,8,手自一体变速箱(AT)
69976,红旗HS5,8挡手自一体,8,手自一体变速箱(AT)
63024,红旗HS5,8挡手自一体,8,手自一体变速箱(AT)
70614,红旗HS5,8挡手自一体,8,手自一体变速箱(AT)
63027,红旗HS5,8挡手自一体,8,手自一体变速箱(AT)
69977,红旗HS5,8挡手自一体,8,手自一体变速箱(AT)
69978,红旗HS5,8挡手自一体,8,手自一体变速箱(AT)
64121,红旗H9,7挡湿式双离合,7,湿式双离合变速箱(DCT)
67955,红旗H9,7挡湿式双离合,7,湿式双离合变速箱(DCT)
64122,红旗H9,7挡湿式双离合,7,湿式双离合变速箱(DCT)
63389,红旗H9,7挡湿式双离合,7,湿式双离合变速箱(DCT)
57026,红旗H9,8挡手自一体,8,手自一体变速箱(AT)
67958,红旗H9,8挡手自一体,8,手自一体变速箱(AT)
64123,红旗H9,8挡手自一体,8,手自一体变速箱(AT)
67893,红旗H9,7挡湿式双离合,7,湿式双离合变速箱(DCT)
67959,红旗H9,7挡湿式双离合,7,湿式双离合变速箱(DCT)
63381,红旗H9,7挡湿式双离合,7,湿式双离合变速箱(DCT)
66480,红旗H9,7挡湿式双离合,7,湿式双离合变速箱(DCT)
67956,红旗H9,7挡湿式双离合,7,湿式双离合变速箱(DCT)
67957,红旗H9,7挡湿式双离合,7,湿式双离合变速箱(DCT)
63687,红旗HS3,7挡湿式双离合,7,湿式双离合变速箱(DCT)
63841,红旗HS3,7挡湿式双离合,7,湿式双离合变速箱(DCT)
63607,红旗HS3,7挡湿式双离合,7,湿式双离合变速箱(DCT)
69593,红旗HS3,8挡手自一体,8,手自一体变速箱(AT)
69591,红旗HS3,7挡湿式双离合,7,湿式双离合变速箱(DCT)
61560,红旗HS3,7挡湿式双离合,7,湿式双离合变速箱(DCT)
69590,红旗HS3,1挡DHT,1,混合动力专用变速箱(DHT)
63436,红旗HS3,8挡手自一体,8,手自一体变速箱(AT)
69592,红旗HS3,8挡手自一体,8,手自一体变速箱(AT)
68717,红旗H6,8挡手自一体,8,手自一体变速箱(AT)
68719,红旗H6,8挡手自一体,8,手自一体变速箱(AT)
68716,红旗H6,8挡手自一体,8,手自一体变速箱(AT)
53875,红旗H6,8挡手自一体,8,手自一体变速箱(AT)
61840,红旗H6,8挡手自一体,8,手自一体变速箱(AT)
68718,红旗H6,8挡手自一体,8,手自一体变速箱(AT)
61842,红旗H6,8挡手自一体,8,手自一体变速箱(AT)
61841,红旗H6,8挡手自一体,8,手自一体变速箱(AT)
68715,红旗H6,8挡手自一体,8,手自一体变速箱(AT)
63962,红旗HS7,8挡手自一体,8,手自一体变速箱(AT)
63959,红旗HS7,8挡手自一体,8,手自一体变速箱(AT)
63854,红旗HS7,8挡手自一体,8,手自一体变速箱(AT)
69699,红旗HS7,8挡手自一体,8,手自一体变速箱(AT)
63961,红旗HS7,8挡手自一体,8,手自一体变速箱(AT)
62742,红旗HS7,8挡手自一体,8,手自一体变速箱(AT)
63960,红旗HS7,8挡手自一体,8,手自一体变速箱(AT)
63963,红旗HS7,8挡手自一体,8,手自一体变速箱(AT)
69697,红旗HS7,8挡手自一体,8,手自一体变速箱(AT)
69698,红旗HS7,8挡手自一体,8,手自一体变速箱(AT)
67736,红旗国雅,8挡手自一体,8,手自一体变速箱(AT)
67737,红旗国雅,8挡手自一体,8,手自一体变速箱(AT)
69707,红旗HS7 PHEV,1挡DHT,1,混合动力专用变速箱(DHT)
72395,红旗HS7 PHEV,1挡DHT,1,混合动力专用变速箱(DHT)
69706,红旗HS7 PHEV,1挡DHT,1,混合动力专用变速箱(DHT)
69072,红旗HS7 PHEV,1挡DHT,1,混合动力专用变速箱(DHT)
66660,红旗HS7 PHEV,1挡DHT,1,混合动力专用变速箱(DHT)
72394,红旗HS7 PHEV,1挡DHT,1,混合动力专用变速箱(DHT)
67710,红旗E-QM5,电动车单速变速箱,1,固定齿比变速箱
67711,红旗E-QM5,电动车单速变速箱,1,固定齿比变速箱
56058,红旗E-QM5,电动车单速变速箱,1,固定齿比变速箱
67051,红旗E-QM5,电动车单速变速箱,1,固定齿比变速箱
67709,红旗E-QM5,电动车单速变速箱,1,固定齿比变速箱
60001,红旗国礼,8挡手自一体,8,手自一体变速箱(AT)
67738,红旗HS3 PHEV,1挡DHT,1,混合动力专用变速箱(DHT)
56719,红旗国耀,8挡手自一体,8,手自一体变速箱(AT)
56746,红旗国耀,8挡手自一体,8,手自一体变速箱(AT)
59647,红旗HQ9,8挡手自一体,8,手自一体变速箱(AT)
59645,红旗HQ9,8挡手自一体,8,手自一体变速箱(AT)
59648,红旗HQ9,8挡手自一体,8,手自一体变速箱(AT)
67498,红旗HQ9,8挡手自一体,8,手自一体变速箱(AT)
72474,红旗HQ9,8挡手自一体,8,手自一体变速箱(AT)
67496,红旗HQ9,8挡手自一体,8,手自一体变速箱(AT)
67497,红旗HQ9,8挡手自一体,8,手自一体变速箱(AT)
56745,红旗HQ9,8挡手自一体,8,手自一体变速箱(AT)
59646,红旗HQ9,8挡手自一体,8,手自一体变速箱(AT)
1015217,红旗国悦,8挡手自一体,8,手自一体变速箱(AT)
1018221,红旗国悦,8挡手自一体,8,手自一体变速箱(AT)
1017569,红旗国悦,8挡手自一体,8,手自一体变速箱(AT)
1017568,红旗国悦,8挡手自一体,8,手自一体变速箱(AT)
1018220,红旗国悦,8挡手自一体,8,手自一体变速箱(AT)
66441,红旗天工08,电动车单速变速箱,1,固定齿比变速箱
72443,红旗天工08,电动车单速变速箱,1,固定齿比变速箱
71322,红旗天工08,电动车单速变速箱,1,固定齿比变速箱
72444,红旗天工08,电动车单速变速箱,1,固定齿比变速箱
66466,红旗天工08,电动车单速变速箱,1,固定齿比变速箱
71321,红旗天工08,电动车单速变速箱,1,固定齿比变速箱
71320,红旗天工08,电动车单速变速箱,1,固定齿比变速箱
67052,红旗E-HS9,电动车单速变速箱,1,固定齿比变速箱
69768,红旗E-HS9,电动车单速变速箱,1,固定齿比变速箱
69770,红旗E-HS9,电动车单速变速箱,1,固定齿比变速箱
67054,红旗E-HS9,电动车单速变速箱,1,固定齿比变速箱
69769,红旗E-HS9,电动车单速变速箱,1,固定齿比变速箱
67055,红旗E-HS9,电动车单速变速箱,1,固定齿比变速箱
69767,红旗E-HS9,电动车单速变速箱,1,固定齿比变速箱
67053,红旗E-HS9,电动车单速变速箱,1,固定齿比变速箱
67489,红旗HQ9 PHEV,1挡DHT,1,混合动力专用变速箱(DHT)
64594,红旗HQ9 PHEV,1挡DHT,1,混合动力专用变速箱(DHT)
67490,红旗HQ9 PHEV,1挡DHT,1,混合动力专用变速箱(DHT)
67297,红旗EH7,电动车单速变速箱,1,固定齿比变速箱
69710,红旗EH7,电动车单速变速箱,1,固定齿比变速箱
69709,红旗EH7,电动车单速变速箱,1,固定齿比变速箱
66954,红旗EH7,电动车单速变速箱,1,固定齿比变速箱
67298,红旗EH7,电动车单速变速箱,1,固定齿比变速箱
65254,红旗EH7,电动车单速变速箱,1,固定齿比变速箱
69713,红旗EH7,电动车单速变速箱,1,固定齿比变速箱
65253,红旗EH7,电动车单速变速箱,1,固定齿比变速箱
69711,红旗EH7,电动车单速变速箱,1,固定齿比变速箱
69712,红旗EH7,电动车单速变速箱,1,固定齿比变速箱
1020495,红旗国悦新能源,电动车单速变速箱,1,固定齿比变速箱
1020496,红旗国悦新能源,电动车单速变速箱,1,固定齿比变速箱
66312,凯美瑞,E-CVT无级变速,无级变速,电子无级变速箱(E-CVT)
67022,凯美瑞,E-CVT无级变速,无级变速,电子无级变速箱(E-CVT)
71194,凯美瑞,E-CVT无级变速,无级变速,电子无级变速箱(E-CVT)
66314,凯美瑞,E-CVT无级变速,无级变速,电子无级变速箱(E-CVT)
67023,凯美瑞,E-CVT无级变速,无级变速,电子无级变速箱(E-CVT)
71005,凯美瑞,E-CVT无级变速,无级变速,电子无级变速箱(E-CVT)
66313,凯美瑞,E-CVT无级变速,无级变速,电子无级变速箱(E-CVT)
66310,凯美瑞,E-CVT无级变速,无级变速,电子无级变速箱(E-CVT)
65877,凯美瑞,E-CVT无级变速,无级变速,电子无级变速箱(E-CVT)
66311,凯美瑞,CVT无级变速,无级变速,无级变速箱(CVT)
65749,凯美瑞,CVT无级变速,无级变速,无级变速箱(CVT)
65878,凯美瑞,CVT无级变速,无级变速,无级变速箱(CVT)
72518,凯美瑞,CVT无级变速,无级变速,无级变速箱(CVT)
65938,凯美瑞,E-CVT无级变速,无级变速,电子无级变速箱(E-CVT)
66647,凯美瑞,E-CVT无级变速,无级变速,电子无级变速箱(E-CVT)
72519,凯美瑞,E-CVT无级变速,无级变速,电子无级变速箱(E-CVT)
67254,赛那SIENNA,E-CVT无级变速,无级变速,电子无级变速箱(E-CVT)
67252,赛那SIENNA,E-CVT无级变速,无级变速,电子无级变速箱(E-CVT)
66455,赛那SIENNA,E-CVT无级变速,无级变速,电子无级变速箱(E-CVT)
67256,赛那SIENNA,E-CVT无级变速,无级变速,电子无级变速箱(E-CVT)
67257,赛那SIENNA,E-CVT无级变速,无级变速,电子无级变速箱(E-CVT)
67251,赛那SIENNA,E-CVT无级变速,无级变速,电子无级变速箱(E-CVT)
67253,赛那SIENNA,E-CVT无级变速,无级变速,电子无级变速箱(E-CVT)
67930,赛那SIENNA,E-CVT无级变速,无级变速,电子无级变速箱(E-CVT)
67255,赛那SIENNA,E-CVT无级变速,无级变速,电子无级变速箱(E-CVT)
68219,汉兰达,E-CVT无级变速,无级变速,电子无级变速箱(E-CVT)
68216,汉兰达,E-CVT无级变速,无级变速,电子无级变速箱(E-CVT)
68555,汉兰达,E-CVT无级变速,无级变速,电子无级变速箱(E-CVT)
68218,汉兰达,E-CVT无级变速,无级变速,电子无级变速箱(E-CVT)
68217,汉兰达,E-CVT无级变速,无级变速,电子无级变速箱(E-CVT)
68554,汉兰达,E-CVT无级变速,无级变速,电子无级变速箱(E-CVT)
68556,汉兰达,E-CVT无级变速,无级变速,电子无级变速箱(E-CVT)
68215,汉兰达,E-CVT无级变速,无级变速,电子无级变速箱(E-CVT)
68553,汉兰达,8挡手自一体,8,手自一体变速箱(AT)
68220,汉兰达,8挡手自一体,8,手自一体变速箱(AT)
68221,汉兰达,8挡手自一体,8,手自一体变速箱(AT)
68453,RAV4荣放,CVT无级变速(模拟10挡),10,无级变速箱(CVT)
68451,RAV4荣放,CVT无级变速(模拟10挡),10,无级变速箱(CVT)
68450,RAV4荣放,CVT无级变速(模拟10挡),10,无级变速箱(CVT)
68454,RAV4荣放,CVT无级变速(模拟10挡),10,无级变速箱(CVT)
68449,RAV4荣放,CVT无级变速(模拟10挡),10,无级变速箱(CVT)
68456,RAV4荣放,E-CVT无级变速,无级变速,电子无级变速箱(E-CVT)
68457,RAV4荣放,E-CVT无级变速,无级变速,电子无级变速箱(E-CVT)
71930,普拉多,8挡手自一体,8,手自一体变速箱(AT)
66837,普拉多,8挡手自一体,8,手自一体变速箱(AT)
71959,普拉多,8挡手自一体,8,手自一体变速箱(AT)
66898,普拉多,8挡手自一体,8,手自一体变速箱(AT)
64019,普拉多,8挡手自一体,8,手自一体变速箱(AT)
71958,普拉多,8挡手自一体,8,手自一体变速箱(AT)
66836,普拉多,8挡手自一体,8,手自一体变速箱(AT)
71960,普拉多,8挡手自一体,8,手自一体变速箱(AT)
66838,普拉多,8挡手自一体,8,手自一体变速箱(AT)
67204,亚洲龙,CVT无级变速(模拟10挡),10,无级变速箱(CVT)
68975,亚洲龙,CVT无级变速(模拟10挡),10,无级变速箱(CVT)
68974,亚洲龙,CVT无级变速(模拟10挡),10,无级变速箱(CVT)
68978,亚洲龙,E-CVT无级变速,无级变速,电子无级变速箱(E-CVT)
67206,亚洲龙,E-CVT无级变速,无级变速,电子无级变速箱(E-CVT)
68977,亚洲龙,E-CVT无级变速,无级变速,电子无级变速箱(E-CVT)
68976,亚洲龙,E-CVT无级变速,无级变速,电子无级变速箱(E-CVT)
68979,亚洲龙,E-CVT无级变速,无级变速,电子无级变速箱(E-CVT)
67205,亚洲龙,E-CVT无级变速,无级变速,电子无级变速箱(E-CVT)
63170,卡罗拉,E-CVT无级变速,无级变速,电子无级变速箱(E-CVT)
63173,卡罗拉,E-CVT无级变速,无级变速,电子无级变速箱(E-CVT)
68964,卡罗拉,E-CVT无级变速,无级变速,电子无级变速箱(E-CVT)
63177,卡罗拉,CVT无级变速(模拟10挡),10,无级变速箱(CVT)
63175,卡罗拉,CVT无级变速(模拟10挡),10,无级变速箱(CVT)
67629,卡罗拉,CVT无级变速(模拟10挡),10,无级变速箱(CVT)
67631,卡罗拉,E-CVT无级变速,无级变速,电子无级变速箱(E-CVT)
67630,卡罗拉,E-CVT无级变速,无级变速,电子无级变速箱(E-CVT)
63174,卡罗拉,E-CVT无级变速,无级变速,电子无级变速箱(E-CVT)
60976,卡罗拉,CVT无级变速(模拟10挡),10,无级变速箱(CVT)
63176,卡罗拉,CVT无级变速(模拟10挡),10,无级变速箱(CVT)
68962,卡罗拉,CVT无级变速(模拟10挡),10,无级变速箱(CVT)
68963,卡罗拉,CVT无级变速(模拟10挡),10,无级变速箱(CVT)
63172,卡罗拉,CVT无级变速(模拟10挡),10,无级变速箱(CVT)
63171,卡罗拉,CVT无级变速(模拟10挡),10,无级变速箱(CVT)
68951,锋兰达,CVT无级变速(模拟10挡),10,无级变速箱(CVT)
68930,锋兰达,CVT无级变速(模拟10挡),10,无级变速箱(CVT)
68932,锋兰达,CVT无级变速(模拟10挡),10,无级变速箱(CVT)
68931,锋兰达,CVT无级变速(模拟10挡),10,无级变速箱(CVT)
68952,锋兰达,CVT无级变速(模拟10挡),10,无级变速箱(CVT)
68953,锋兰达,CVT无级变速(模拟10挡),10,无级变速箱(CVT)
71236,锋兰达,CVT无级变速(模拟10挡),10,无级变速箱(CVT)
68950,锋兰达,E-CVT无级变速,无级变速,电子无级变速箱(E-CVT)
68933,锋兰达,E-CVT无级变速,无级变速,电子无级变速箱(E-CVT)
71250,锋兰达,E-CVT无级变速,无级变速,电子无级变速箱(E-CVT)
68929,锋兰达,E-CVT无级变速,无级变速,电子无级变速箱(E-CVT)
67133,格瑞维亚,E-CVT无级变速,无级变速,电子无级变速箱(E-CVT)
67129,格瑞维亚,E-CVT无级变速,无级变速,电子无级变速箱(E-CVT)
67130,格瑞维亚,E-CVT无级变速,无级变速,电子无级变速箱(E-CVT)
67131,格瑞维亚,E-CVT无级变速,无级变速,电子无级变速箱(E-CVT)
67132,格瑞维亚,E-CVT无级变速,无级变速,电子无级变速箱(E-CVT)
66456,格瑞维亚,E-CVT无级变速,无级变速,电子无级变速箱(E-CVT)
67134,格瑞维亚,E-CVT无级变速,无级变速,电子无级变速箱(E-CVT)
68314,皇冠陆放,8挡手自一体,8,手自一体变速箱(AT)
68317,皇冠陆放,8挡手自一体,8,手自一体变速箱(AT)
67586,皇冠陆放,E-CVT无级变速,无级变速,电子无级变速箱(E-CVT)
68316,皇冠陆放,E-CVT无级变速,无级变速,电子无级变速箱(E-CVT)
68315,皇冠陆放,E-CVT无级变速,无级变速,电子无级变速箱(E-CVT)
68318,皇冠陆放,E-CVT无级变速,无级变速,电子无级变速箱(E-CVT)
63241,卡罗拉锐放,E-CVT无级变速,无级变速,电子无级变速箱(E-CVT)
63020,卡罗拉锐放,E-CVT无级变速,无级变速,电子无级变速箱(E-CVT)
64034,卡罗拉锐放,E-CVT无级变速,无级变速,电子无级变速箱(E-CVT)
68733,卡罗拉锐放,E-CVT无级变速,无级变速,电子无级变速箱(E-CVT)
67632,卡罗拉锐放,CVT无级变速(模拟10挡),10,无级变速箱(CVT)
64079,卡罗拉锐放,CVT无级变速(模拟10挡),10,无级变速箱(CVT)
67628,卡罗拉锐放,CVT无级变速(模拟10挡),10,无级变速箱(CVT)
63019,卡罗拉锐放,CVT无级变速(模拟10挡),10,无级变速箱(CVT)
61460,卡罗拉锐放,E-CVT无级变速,无级变速,电子无级变速箱(E-CVT)
62996,卡罗拉锐放,E-CVT无级变速,无级变速,电子无级变速箱(E-CVT)
68732,卡罗拉锐放,E-CVT无级变速,无级变速,电子无级变速箱(E-CVT)
68734,卡罗拉锐放,E-CVT无级变速,无级变速,电子无级变速箱(E-CVT)
68728,卡罗拉锐放,E-CVT无级变速,无级变速,电子无级变速箱(E-CVT)
62733,卡罗拉锐放,E-CVT无级变速,无级变速,电子无级变速箱(E-CVT)
68729,卡罗拉锐放,CVT无级变速(模拟10挡),10,无级变速箱(CVT)
62927,卡罗拉锐放,CVT无级变速(模拟10挡),10,无级变速箱(CVT)
64033,卡罗拉锐放,CVT无级变速(模拟10挡),10,无级变速箱(CVT)
68723,卡罗拉锐放,CVT无级变速(模拟10挡),10,无级变速箱(CVT)
62731,卡罗拉锐放,CVT无级变速(模拟10挡),10,无级变速箱(CVT)
64032,卡罗拉锐放,CVT无级变速(模拟10挡),10,无级变速箱(CVT)
64078,卡罗拉锐放,CVT无级变速(模拟10挡),10,无级变速箱(CVT)
68544,威兰达,CVT无级变速(模拟10挡),10,无级变速箱(CVT)
68541,威兰达,CVT无级变速(模拟10挡),10,无级变速箱(CVT)
68542,威兰达,CVT无级变速(模拟10挡),10,无级变速箱(CVT)
68539,威兰达,CVT无级变速(模拟10挡),10,无级变速箱(CVT)
68506,威兰达,CVT无级变速(模拟10挡),10,无级变速箱(CVT)
68538,威兰达,CVT无级变速(模拟10挡),10,无级变速箱(CVT)
68546,威兰达,E-CVT无级变速,无级变速,电子无级变速箱(E-CVT)
68540,威兰达,E-CVT无级变速,无级变速,电子无级变速箱(E-CVT)
68507,威兰达,E-CVT无级变速,无级变速,电子无级变速箱(E-CVT)
68545,威兰达,E-CVT无级变速,无级变速,电子无级变速箱(E-CVT)
68543,威兰达,E-CVT无级变速,无级变速,电子无级变速箱(E-CVT)
71586,铂智3X,电动车单速变速箱,1,固定齿比变速箱
71588,铂智3X,电动车单速变速箱,1,固定齿比变速箱
71013,铂智3X,电动车单速变速箱,1,固定齿比变速箱
68066,铂智3X,电动车单速变速箱,1,固定齿比变速箱
71589,铂智3X,电动车单速变速箱,1,固定齿比变速箱
71012,铂智3X,电动车单速变速箱,1,固定齿比变速箱
71587,铂智3X,电动车单速变速箱,1,固定齿比变速箱
67982,皇冠(进口),E-CVT无级变速,无级变速,电子无级变速箱(E-CVT)
67981,皇冠(进口),E-CVT无级变速,无级变速,电子无级变速箱(E-CVT)
63539,埃尔法,E-CVT无级变速,无级变速,电子无级变速箱(E-CVT)
71307,埃尔法,E-CVT无级变速,无级变速,电子无级变速箱(E-CVT)
71306,埃尔法,E-CVT无级变速,无级变速,电子无级变速箱(E-CVT)
63540,埃尔法,E-CVT无级变速,无级变速,电子无级变速箱(E-CVT)
66667,雷凌,E-CVT无级变速,无级变速,电子无级变速箱(E-CVT)
68949,雷凌,E-CVT无级变速,无级变速,电子无级变速箱(E-CVT)
62134,雷凌,E-CVT无级变速,无级变速,电子无级变速箱(E-CVT)
68947,雷凌,E-CVT无级变速,无级变速,电子无级变速箱(E-CVT)
62136,雷凌,CVT无级变速(模拟10挡),10,无级变速箱(CVT)
60635,雷凌,CVT无级变速(模拟10挡),10,无级变速箱(CVT)
68948,雷凌,CVT无级变速(模拟10挡),10,无级变速箱(CVT)
60634,雷凌,CVT无级变速(模拟10挡),10,无级变速箱(CVT)
67326,雷凌,CVT无级变速(模拟10挡),10,无级变速箱(CVT)
67325,雷凌,CVT无级变速(模拟10挡),10,无级变速箱(CVT)
62133,雷凌,E-CVT无级变速,无级变速,电子无级变速箱(E-CVT)
62135,雷凌,E-CVT无级变速,无级变速,电子无级变速箱(E-CVT)
62132,雷凌,E-CVT无级变速,无级变速,电子无级变速箱(E-CVT)
63227,凌放HARRIER,CVT无级变速(模拟10挡),10,无级变速箱(CVT)
68447,凌放HARRIER,CVT无级变速(模拟10挡),10,无级变速箱(CVT)
68441,凌放HARRIER,CVT无级变速(模拟10挡),10,无级变速箱(CVT)
63230,凌放HARRIER,E-CVT无级变速,无级变速,电子无级变速箱(E-CVT)
68442,凌放HARRIER,E-CVT无级变速,无级变速,电子无级变速箱(E-CVT)
63231,凌放HARRIER,E-CVT无级变速,无级变速,电子无级变速箱(E-CVT)
68446,凌放HARRIER,CVT无级变速(模拟10挡),10,无级变速箱(CVT)
63228,凌放HARRIER,CVT无级变速(模拟10挡),10,无级变速箱(CVT)
68443,凌放HARRIER,CVT无级变速(模拟10挡),10,无级变速箱(CVT)
68444,凌放HARRIER,CVT无级变速(模拟10挡),10,无级变速箱(CVT)
63225,凌放HARRIER,CVT无级变速(模拟10挡),10,无级变速箱(CVT)
63229,凌放HARRIER,E-CVT无级变速,无级变速,电子无级变速箱(E-CVT)
63226,凌放HARRIER,E-CVT无级变速,无级变速,电子无级变速箱(E-CVT)
63232,凌放HARRIER,E-CVT无级变速,无级变速,电子无级变速箱(E-CVT)
61459,凌放HARRIER,E-CVT无级变速,无级变速,电子无级变速箱(E-CVT)
61121,皇冠SportCross,E-CVT无级变速,无级变速,电子无级变速箱(E-CVT)
60295,皇冠SportCross,6挡手自一体,6,手自一体变速箱(AT)
66470,丰田bZ3,电动车单速变速箱,1,固定齿比变速箱
66581,丰田bZ3,电动车单速变速箱,1,固定齿比变速箱
66582,丰田bZ3,电动车单速变速箱,1,固定齿比变速箱
62004,威飒,CVT无级变速(模拟10挡),10,无级变速箱(CVT)
62008,威飒,CVT无级变速(模拟10挡),10,无级变速箱(CVT)
68795,威飒,CVT无级变速(模拟10挡),10,无级变速箱(CVT)
68793,威飒,CVT无级变速(模拟10挡),10,无级变速箱(CVT)
68792,威飒,CVT无级变速(模拟10挡),10,无级变速箱(CVT)
62005,威飒,E-CVT无级变速,无级变速,电子无级变速箱(E-CVT)
68797,威飒,E-CVT无级变速,无级变速,电子无级变速箱(E-CVT)
68618,威飒,E-CVT无级变速,无级变速,电子无级变速箱(E-CVT)
61995,威飒,E-CVT无级变速,无级变速,电子无级变速箱(E-CVT)
68799,威飒,E-CVT无级变速,无级变速,电子无级变速箱(E-CVT)
61996,威飒,CVT无级变速(模拟10挡),10,无级变速箱(CVT)
62007,威飒,CVT无级变速(模拟10挡),10,无级变速箱(CVT)
68794,威飒,CVT无级变速(模拟10挡),10,无级变速箱(CVT)
62009,威飒,CVT无级变速(模拟10挡),10,无级变速箱(CVT)
68798,威飒,E-CVT无级变速,无级变速,电子无级变速箱(E-CVT)
68612,威飒,E-CVT无级变速,无级变速,电子无级变速箱(E-CVT)
68796,威飒,E-CVT无级变速,无级变速,电子无级变速箱(E-CVT)
62006,威飒,E-CVT无级变速,无级变速,电子无级变速箱(E-CVT)
71299,威尔法,E-CVT无级变速,无级变速,电子无级变速箱(E-CVT)
71298,威尔法,E-CVT无级变速,无级变速,电子无级变速箱(E-CVT)
63535,威尔法,E-CVT无级变速,无级变速,电子无级变速箱(E-CVT)
63534,威尔法,E-CVT无级变速,无级变速,电子无级变速箱(E-CVT)
54680,丰田86,6挡手动,6,手动变速箱(MT)
60398,丰田86,6挡手动,6,手动变速箱(MT)
58313,丰田86,6挡手自一体,6,手自一体变速箱(AT)
65874,铂智4X,电动车单速变速箱,1,固定齿比变速箱
70807,铂智4X,电动车单速变速箱,1,固定齿比变速箱
70805,铂智4X,电动车单速变速箱,1,固定齿比变速箱
65872,铂智4X,电动车单速变速箱,1,固定齿比变速箱
70808,铂智4X,电动车单速变速箱,1,固定齿比变速箱
70806,铂智4X,电动车单速变速箱,1,固定齿比变速箱
65875,铂智4X,电动车单速变速箱,1,固定齿比变速箱
65873,铂智4X,电动车单速变速箱,1,固定齿比变速箱
64037,亚洲狮,E-CVT无级变速,无级变速,电子无级变速箱(E-CVT)
61892,亚洲狮,E-CVT无级变速,无级变速,电子无级变速箱(E-CVT)
63250,亚洲狮,E-CVT无级变速,无级变速,电子无级变速箱(E-CVT)
63249,亚洲狮,CVT无级变速(模拟10挡),10,无级变速箱(CVT)
64036,亚洲狮,CVT无级变速(模拟10挡),10,无级变速箱(CVT)
63251,亚洲狮,CVT无级变速(模拟10挡),10,无级变速箱(CVT)
63248,亚洲狮,CVT无级变速(模拟10挡),10,无级变速箱(CVT)
63244,亚洲狮,CVT无级变速(模拟10挡),10,无级变速箱(CVT)
63836,凌尚,E-CVT无级变速,无级变速,电子无级变速箱(E-CVT)
69027,凌尚,E-CVT无级变速,无级变速,电子无级变速箱(E-CVT)
62159,凌尚,E-CVT无级变速,无级变速,电子无级变速箱(E-CVT)
61105,凌尚,CVT无级变速(模拟10挡),10,无级变速箱(CVT)
62158,凌尚,CVT无级变速(模拟10挡),10,无级变速箱(CVT)
63835,凌尚,CVT无级变速(模拟10挡),10,无级变速箱(CVT)
69032,凌尚,E-CVT无级变速,无级变速,电子无级变速箱(E-CVT)
69030,凌尚,E-CVT无级变速,无级变速,电子无级变速箱(E-CVT)
69031,凌尚,E-CVT无级变速,无级变速,电子无级变速箱(E-CVT)
62160,凌尚,CVT无级变速(模拟10挡),10,无级变速箱(CVT)
69028,凌尚,CVT无级变速(模拟10挡),10,无级变速箱(CVT)
69029,凌尚,CVT无级变速(模拟10挡),10,无级变速箱(CVT)
61998,丰田C-HR,CVT无级变速(模拟10挡),10,无级变速箱(CVT)
61997,丰田C-HR,CVT无级变速(模拟10挡),10,无级变速箱(CVT)
62002,丰田C-HR,CVT无级变速(模拟10挡),10,无级变速箱(CVT)
62000,丰田C-HR,E-CVT无级变速,无级变速,电子无级变速箱(E-CVT)
61999,丰田C-HR,E-CVT无级变速,无级变速,电子无级变速箱(E-CVT)
62003,丰田C-HR,E-CVT无级变速,无级变速,电子无级变速箱(E-CVT)
62001,丰田C-HR,E-CVT无级变速,无级变速,电子无级变速箱(E-CVT)
59174,SUPRA,8挡手自一体,8,手自一体变速箱(AT)
59175,SUPRA,8挡手自一体,8,手自一体变速箱(AT)
69868,RAV4荣放双擎E+,E-CVT无级变速,无级变速,电子无级变速箱(E-CVT)
69870,RAV4荣放双擎E+,E-CVT无级变速,无级变速,电子无级变速箱(E-CVT)
63240,奕泽IZOA,CVT无级变速(模拟10挡),10,无级变速箱(CVT)
63233,奕泽IZOA,CVT无级变速(模拟10挡),10,无级变速箱(CVT)
62891,奕泽IZOA,CVT无级变速(模拟10挡),10,无级变速箱(CVT)
63238,奕泽IZOA,CVT无级变速(模拟10挡),10,无级变速箱(CVT)
63234,奕泽IZOA,CVT无级变速(模拟10挡),10,无级变速箱(CVT)
63235,奕泽IZOA,E-CVT无级变速,无级变速,电子无级变速箱(E-CVT)
63237,奕泽IZOA,E-CVT无级变速,无级变速,电子无级变速箱(E-CVT)
63236,奕泽IZOA,E-CVT无级变速,无级变速,电子无级变速箱(E-CVT)
63239,奕泽IZOA,E-CVT无级变速,无级变速,电子无级变速箱(E-CVT)
59751,Mirai,电动车单速变速箱,1,固定齿比变速箱
56233,一汽丰田bZ4X,电动车单速变速箱,1,固定齿比变速箱
56475,一汽丰田bZ4X,电动车单速变速箱,1,固定齿比变速箱
56849,一汽丰田bZ4X,电动车单速变速箱,1,固定齿比变速箱
56067,一汽丰田bZ4X,电动车单速变速箱,1,固定齿比变速箱
56850,一汽丰田bZ4X,电动车单速变速箱,1,固定齿比变速箱
1009302,柯斯达,5挡手动,5,手动变速箱(MT)
1009303,柯斯达,5挡手动,5,手动变速箱(MT)
1009297,柯斯达,5挡手动,5,手动变速箱(MT)
1009301,柯斯达,5挡手动,5,手动变速箱(MT)
1009298,柯斯达,5挡手动,5,手动变速箱(MT)
1009300,柯斯达,5挡手动,5,手动变速箱(MT)
1009299,柯斯达,5挡手动,5,手动变速箱(MT)
68623,威兰达新能源,E-CVT无级变速,无级变速,电子无级变速箱(E-CVT)
68622,威兰达新能源,E-CVT无级变速,无级变速,电子无级变速箱(E-CVT)
68621,威兰达新能源,E-CVT无级变速,无级变速,电子无级变速箱(E-CVT)
70546,别克GL8,9挡手自一体,9,手自一体变速箱(AT)
70566,别克GL8,9挡手自一体,9,手自一体变速箱(AT)
58896,别克GL8,9挡手自一体,9,手自一体变速箱(AT)
71145,别克GL8,9挡手自一体,9,手自一体变速箱(AT)
58892,别克GL8,9挡手自一体,9,手自一体变速箱(AT)
68748,别克GL8,9挡手自一体,9,手自一体变速箱(AT)
71144,别克GL8,9挡手自一体,9,手自一体变速箱(AT)
72327,别克GL8,9挡手自一体,9,手自一体变速箱(AT)
59916,别克GL8,9挡手自一体,9,手自一体变速箱(AT)
58893,别克GL8,9挡手自一体,9,手自一体变速箱(AT)
61172,别克GL8,9挡手自一体,9,手自一体变速箱(AT)
61173,别克GL8,9挡手自一体,9,手自一体变速箱(AT)
72022,君威,9挡手自一体,9,手自一体变速箱(AT)
72021,君威,9挡手自一体,9,手自一体变速箱(AT)
66527,昂科威Plus,9挡手自一体,9,手自一体变速箱(AT)
71074,昂科威Plus,9挡手自一体,9,手自一体变速箱(AT)
68661,昂科威Plus,9挡手自一体,9,手自一体变速箱(AT)
68254,昂科威Plus,9挡手自一体,9,手自一体变速箱(AT)
70952,昂科威Plus,9挡手自一体,9,手自一体变速箱(AT)
71075,昂科威Plus,9挡手自一体,9,手自一体变速箱(AT)
70529,君越,9挡手自一体,9,手自一体变速箱(AT)
63072,君越,9挡手自一体,9,手自一体变速箱(AT)
64261,君越,9挡手自一体,9,手自一体变速箱(AT)
67758,君越,9挡手自一体,9,手自一体变速箱(AT)
67759,君越,CVT无级变速,无级变速,无级变速箱(CVT)
70550,君越,9挡手自一体,9,手自一体变速箱(AT)
67332,昂科威S,9挡手自一体,9,手自一体变速箱(AT)
67333,昂科威S,9挡手自一体,9,手自一体变速箱(AT)
71920,昂科威S,9挡手自一体,9,手自一体变速箱(AT)
67324,昂科威S,9挡手自一体,9,手自一体变速箱(AT)
72212,昂科威S,9挡手自一体,9,手自一体变速箱(AT)
67969,别克GL8新能源,2挡DHT,2,混合动力专用变速箱(DHT)
67915,别克GL8新能源,2挡DHT,2,混合动力专用变速箱(DHT)
67943,别克GL8新能源,2挡DHT,2,混合动力专用变速箱(DHT)
67968,别克GL8新能源,2挡DHT,2,混合动力专用变速箱(DHT)
60048,威朗,CVT无级变速(模拟7挡),7,无级变速箱(CVT)
60046,威朗,CVT无级变速(模拟7挡),7,无级变速箱(CVT)
59896,威朗,CVT无级变速(模拟7挡),7,无级变速箱(CVT)
60047,威朗,CVT无级变速(模拟7挡),7,无级变速箱(CVT)
70464,世纪,9挡手自一体,9,手自一体变速箱(AT)
70465,世纪,9挡手自一体,9,手自一体变速箱(AT)
70463,世纪,9挡手自一体,9,手自一体变速箱(AT)
70631,世纪,9挡手自一体,9,手自一体变速箱(AT)
52030,昂科旗,9挡自动,9,自动变速箱(AT)
58458,昂科旗,9挡自动,9,自动变速箱(AT)
52033,昂科旗,9挡自动,9,自动变速箱(AT)
52032,昂科旗,9挡自动,9,自动变速箱(AT)
52029,昂科旗,9挡自动,9,自动变速箱(AT)
62478,别克E5,电动车单速变速箱,1,固定齿比变速箱
68969,别克E5,电动车单速变速箱,1,固定齿比变速箱
65330,别克E5,电动车单速变速箱,1,固定齿比变速箱
60605,别克E5,电动车单速变速箱,1,固定齿比变速箱
66832,别克E5,电动车单速变速箱,1,固定齿比变速箱
64349,昂科拉PLUS,CVT无级变速,无级变速,无级变速箱(CVT)
60604,昂科拉PLUS,CVT无级变速,无级变速,无级变速箱(CVT)
68957,微蓝6,电动车单速变速箱,1,固定齿比变速箱
68958,微蓝6,电动车单速变速箱,1,固定齿比变速箱
68668,微蓝6,电动车单速变速箱,1,固定齿比变速箱
65234,微蓝6,电动车单速变速箱,1,固定齿比变速箱
65235,微蓝6,电动车单速变速箱,1,固定齿比变速箱
63393,别克E4,电动车单速变速箱,1,固定齿比变速箱
63391,别克E4,电动车单速变速箱,1,固定齿比变速箱
61260,别克E4,电动车单速变速箱,1,固定齿比变速箱
63392,别克E4,电动车单速变速箱,1,固定齿比变速箱
59725,昂扬,CVT无级变速,无级变速,无级变速箱(CVT)
57572,昂扬,CVT无级变速,无级变速,无级变速箱(CVT)
59552,昂扬,CVT无级变速,无级变速,无级变速箱(CVT)
58994,昂扬,CVT无级变速,无级变速,无级变速箱(CVT)
65768,小米SU7,电动车单速变速箱,1,固定齿比变速箱
59881,小米SU7,电动车单速变速箱,1,固定齿比变速箱
67500,小米SU7,电动车单速变速箱,1,固定齿比变速箱
70554,小米SU7 Ultra,电动车单速变速箱,1,固定齿比变速箱
67036,星越L,8挡手自一体,8,手自一体变速箱(AT)
64832,星越L,8挡手自一体,8,手自一体变速箱(AT)
69137,星越L,8挡手自一体,8,手自一体变速箱(AT)
69136,星越L,8挡手自一体,8,手自一体变速箱(AT)
71793,星越L,7挡湿式双离合,7,湿式双离合变速箱(DCT)
64831,星越L,8挡手自一体,8,手自一体变速箱(AT)
71794,星越L,8挡手自一体,8,手自一体变速箱(AT)
68759,星瑞,7挡湿式双离合,7,湿式双离合变速箱(DCT)
69901,星瑞,7挡湿式双离合,7,湿式双离合变速箱(DCT)
69903,星瑞,7挡湿式双离合,7,湿式双离合变速箱(DCT)
69902,星瑞,7挡湿式双离合,7,湿式双离合变速箱(DCT)
58108,星瑞,8挡手自一体,8,手自一体变速箱(AT)
69904,星瑞,8挡手自一体,8,手自一体变速箱(AT)
71883,星瑞,8挡手自一体,8,手自一体变速箱(AT)
58114,星瑞,7挡湿式双离合,7,湿式双离合变速箱(DCT)
67087,星瑞,7挡湿式双离合,7,湿式双离合变速箱(DCT)
58115,星瑞,7挡湿式双离合,7,湿式双离合变速箱(DCT)
71882,星瑞,7挡湿式双离合,7,湿式双离合变速箱(DCT)
67088,星瑞,7挡湿式双离合,7,湿式双离合变速箱(DCT)
63498,星瑞,7挡湿式双离合,7,湿式双离合变速箱(DCT)
63265,星瑞,7挡湿式双离合,7,湿式双离合变速箱(DCT)
58109,星瑞,7挡湿式双离合,7,湿式双离合变速箱(DCT)
62223,帝豪,5挡手动,5,手动变速箱(MT)
62222,帝豪,CVT无级变速,无级变速,无级变速箱(CVT)
67664,帝豪,CVT无级变速,无级变速,无级变速箱(CVT)
68502,帝豪,CVT无级变速,无级变速,无级变速箱(CVT)
62421,帝豪,5挡手动,5,手动变速箱(MT)
68428,帝豪,CVT无级变速,无级变速,无级变速箱(CVT)
68499,帝豪,3挡DHT,3,混合动力专用变速箱(DHT)
68427,帝豪,3挡DHT,3,混合动力专用变速箱(DHT)
68430,帝豪,5挡手动,5,手动变速箱(MT)
55960,帝豪,CVT无级变速,无级变速,无级变速箱(CVT)
62422,帝豪,CVT无级变速,无级变速,无级变速箱(CVT)
68429,帝豪,CVT无级变速,无级变速,无级变速箱(CVT)
70704,帝豪,3挡DHT,3,混合动力专用变速箱(DHT)
68190,博越L,7挡湿式双离合,7,湿式双离合变速箱(DCT)
68188,博越L,7挡湿式双离合,7,湿式双离合变速箱(DCT)
68186,博越L,7挡湿式双离合,7,湿式双离合变速箱(DCT)
68187,博越L,7挡湿式双离合,7,湿式双离合变速箱(DCT)
63061,缤越,5挡手动,5,手动变速箱(MT)
62826,缤越,CVT无级变速,无级变速,无级变速箱(CVT)
69434,缤越,7挡湿式双离合,7,湿式双离合变速箱(DCT)
67792,缤越,7挡湿式双离合,7,湿式双离合变速箱(DCT)
68972,缤越,7挡湿式双离合,7,湿式双离合变速箱(DCT)
63060,缤越,7挡湿式双离合,7,湿式双离合变速箱(DCT)
66959,缤越,7挡湿式双离合,7,湿式双离合变速箱(DCT)
70452,缤越,7挡湿式双离合,7,湿式双离合变速箱(DCT)
72132,缤越,7挡湿式双离合,7,湿式双离合变速箱(DCT)
58383,缤越,7挡湿式双离合,7,湿式双离合变速箱(DCT)
70183,熊猫,电动车单速变速箱,1,固定齿比变速箱
68491,博越,7挡湿式双离合,7,湿式双离合变速箱(DCT)
68492,博越,7挡湿式双离合,7,湿式双离合变速箱(DCT)
68493,博越,7挡湿式双离合,7,湿式双离合变速箱(DCT)
68494,博越,7挡湿式双离合,7,湿式双离合变速箱(DCT)
65752,豪越L,7挡湿式双离合,7,湿式双离合变速箱(DCT)
65888,豪越L,7挡湿式双离合,7,湿式双离合变速箱(DCT)
65887,豪越L,7挡湿式双离合,7,湿式双离合变速箱(DCT)
70335,豪越L,7挡湿式双离合,7,湿式双离合变速箱(DCT)
65703,星瑞L,3挡DHT,3,混合动力专用变速箱(DHT)
65255,星瑞L,3挡DHT,3,混合动力专用变速箱(DHT)
65702,星瑞L,3挡DHT,3,混合动力专用变速箱(DHT)
56114,缤瑞,7挡湿式双离合,7,湿式双离合变速箱(DCT)
56115,缤瑞,7挡湿式双离合,7,湿式双离合变速箱(DCT)
66960,缤瑞,7挡湿式双离合,7,湿式双离合变速箱(DCT)
63900,缤瑞,7挡湿式双离合,7,湿式双离合变速箱(DCT)
65701,星越L智擎,3挡DHT,3,混合动力专用变速箱(DHT)
65628,星越L智擎,3挡DHT,3,混合动力专用变速箱(DHT)
67062,星越L智擎,3挡DHT,3,混合动力专用变速箱(DHT)
69227,嘉际,7挡湿式双离合,7,湿式双离合变速箱(DCT)
69221,嘉际,7挡湿式双离合,7,湿式双离合变速箱(DCT)
70391,吉利牛仔,7挡湿式双离合,7,湿式双离合变速箱(DCT)
70670,吉利牛仔,7挡湿式双离合,7,湿式双离合变速箱(DCT)
66770,帝豪L HiP,3挡DHT,3,混合动力专用变速箱(DHT)
66771,帝豪L HiP,3挡DHT,3,混合动力专用变速箱(DHT)
68422,吉利ICON,7挡湿式双离合,7,湿式双离合变速箱(DCT)
68397,吉利ICON,7挡湿式双离合,7,湿式双离合变速箱(DCT)
68423,吉利ICON,7挡湿式双离合,7,湿式双离合变速箱(DCT)
66403,豪越PRO,7挡湿式双离合,7,湿式双离合变速箱(DCT)
65264,豪越PRO,7挡湿式双离合,7,湿式双离合变速箱(DCT)
71620,豪越PRO,7挡湿式双离合,7,湿式双离合变速箱(DCT)
58931,帝豪新能源,电动车单速变速箱,1,固定齿比变速箱
58928,帝豪新能源,电动车单速变速箱,1,固定齿比变速箱
58927,帝豪新能源,电动车单速变速箱,1,固定齿比变速箱
58930,帝豪新能源,电动车单速变速箱,1,固定齿比变速箱
