CAR_ID,品牌系列,主动式多仿形座椅,裸眼3D数字仪表屏,主动式多仿形座椅组件,智能魔术车身控制系统,多仿形座椅,MBUX智能人机交互系统实景穿越导航,AMG 扰流板,AMG Track Pace,畅新空气护盾,主动式环境氛围照明系统,主动式环境氛围灯,智能数字大灯DIGITAL LIGHT,M高性能卡钳,M运动型排气系统,星空全景天窗,循迹倒车,BMW环形光耀格栅,M运动型排气,魔毯智能空气悬挂系统,炫影光幕格栅	,炫影光幕格栅,Brembo赛车级刹车系统,自适应旋转悬浮Pad,智能扭矩控制系统i-TAC,遥控驾驶,全息透明影像系统,移动电站,舒奢一体式升舱顶,手机遥控泊车,碳纤维车顶,陶瓷刹车盘,魔术感应门,福祉座椅,Brembo布雷博制动卡钳,AR实景导航,对外供电功能,运动型排气系统,Sport Chrono 计时器表盘,HomeLink,Sport Chrono组件,带模式开关的Sport Chrono组件,中央锁止轮毂,智能召唤,“梦想之翼”前组合灯动态迎宾效果,“北斗之翼”后组合灯动态迎宾效果,侧旗标灯,nanoeTM纳米水离子,十周年纪念版内饰,Brembo刹车系统,三指导航飞屏,人车家生态空间,生态拓展空间,双屏互动带三指飞屏功能,三指飞屏（双屏导航互动）,三指飞屏（双屏导航共享）,第二排魔法吧台,540°全景影像系统(带透明底盘),影院幕布式遮物帘
70558,迈巴赫S级,,,,,,,,,,,,,,,,,,,,,,,,,,,,,,,,,,,,,,,,,,,,,,,,,,,,,,,,,,
67444,迈巴赫S级,,(选配),,,,,,,,,,,,,,,,,,,,,,,,,,,,,,,,,,,,,,,,,,,,,,,,,,,,,,,,
70557,迈巴赫S级,,,,,,,,,,,,,,,,,,,,,,,,,,,,,,,,,,,,,,,,,,,,,,,,,,,,,,,,,,
68040,迈巴赫S级,,(选配),,,,,,,,,,,,,,,,,,,,,,,,,,,,,,,,,,,,,,,,,,,,,,,,,,,,,,,,
72308,迈巴赫S级,,,,,,,,,,,,,,,,,,,,,,,,,,,,,,,,,,,,,,,,,,,,,,,,,,,,,,,,,,
72306,迈巴赫S级,,,,,,,,,,,,,,,,,,,,,,,,,,,,,,,,,,,,,,,,,,,,,,,,,,,,,,,,,,
68041,迈巴赫S级,(标配),(选配),,,,,,,,,,,,,,,,,,,,,,,,,,,,,,,,,,,,,,,,,,,,,,,,,,,,,,,,
61337,迈巴赫S级,(标配),(选配),,,,,,,,,,,,,,,,,,,,,,,,,,,,,,,,,,,,,,,,,,,,,,,,,,,,,,,,
67446,迈巴赫S级,,,,,,,,,,,,,,,,,,,,,,,,,,,,,,,,,,,,,,,,,,,,,,,,,,,,,,,,,,
70555,迈巴赫S级,,,,,,,,,,,,,,,,,,,,,,,,,,,,,,,,,,,,,,,,,,,,,,,,,,,,,,,,,,
72307,迈巴赫S级,,,,,,,,,,,,,,,,,,,,,,,,,,,,,,,,,,,,,,,,,,,,,,,,,,,,,,,,,,
70556,迈巴赫S级,(标配),,,,,,,,,,,,,,,,,,,,,,,,,,,,,,,,,,,,,,,,,,,,,,,,,,,,,,,,,
54579,迈巴赫S级,,,,,,,,,,,,,,,,,,,,,,,,,,,,,,,,,,,,,,,,,,,,,,,,,,,,,,,,,,
67445,迈巴赫S级,(标配),(标配),,,,,,,,,,,,,,,,,,,,,,,,,,,,,,,,,,,,,,,,,,,,,,,,,,,,,,,,
72305,迈巴赫S级,(标配),(标配),,,,,,,,,,,,,,,,,,,,,,,,,,,,,,,,,,,,,,,,,,,,,,,,,,,,,,,,
65978,奔驰G级,,,(标配),,,,,,,,,,,,,,,,,,,,,,,,,,,,,,,,,,,,,,,,,,,,,,,,,,,,,,,
65977,奔驰G级,,,,,,,,,,,,,,,,,,,,,,,,,,,,,,,,,,,,,,,,,,,,,,,,,,,,,,,,,,
66721,奔驰G级,,,(标配),,,,,,,,,,,,,,,,,,,,,,,,,,,,,,,,,,,,,,,,,,,,,,,,,,,,,,,
66524,奔驰G级,,,,,,,,,,,,,,,,,,,,,,,,,,,,,,,,,,,,,,,,,,,,,,,,,,,,,,,,,,
67435,奔驰G级,,,,,,,,,,,,,,,,,,,,,,,,,,,,,,,,,,,,,,,,,,,,,,,,,,,,,,,,,,
70926,迈巴赫GLS,,,,,,,,,,,,,,,,,,,,,,,,,,,,,,,,,,,,,,,,,,,,,,,,,,,,,,,,,,
66811,迈巴赫GLS,,,,(选配),,,,,,,,,,,,,,,,,,,,,,,,,,,,,,,,,,,,,,,,,,,,,,,,,,,,,,
70927,迈巴赫GLS,,,,(选配),,,,,,,,,,,,,,,,,,,,,,,,,,,,,,,,,,,,,,,,,,,,,,,,,,,,,,
62314,迈巴赫GLS,,,,,,,,,,,,,,,,,,,,,,,,,,,,,,,,,,,,,,,,,,,,,,,,,,,,,,,,,,
63209,迈巴赫GLS,,,,(标配),,,,,,,,,,,,,,,,,,,,,,,,,,,,,,,,,,,,,,,,,,,,,,,,,,,,,,
70925,迈巴赫GLS,,,,,,,,,,,,,,,,,,,,,,,,,,,,,,,,,,,,,,,,,,,,,,,,,,,,,,,,,,
63122,奔驰E级(进口),,,,,,,,,,,,,,,,,,,,,,,,,,,,,,,,,,,,,,,,,,,,,,,,,,,,,,,,,,
70201,奔驰E级(进口),,,,,,,,,,,,,,,,,,,,,,,,,,,,,,,,,,,,,,,,,,,,,,,,,,,,,,,,,,
63123,奔驰E级(进口),,,,,,,,,,,,,,,,,,,,,,,,,,,,,,,,,,,,,,,,,,,,,,,,,,,,,,,,,,
70202,奔驰E级(进口),,,,,(选配),(选配),,,,,,,,,,,,,,,,,,,,,,,,,,,,,,,,,,,,,,,,,,,,,,,,,,,,
59860,奔驰E级(进口),,,,,(选配),(选配),,,,,,,,,,,,,,,,,,,,,,,,,,,,,,,,,,,,,,,,,,,,,,,,,,,,
70203,奔驰E级(进口),,,,,,(选配),,,,,,,,,,,,,,,,,,,,,,,,,,,,,,,,,,,,,,,,,,,,,,,,,,,,
63124,奔驰E级(进口),,,,,,(选配),,,,,,,,,,,,,,,,,,,,,,,,,,,,,,,,,,,,,,,,,,,,,,,,,,,,
63125,奔驰E级(进口),,,,,(选配),(选配),,,,,,,,,,,,,,,,,,,,,,,,,,,,,,,,,,,,,,,,,,,,,,,,,,,,
63004,奔驰CLS,,,,,,(选配),(选配),,,,,,,,,,,,,,,,,,,,,,,,,,,,,,,,,,,,,,,,,,,,,,,,,,,
63005,奔驰CLS,,,,,,(选配),(选配),,,,,,,,,,,,,,,,,,,,,,,,,,,,,,,,,,,,,,,,,,,,,,,,,,,
63006,奔驰CLS,,,,,,(选配),(标配),,,,,,,,,,,,,,,,,,,,,,,,,,,,,,,,,,,,,,,,,,,,,,,,,,,
65910,奔驰GLB AMG,,,,,,,,(选配),,,,,,,,,,,,,,,,,,,,,,,,,,,,,,,,,,,,,,,,,,,,,,,,,,
70754,奔驰EQE,,,,,,,,,(标配),,,,,,,,,,,,,,,,,,,,,,,,,,,,,,,,,,,,,,,,,,,,,,,,,
70753,奔驰EQE,,,,,,,,,(标配),,,,,,,,,,,,,,,,,,,,,,,,,,,,,,,,,,,,,,,,,,,,,,,,,
69750,奔驰EQE,,,,,,,,,(标配),,,,,,,,,,,,,,,,,,,,,,,,,,,,,,,,,,,,,,,,,,,,,,,,,
71114,奔驰CLA AMG,,,,,,,,(选配),,,,,,,,,,,,,,,,,,,,,,,,,,,,,,,,,,,,,,,,,,,,,,,,,,
68688,奔驰CLA AMG,,,,,,,,(标配),,,,,,,,,,,,,,,,,,,,,,,,,,,,,,,,,,,,,,,,,,,,,,,,,,
60934,奔驰E级AMG,,,,,,(标配),,(标配),,,,,,,,,,,,,,,,,,,,,,,,,,,,,,,,,,,,,,,,,,,,,,,,,,
61685,奔驰EQS,,,,,,,,,,,(选配),,,,,,,,,,,,,,,,,,,,,,,,,,,,,,,,,,,,,,,,,,,,,,,
61683,奔驰EQS,,,,,,,,,,,(选配),,,,,,,,,,,,,,,,,,,,,,,,,,,,,,,,,,,,,,,,,,,,,,,
61684,奔驰EQS,,,,,,,,,,,(选配),,,,,,,,,,,,,,,,,,,,,,,,,,,,,,,,,,,,,,,,,,,,,,,
72446,奔驰GLA AMG,,,,,,,,,,,,,,,,,,,,,,,,,,,,,,,,,,,,,,,,,,,,,,,,,,,,,,,,,,
65909,奔驰GLA AMG,,,,,,,,(选配),,,,,,,,,,,,,,,,,,,,,,,,,,,,,,,,,,,,,,,,,,,,,,,,,,
62689,奔驰EQE AMG,,,,,,,,,(标配),(标配),,,,,,,,,,,,,,,,,,,,,,,,,,,,,,,,,,,,,,,,,,,,,,,,
61343,奔驰EQS AMG,,,,,,,,,,,(标配),(标配),,,,,,,,,,,,,,,,,,,,,,,,,,,,,,,,,,,,,,,,,,,,,,
69229,宝马X5,,,,,,,,,,,,,(标配),(标配),,,,,,,,,,,,,,,,,,,,,,,,,,,,,,,,,,,,,,,,,,,,
64451,宝马X5,,,,,,,,,,,,,,,,,,,,,,,,,,,,,,,,,,,,,,,,,,,,,,,,,,,,,,,,,,
64453,宝马X5,,,,,,,,,,,,,,,,,,,,,,,,,,,,,,,,,,,,,,,,,,,,,,,,,,,,,,,,,,
64452,宝马X5,,,,,,,,,,,,,,,,,,,,,,,,,,,,,,,,,,,,,,,,,,,,,,,,,,,,,,,,,,
64454,宝马X5,,,,,,,,,,,,,(选配),(选配),,,,,,,,,,,,,,,,,,,,,,,,,,,,,,,,,,,,,,,,,,,,
64449,宝马X5,,,,,,,,,,,,,(选配),(选配),,,,,,,,,,,,,,,,,,,,,,,,,,,,,,,,,,,,,,,,,,,,
64450,宝马X5,,,,,,,,,,,,,(标配),(标配),,,,,,,,,,,,,,,,,,,,,,,,,,,,,,,,,,,,,,,,,,,,
60890,宝马7系,,,,,,,,,,,,,,,,,(标配),,,,,,,,,,,,,,,,,,,,,,,,,,,,,,,,,,,,,,,,,
56718,宝马7系,,,,,,,,,,,,,,,,,(标配),,,,,,,,,,,,,,,,,,,,,,,,,,,,,,,,,,,,,,,,,
60891,宝马7系,,,,,,,,,,,,,,,,,(标配),,,,,,,,,,,,,,,,,,,,,,,,,,,,,,,,,,,,,,,,,
60888,宝马7系,,,,,,,,,,,,,,,,,(标配),,,,,,,,,,,,,,,,,,,,,,,,,,,,,,,,,,,,,,,,,
60756,宝马7系,,,,,,,,,,,,,,,,,(标配),,,,,,,,,,,,,,,,,,,,,,,,,,,,,,,,,,,,,,,,,
60889,宝马7系,,,,,,,,,,,,,,,,,(标配),,,,,,,,,,,,,,,,,,,,,,,,,,,,,,,,,,,,,,,,,
59249,宝马X7,,,,,,,,,,,,,,,,,,,,(标配),,,,,,,,,,,,,,,,,,,,,,,,,,,,,,,,,,,,,,
59247,宝马X7,,,,,,,,,,,,,(标配),,,,,,,(标配),,,,,,,,,,,,,,,,,,,,,,,,,,,,,,,,,,,,,,
59248,宝马X7,,,,,,,,,,,,,,,,,,,,(标配),,,,,,,,,,,,,,,,,,,,,,,,,,,,,,,,,,,,,,
59246,宝马X7,,,,,,,,,,,,,(标配),,,,,,,(标配),,,,,,,,,,,,,,,,,,,,,,,,,,,,,,,,,,,,,,
68903,宝马X7,,,,,,,,,,,,,,,,,,,,(标配),,,,,,,,,,,,,,,,,,,,,,,,,,,,,,,,,,,,,,
68904,宝马X7,,,,,,,,,,,,,(标配),,,,,,,(标配),,,,,,,,,,,,,,,,,,,,,,,,,,,,,,,,,,,,,,
65130,宝马X6,,,,,,,,,,,,,(选配),,,,,,,,(标配),,,,,,,,,,,,,,,,,,,,,,,,,,,,,,,,,,,,,
63347,宝马X6,,,,,,,,,,,,,,,,,,,,,,,,,,,,,,,,,,,,,,,,,,,,,,,,,,,,,,,,,,
63348,宝马X6,,,,,,,,,,,,,(标配),,,,,,,,(标配),,,,,,,,,,,,,,,,,,,,,,,,,,,,,,,,,,,,,
53749,宝马X4,,,,,,,,,,,,,,,,,,,,,,,,,,,,,,,,,,,,,,,,,,,,,,,,,,,,,,,,,,
53748,宝马X4,,,,,,,,,,,,,,,,,,,,,,,,,,,,,,,,,,,,,,,,,,,,,,,,,,,,,,,,,,
56579,宝马X4,,,,,,,,,,,,,(标配),,,,,,,,,,,,,,,,,,,,,,,,,,,,,,,,,,,,,,,,,,,,,
58854,宝马6系GT,,,,,,,,,,,,,,,,,,,,,,,,,,,,,,,,,,,,,,,,,,,,,,,,,,,,,,,,,,
58851,宝马6系GT,,,,,,,,,,,,,,,,,,,,,,,,,,,,,,,,,,,,,,,,,,,,,,,,,,,,,,,,,,
69295,宝马6系GT,,,,,,,,,,,,,(标配),,,,,,,,,,,,,,,,,,,,,,,,,,,,,,,,,,,,,,,,,,,,,
58852,宝马6系GT,,,,,,,,,,,,,,,,,,,,,,,,,,,,,,,,,,,,,,,,,,,,,,,,,,,,,,,,,,
57568,宝马8系,,,,,,,,,,,,,(标配),,,,,,,,(标配),,,,,,,,,,,,,,,,,,,,,,,,,,,,,,,,,,,,,
57567,宝马8系,,,,,,,,,,,,,(标配),,,,,,,,(标配),,,,,,,,,,,,,,,,,,,,,,,,,,,,,,,,,,,,,
57566,宝马8系,,,,,,,,,,,,,(标配),,,,,,,,(标配),,,,,,,,,,,,,,,,,,,,,,,,,,,,,,,,,,,,,
57569,宝马8系,,,,,,,,,,,,,(标配),,,,,,,,(标配),,,,,,,,,,,,,,,,,,,,,,,,,,,,,,,,,,,,,
63899,宝马iX,,,,,,,,,,,,,,,,,,,,,,,,,,,,,,,,,,,,,,,,,,,,,,,,,,,,,,,,,,
63896,宝马iX,,,,,,,,,,,,,,,,,,,,,,,,,,,,,,,,,,,,,,,,,,,,,,,,,,,,,,,,,,
63476,宝马X5 M,,,,,,,,,,,,,,,,,,,,,,,,,,,,,,,,,,,,,,,,,,,,,,,,,,,,,,,,,,
61599,宝马Z4,,,,,,,,,,,,,,,,,,,,,,,,,,,,,,,,,,,,,,,,,,,,,,,,,,,,,,,,,,
61598,宝马Z4,,,,,,,,,,,,,(标配),,,,,,,,,,,,,,,,,,,,,,,,,,,,,,,,,,,,,,,,,,,,,
71352,宝马M240i,,,,,,,,,,,,,(标配),,,,,,,,,,,,,,,,,,,,,,,,,,,,,,,,,,,,,,,,,,,,,
69026,宝马M240i,,,,,,,,,,,,,(标配),,,,,,,,,,,,,,,,,,,,,,,,,,,,,,,,,,,,,,,,,,,,,
62587,宝马M760Le,,,,,,,,,,,,,,,,,(标配),,,,,,,,,,,,,,,,,,,,,,,,,,,,,,,,,,,,,,,,,
62417,宝马i7,,,,,,,,,,,,,,,,,,,,,,,,,,,,,,,,,,,,,,,,,,,,,,,,,,,,,,,,,,
62416,宝马i7,,,,,,,,,,,,,,,,,,,,,,,,,,,,,,,,,,,,,,,,,,,,,,,,,,,,,,,,,,
56703,宝马i7,,,,,,,,,,,,,,,,,,,,,,,,,,,,,,,,,,,,,,,,,,,,,,,,,,,,,,,,,,
62415,宝马i7,,,,,,,,,,,,,,,,,,,,,,,,,,,,,,,,,,,,,,,,,,,,,,,,,,,,,,,,,,
60892,宝马i7,,,,,,,,,,,,,,,,,(标配),,,,,,,,,,,,,,,,,,,,,,,,,,,,,,,,,,,,,,,,,
62414,宝马i7,,,,,,,,,,,,,,,,,(标配),,,,,,,,,,,,,,,,,,,,,,,,,,,,,,,,,,,,,,,,,
57156,宝马XM,,,,,,,,,,,,,,,,,(标配),,,,,,,,,,,,,,,,,,,,,,,,,,,,,,,,,,,,,,,,,
62420,宝马XM,,,,,,,,,,,,,,,,,(标配),,,,,,,,,,,,,,,,,,,,,,,,,,,,,,,,,,,,,,,,,
62467,宝马XM,,,,,,,,,,,,,,,,,(标配),,,,,,,,,,,,,,,,,,,,,,,,,,,,,,,,,,,,,,,,,
68905,宝马X7 M60i,,,,,,,,,,,,,(标配),,,,,(标配),,(标配),,,,,,,,,,,,,,,,,,,,,,,,,,,,,,,,,,,,,,
57279,宝马X3 M40i,,,,,,,,,,,,,(标配),,,,,,,,,,,,,,,,,,,,,,,,,,,,,,,,,,,,,,,,,,,,,
61600,宝马Z4 M40i,,,,,,,,,,,,,(标配),,,,,,,,,,,,,,,,,,,,,,,,,,,,,,,,,,,,,,,,,,,,,
51640,宝马X4 M40i,,,,,,,,,,,,,(标配),,,,,,,,,,,,,,,,,,,,,,,,,,,,,,,,,,,,,,,,,,,,,
63897,宝马iX M60,,,,,,,,,,,,,(标配),,,,,,,,,,,,,,,,,,,,,,,,,,,,,,,,,,,,,,,,,,,,,
62588,宝马i7 M70L,,,,,,,,,,,,,,,,,(标配),,,,,,,,,,,,,,,,,,,,,,,,,,,,,,,,,,,,,,,,,
71703,汉,,,,,,,,,,,,,,,,,,,,,,,,,,,,,,,,,,,,,,,,,,,,,,,,,,,,,,,,,,
69813,汉,,,,,,,,,,,,,,,,,,,,,,,,,,,,,,,,,,,,,,,,,,,,,,,,,,,,,,,,,,
71707,汉,,,,,,,,,,,,,,,,,,,,,,,,,,,,,,,,,,,,,,,,,,,,,,,,,,,,,,,,,,
72515,汉,,,,,,,,,,,,,,,,,,,,,,,,,,,,,,,,,,,,,,,,,,,,,,,,,,,,,,,,,,
71706,汉,,,,,,,,,,,,,,,,,,,,,,,,,,,,,,,,,,,,,,,,,,,,,,,,,,,,,,,,,,
66906,汉,,,,,,,,,,,,,,,,,,,,,,,,,,,,,,,,,,,,,,,,,,,,,,,,,,,,,,,,,,
71591,汉,,,,,,,,,,,,,,,,,,,,,,,,,,,,,,,,,,,,,,,,,,,,,,,,,,,,,,,,,,
71534,汉,,,,,,,,,,,,,,,,,,,,,,,,,,,,,,,,,,,,,,,,,,,,,,,,,,,,,,,,,,
45619,汉,,,,,,,,,,,,,,,,,,,,,,,,,,,,,,,,,,,,,,,,,,,,,,,,,,,,,,,,,,
72514,汉,,,,,,,,,,,,,,,,,,,,,,,,,,,,,,,,,,,,,,,,,,,,,,,,,,,,,,,,,,
71705,汉,,,,,,,,,,,,,,,,,,,,,,,,,,,,,,,,,,,,,,,,,,,,,,,,,,,,,,,,,,
69817,汉,,,,,,,,,,,,,,,,,,,,,,,,,,,,,,,,,,,,,,,,,,,,,,,,,,,,,,,,,,
69816,汉,,,,,,,,,,,,,,,,,,,,,,,,,,,,,,,,,,,,,,,,,,,,,,,,,,,,,,,,,,
69814,汉,,,,,,,,,,,,,,,,,,,,,,,,,,,,,,,,,,,,,,,,,,,,,,,,,,,,,,,,,,
69815,汉,,,,,,,,,,,,,,,,,,,,,,,,,,,,,,,,,,,,,,,,,,,,,,,,,,,,,,,,,,
71704,汉,,,,,,,,,,,,,,,,,,,,,,,,,,,,,,,,,,,,,,,,,,,,,,,,,,,,,,,,,,
71533,汉,,,,,,,,,,,,,,,,,,,,,,,,,,,,,,,,,,,,,,,,,,,,,,,,,,,,,,,,,,
71535,汉,,,,,,,,,,,,,,,,,,,,,,,,,,,,,,,,,,,,,,,,,,,,,,,,,,,,,,,,,,
52453,汉,,,,,,,,,,,,,,,,,,,,,,,,,,,,,,,,,,,,,,,,,,,,,,,,,,,,,,,,,,
66774,汉,,,,,,,,,,,,,,,,,,,,,,,,,,,,,,,,,,,,,,,,,,,,,,,,,,,,,,,,,,
66909,汉,,,,,,,,,,,,,,,,,,,,,,,,,,,,,,,,,,,,,,,,,,,,,,,,,,,,,,,,,,
66905,汉,,,,,,,,,,,,,,,,,,,,,,,,,,,,,,,,,,,,,,,,,,,,,,,,,,,,,,,,,,
71623,汉,,,,,,,,,,,,,,,,,,,,,,,,,,,,,,,,,,,,,,,,,,,,,,,,,,,,,,,,,,
66903,汉,,,,,,,,,,,,,,,,,,,,,,,,,,,,,,,,,,,,,,,,,,,,,,,,,,,,,,,,,,
67270,汉,,,,,,,,,,,,,,,,,,,,,,,,,,,,,,,,,,,,,,,,,,,,,,,,,,,,,,,,,,
69143,汉,,,,,,,,,,,,,,,,,,,,,,,,,,,,,,,,,,,,,,,,,,,,,,,,,,,,,,,,,,
66773,汉,,,,,,,,,,,,,,,,,,,,,,,,,,,,,,,,,,,,,,,,,,,,,,,,,,,,,,,,,,
66902,汉,,,,,,,,,,,,,,,,,,,,,,,,,,,,,,,,,,,,,,,,,,,,,,,,,,,,,,,,,,
69802,汉,,,,,,,,,,,,,,,,,,,,,,,,,,,,,,,,,,,,,,,,,,,,,,,,,,,,,,,,,,
69142,汉,,,,,,,,,,,,,,,,,,,,,,,,,,,,,,,,,,,,,,,,,,,,,,,,,,,,,,,,,,
69144,汉,,,,,,,,,,,,,,,,,,,,,,,,,,,,,,,,,,,,,,,,,,,,,,,,,,,,,,,,,,
66753,汉,,,,,,,,,,,,,,,,,,,,,,,,,,,,,,,,,,,,,,,,,,,,,,,,,,,,,,,,,,
66907,汉,,,,,,,,,,,,,,,,,,,,,,,,,,,,,,,,,,,,,,,,,,,,,,,,,,,,,,,,,,
66908,汉,,,,,,,,,,,,,,,,,,,,,,,,,,,,,,,,,,,,,,,,,,,,,,,,,,,,,,,,,,
71700,唐新能源,,,,,,,,,,,,,,,,,,,,,,,,,,,,,,,,,,,,,,,,,,,,,,,,,,,,,,,,,,
67875,唐新能源,,,,,,,,,,,,,,,,,,,,,,,,,,,,,,,,,,,,,,,,,,,,,,,,,,,,,,,,,,
67874,唐新能源,,,,,,,,,,,,,,,,,,,,,,,,,,,,,,,,,,,,,,,,,,,,,,,,,,,,,,,,,,
67879,唐新能源,,,,,,,,,,,,,,,,,,,,,,,,,,,,,,,,,,,,,,,,,,,,,,,,,,,,,,,,,,
71699,唐新能源,,,,,,,,,,,,,,,,,,,,,,,,,,,,,,,,,,,,,,,,,,,,,,,,,,,,,,,,,,
67877,唐新能源,,,,,,,,,,,,,,,,,,,,,,,,,,,,,,,,,,,,,,,,,,,,,,,,,,,,,,,,,,
66835,唐新能源,,,,,,,,,,,,,,,,,,,,,,,,,,,,,,,,,,,,,,,,,,,,,,,,,,,,,,,,,,
67878,唐新能源,,,,,,,,,,,,,,,,,,,,,,,,,,,,,,,,,,,,,,,,,,,,,,,,,,,,,,,,,,
66858,唐新能源,,,,,,,,,,,,,,,,,,,,,,,,,,,,,,,,,,,,,,,,,,,,,,,,,,,,,,,,,,
70476,唐新能源,,,,,,,,,,,,,,,,,,,,,,,,,,,,,,,,,,,,,,,,,,,,,,,,,,,,,,,,,,
66857,唐新能源,,,,,,,,,,,,,,,,,,,,,,(标配),,,,,,,,,,,,,,,,,,,,,,,,,,,,,,,,,,,,
71701,唐新能源,,,,,,,,,,,,,,,,,,,,,,,,,,,,,,,,,,,,,,,,,,,,,,,,,,,,,,,,,,
67876,唐新能源,,,,,,,,,,,,,,,,,,,,,,,,,,,,,,,,,,,,,,,,,,,,,,,,,,,,,,,,,,
70475,唐新能源,,,,,,,,,,,,,,,,,,,,,,,,,,,,,,,,,,,,,,,,,,,,,,,,,,,,,,,,,,
71702,唐新能源,,,,,,,,,,,,,,,,,,,,,,,,,,,,,,,,,,,,,,,,,,,,,,,,,,,,,,,,,,
70416,唐新能源,,,,,,,,,,,,,,,,,,,,,,,,,,,,,,,,,,,,,,,,,,,,,,,,,,,,,,,,,,
70454,唐新能源,,,,,,,,,,,,,,,,,,,,,,,,,,,,,,,,,,,,,,,,,,,,,,,,,,,,,,,,,,
66775,唐新能源,,,,,,,,,,,,,,,,,,,,,,,,,,,,,,,,,,,,,,,,,,,,,,,,,,,,,,,,,,
72031,元PLUS,,,,,,,,,,,,,,,,,,,,,,,,,,,,,,,,,,,,,,,,,,,,,,,,,,,,,,,,,,
71852,元PLUS,,,,,,,,,,,,,,,,,,,,,,,,,,,,,,,,,,,,,,,,,,,,,,,,,,,,,,,,,,
71817,元PLUS,,,,,,,,,,,,,,,,,,,,,,,,,,,,,,,,,,,,,,,,,,,,,,,,,,,,,,,,,,
66988,元PLUS,,,,,,,,,,,,,,,,,,,,,,,,,,,,,,,,,,,,,,,,,,,,,,,,,,,,,,,,,,
71427,元PLUS,,,,,,,,,,,,,,,,,,,,,,,,,,,,,,,,,,,,,,,,,,,,,,,,,,,,,,,,,,
71918,元PLUS,,,,,,,,,,,,,,,,,,,,,,,(标配),,,,,,,,,,,,,,,,,,,,,,,,,,,,,,,,,,,
66991,元PLUS,,,,,,,,,,,,,,,,,,,,,,,(标配),,,,,,,,,,,,,,,,,,,,,,,,,,,,,,,,,,,
66992,元PLUS,,,,,,,,,,,,,,,,,,,,,,,(标配),,,,,,,,,,,,,,,,,,,,,,,,,,,,,,,,,,,
66990,元PLUS,,,,,,,,,,,,,,,,,,,,,,,(标配),,,,,,,,,,,,,,,,,,,,,,,,,,,,,,,,,,,
66989,元PLUS,,,,,,,,,,,,,,,,,,,,,,,(标配),,,,,,,,,,,,,,,,,,,,,,,,,,,,,,,,,,,
66930,海豹,,,,,,,,,,,,,,,,,,,,,,,,,,,,,,,,,,,,,,,,,,,,,,,,,,,,,,,,,,
69345,海豹,,,,,,,,,,,,,,,,,,,,,,,,,,,,,,,,,,,,,,,,,,,,,,,,,,,,,,,,,,
71665,海豹,,,,,,,,,,,,,,,,,,,,,,,,,,,,,,,,,,,,,,,,,,,,,,,,,,,,,,,,,,
71664,海豹,,,,,,,,,,,,,,,,,,,,,,,,,,,,,,,,,,,,,,,,,,,,,,,,,,,,,,,,,,
71666,海豹,,,,,,,,,,,,,,,,,,,,,,,,,,,,,,,,,,,,,,,,,,,,,,,,,,,,,,,,,,
67384,海豹,,,,,,,,,,,,,,,,,,,,,,,,,,,,,,,,,,,,,,,,,,,,,,,,,,,,,,,,,,
66926,海豹,,,,,,,,,,,,,,,,,,,,,,,,,,,,,,,,,,,,,,,,,,,,,,,,,,,,,,,,,,
69394,海豹,,,,,,,,,,,,,,,,,,,,,,,,(标配),,,,,,,,,,,,,,,,,,,,,,,,,,,,,,,,,,
66927,海豹,,,,,,,,,,,,,,,,,,,,,,,,,,,,,,,,,,,,,,,,,,,,,,,,,,,,,,,,,,
67382,海豹,,,,,,,,,,,,,,,,,,,,,,,,,,,,,,,,,,,,,,,,,,,,,,,,,,,,,,,,,,
69392,海豹,,,,,,,,,,,,,,,,,,,,,,,,,,,,,,,,,,,,,,,,,,,,,,,,,,,,,,,,,,
71663,海豹,,,,,,,,,,,,,,,,,,,,,,,,,,,,,,,,,,,,,,,,,,,,,,,,,,,,,,,,,,
67383,海豹,,,,,,,,,,,,,,,,,,,,,,,,,,,,,,,,,,,,,,,,,,,,,,,,,,,,,,,,,,
67381,海豹,,,,,,,,,,,,,,,,,,,,,,,,,,,,,,,,,,,,,,,,,,,,,,,,,,,,,,,,,,
66928,海豹,,,,,,,,,,,,,,,,,,,,,,,,,,,,,,,,,,,,,,,,,,,,,,,,,,,,,,,,,,
66925,海豹,,,,,,,,,,,,,,,,,,,,,,,,,,,,,,,,,,,,,,,,,,,,,,,,,,,,,,,,,,
66929,海豹,,,,,,,,,,,,,,,,,,,,,,,,,,,,,,,,,,,,,,,,,,,,,,,,,,,,,,,,,,
67380,海豹,,,,,,,,,,,,,,,,,,,,,,,,,,,,,,,,,,,,,,,,,,,,,,,,,,,,,,,,,,
69393,海豹,,,,,,,,,,,,,,,,,,,,,,,,(标配),,,,,,,,,,,,,,,,,,,,,,,,,,,,,,,,,,
55331,宋MAX新能源,,,,,,,,,,,,,,,,,,,,,,,(标配),,(标配),(标配),(标配),,,,,,,,,,,,,,,,,,,,,,,,,,,,,,,
55329,宋MAX新能源,,,,,,,,,,,,,,,,,,,,,,,(标配),,(标配),(标配),(标配),(标配),,,,,,,,,,,,,,,,,,,,,,,,,,,,,,
55328,宋MAX新能源,,,,,,,,,,,,,,,,,,,,,,,(标配),,(标配),(标配),(标配),,,,,,,,,,,,,,,,,,,,,,,,,,,,,,,
55330,宋MAX新能源,,,,,,,,,,,,,,,,,,,,,,,(标配),,(标配),(标配),(标配),,,,,,,,,,,,,,,,,,,,,,,,,,,,,,,
55009,宋MAX新能源,,,,,,,,,,,,,,,,,,,,,,,(标配),,(标配),(标配),(标配),(标配),,,,,,,,,,,,,,,,,,,,,,,,,,,,,,
63584,途锐,,,,,,,,,,,,,,,,,,,,,,,,,,,,,,,,,,,,,,,,,,,,,,,,,,,,,,,,,,
63585,途锐,,,,,,,,,,,,,,,,,,,,,,,,,,,,,,,,,,,,,,,,,,,,,,,,,,,,,,,,,,
64329,途锐,,,,,,,,,,,,,,,,,,,,,,,,,,,,,(标配),,,,,,,,,,,,,,,,,,,,,,,,,,,,,
72503,途锐,,,,,,,,,,,,,,,,,,,,,,,,,,,,,(标配),,,,,,,,,,,,,,,,,,,,,,,,,,,,,
63583,途锐,,,,,,,,,,,,,,,,,,,,,,,,,,,,,(标配),,,,,,,,,,,,,,,,,,,,,,,,,,,,,
64328,途锐,,,,,,,,,,,,,,,,,,,,,,,,,,,,,,,,,,,,,,,,,,,,,,,,,,,,,,,,,,
63582,途锐,,,,,,,,,,,,,,,,,,,,,,,,,,,,,,,,,,,,,,,,,,,,,,,,,,,,,,,,,,
60410,奥迪RS e-tron GT,,,,,,,,,,,,,,,,,,,,,,,,,,,,,,(选配),(选配),,,,,,,,,,,,,,,,,,,,,,,,,,,
63458,奥德赛,,,,,,,,,,,,,,,,,,,,,,,,,,,,,,,,,,,,,,,,,,,,,,,,,,,,,,,,,,
63455,奥德赛,,,,,,,,,,,,,,,,,,,,,,,,,,,,,,,,,,,,,,,,,,,,,,,,,,,,,,,,,,
63453,奥德赛,,,,,,,,,,,,,,,,,,,,,,,,,,,,,,,,,,,,,,,,,,,,,,,,,,,,,,,,,,
63457,奥德赛,,,,,,,,,,,,,,,,,,,,,,,,,,,,,,,,,,,,,,,,,,,,,,,,,,,,,,,,,,
63454,奥德赛,,,,,,,,,,,,,,,,,,,,,,,,,,,,,,,,(标配),,,,,,,,,,,,,,,,,,,,,,,,,,
63459,奥德赛,,,,,,,,,,,,,,,,,,,,,,,,,,,,,,,,,(标配),,,,,,,,,,,,,,,,,,,,,,,,,
63456,奥德赛,,,,,,,,,,,,,,,,,,,,,,,,,,,,,,,,,,,,,,,,,,,,,,,,,,,,,,,,,,
61017,思域(进口),,,,,,,,,,,,,,,,,,,,,,,,,,,,,,,,,,(标配),,,,,,,,,,,,,,,,,,,,,,,,
53666,本田e:NS1,,,,,,,,,,,,,,,,,,,,,,,,,,,,,,,,,,,,,,,,,,,,,,,,,,,,,,,,,,
56138,本田e:NS1,,,,,,,,,,,,,,,,,,,,,,,,,,,,,,,,,,,,,,,,,,,,,,,,,,,,,,,,,,
56791,本田e:NS1,,,,,,,,,,,,,,,,,,,,,,,,,,,,,,,,,,,(标配),,,,,,,,,,,,,,,,,,,,,,,
56565,本田e:NS1,,,,,,,,,,,,,,,,,,,,,,,,,,,,,,,,,,,(标配),(标配),,,,,,,,,,,,,,,,,,,,,,
62661,Cayenne,,,,,,,,,,,,,,,,,,,,,,,,,,,,,,,,,,,,,(选配),(选配),(选配),,,,,,,,,,,,,,,,,,,
68389,Cayenne,,,,,,,,,,,,,,,,,,,,,,,,,,,,,,,,,,,,,(选配),(标配),(选配),,,,,,,,,,,,,,,,,,,
68388,Cayenne,,,,,,,,,,,,,,,,,,,,,,,,,,,,,,,,,,,,,(标配),(标配),(选配),,,,,,,,,,,,,,,,,,,
62548,Cayenne,,,,,,,,,,,,,,,,,,,,,,,,,,,,,,,,,,,,,(选配),(选配),(选配),,,,,,,,,,,,,,,,,,,
62549,Cayenne,,,,,,,,,,,,,,,,,,,,,,,,,,,,,,,,,,,,,(选配),(标配),(选配),,,,,,,,,,,,,,,,,,,
68387,Cayenne,,,,,,,,,,,,,,,,,,,,,,,,,,,,,,,,,,,,,(标配),(标配),(选配),,,,,,,,,,,,,,,,,,,
56905,Panamera,,,,,,,,,,,,,,,,,,,,,,,,,,,,,,,,,,,,,(选配),,,(选配),,,,,,,,,,,,,,,,,,
64337,Panamera,,,,,,,,,,,,,,,,,,,,,,,,,,,,,,,,,,,,,(选配),,,(选配),,,,,,,,,,,,,,,,,,
56897,Panamera,,,,,,,,,,,,,,,,,,,,,,,,,,,,,,,,,,,,,(选配),,,(选配),,,,,,,,,,,,,,,,,,
59231,Panamera,,,,,,,,,,,,,,,,,,,,,,,,,,,,,,,,,,,,,(标配),,,(标配),,,,,,,,,,,,,,,,,,
56901,Panamera,,,,,,,,,,,,,,,,,,,,,,,,,,,,,,,,,,,,,(选配),,,(选配),,,,,,,,,,,,,,,,,,
56909,Panamera,,,,,,,,,,,,,,,,,,,,,,,,,,,,,,,,,,,,,(选配),,,(选配),,,,,,,,,,,,,,,,,,
69214,Panamera,,,,,,,,,,,,,,,,,,,,,,,,,,,,,,,,,,,,,,,,(选配),,,,,,,,,,,,,,,,,,
59232,Panamera,,,,,,,,,,,,,,,,,,,,,,,,,,,,,,,,,,,,,,,,(选配),,,,,,,,,,,,,,,,,,
56908,Panamera,,,,,,,,,,,,,,,,,,,,,,,,,,,,,,,,,,,,,(选配),,,(选配),,,,,,,,,,,,,,,,,,
56899,Panamera,,,,,,,,,,,,,,,,,,,,,,,,,,,,,,,,,,,,,,,,(选配),,,,,,,,,,,,,,,,,,
59230,Panamera,,,,,,,,,,,,,,,,,,,,,,,,,,,,,,,,,,,,,,,,(选配),,,,,,,,,,,,,,,,,,
66024,Panamera,,,,,,,,,,,,,,,,,,,,,,,,,,,,,,,,,,,,,(选配),,,(选配),,,,,,,,,,,,,,,,,,
56907,Panamera,,,,,,,,,,,,,,,,,,,,,,,,,,,,,,,,,,,,,(选配),,,(选配),,,,,,,,,,,,,,,,,,
66023,Panamera,,,,,,,,,,,,,,,,,,,,,,,,,,,,,,,,,,,,,,,,(选配),,,,,,,,,,,,,,,,,,
56904,Panamera,,,,,,,,,,,,,,,,,,,,,,,,,,,,,,,,,,,,,(标配),,,(标配),,,,,,,,,,,,,,,,,,
56902,Panamera,,,,,,,,,,,,,,,,,,,,,,,,,,,,,,,,,,,,,(选配),,,(标配),,,,,,,,,,,,,,,,,,
56906,Panamera,,,,,,,,,,,,,,,,,,,,,,,,,,,,,,,,,,,,,(选配),,,(标配),,,,,,,,,,,,,,,,,,
62370,Macan,,,,,,,,,,,,,,,,,,,,,,,,,,,,,,,,,,,,,,,,,,,,,,,,,,,,,,,,,,
62371,Macan,,,,,,,,,,,,,,,,,,,,,,,,,,,,,,,,,,,,,,,,,(选配),,,,,,,,,,,,,,,,,
62372,Macan,,,,,,,,,,,,,,,,,,,,,,,,,,,,,,,,,,,,,(选配),,,,(标配),,,,,,,,,,,,,,,,,
62369,Macan,,,,,,,,,,,,,,,,,,,,,,,,,,,,,,,,,,,,,(选配),,,,(选配),,,,,,,,,,,,,,,,,
72222,Macan,,,,,,,,,,,,,,,,,,,,,,,,,,,,,,,,,,,,,(标配),,,,(标配),,,,,,,,,,,,,,,,,
68308,保时捷911,,,,,,,,,,,,,,,,,,,,,,,,,,,,,,,,,,,,,,,,,,,,,,,,,,,,,,,,,,
70029,保时捷911,,,,,,,,,,,,,,,,,,,,,,,,,,,,,,,,,,,,,,,,,,,,,,,,,,,,,,,,,,
68523,保时捷911,,,,,,,,,,,,,,,,,,,,,,,,,,,,,,,,,,,,,,,,,,,,,,,,,,,,,,,,,,
68526,保时捷911,,,,,,,,,,,,,,,,,,,,,,,,,,,,,,,,,,,,,,,,,,,,,,,,,,,,,,,,,,
57794,保时捷911,,,,,,,,,,,,,,,,,,,,,,,,,,,,,,,,,,,,,,,,,,,,,,,,,,,,,,,,,,
60599,保时捷911,,,,,,,,,,,,,,,,,,,,,,,,,,,,,,,,,,,,,,,,,,,,,,,,,,,,,,,,,,
57799,保时捷911,,,,,,,,,,,,,,,,,,,,,,,,,,,,,,,,,,,,,,,,,,,,,,,,,,,,,,,,,,
57793,保时捷911,,,,,,,,,,,,,,,,,,,,,,,,,,,,,,,,,,,,,,,,,,,,,,,,,,,,,,,,,,
68522,保时捷911,,,,,,,,,,,,,,,,,,,,,,,,,,,,,,,,,,,,,,,,,,,,,,,,,,,,,,,,,,
57800,保时捷911,,,,,,,,,,,,,,,,,,,,,,,,,,,,,,,,,,,,,,,,,,,,,,,,,,,,,,,,,,
70415,保时捷911,,,,,,,,,,,,,,,,,,,,,,,,,,,,,,,,,,,,,,,,,,,,,,,,,,,,,,,,,,
63210,保时捷911,,,,,,,,,,,,,,,,,,,,,,,,,,,,,,,,,,,,,(选配),(选配),(选配),,,,,,,,,,,,,,,,,,,
57797,保时捷911,,,,,,,,,,,,,,,,,,,,,,,,,,,,,,,,,,,,,(选配),(选配),(选配),,,,,,,,,,,,,,,,,,,
57801,保时捷911,,,,,,,,,,,,,,,,,,,,,,,,,,,,,,,,,,,,,(选配),(选配),(选配),,,,,,,,,,,,,,,,,,,
60167,保时捷911,,,,,,,,,,,,,,,,,,,,,,,,,,,,,,,,,,,,,(选配),(选配),(选配),,,,,,,,,,,,,,,,,,,
70553,保时捷911,,,,,,,,,,,,,,,,,,,,,,,,,,,,,,,,,,,,,(标配),(标配),(选配),,,,,,,,,,,,,,,,,,,
69490,保时捷911,,,,,,,,,,,,,,,,,,,,,,,,,,,,,,,,,,,,,(选配),(选配),(选配),,,,,,,,,,,,,,,,,,,
57792,保时捷911,,,,,,,,,,,,,,,,,,,,,,,,,,,,,,,,,,,,,(选配),(选配),(选配),,,,,,,,,,,,,,,,,,,
57798,保时捷911,,,,,,,,,,,,,,,,,,,,,,,,,,,,,,,,,,,,,(选配),(选配),(选配),,,,,,,,,,,,,,,,,,,
68527,保时捷911,,,,,,,,,,,,,,,,,,,,,,,,,,,,,,,,,,,,,(选配),(选配),(选配),,,,,,,,,,,,,,,,,,,
57796,保时捷911,,,,,,,,,,,,,,,,,,,,,,,,,,,,,,,,,,,,,(选配),(选配),(选配),,,,,,,,,,,,,,,,,,,
57802,保时捷911,,,,,,,,,,,,,,,,,,,,,,,,,,,,,,,,,,,,,(选配),(选配),(选配),,,,,,,,,,,,,,,,,,,
68524,保时捷911,,,,,,,,,,,,,,,,,,,,,,,,,,,,,,(选配),,,,,,,(标配),(标配),(标配),,,,,,,,,,,,,,,,,,,
57795,保时捷911,,,,,,,,,,,,,,,,,,,,,,,,,,,,,,,,,,,,,,,,,,,,,,,,,,,,,,,,,,
68520,保时捷911,,,,,,,,,,,,,,,,,,,,,,,,,,,,,,,,,,,,,(选配),(标配),(选配),,,(标配),,,,,,,,,,,,,,,,
57803,保时捷911,,,,,,,,,,,,,,,,,,,,,,,,,,,,,,,,,,,,,(选配),(标配),(选配),,,(标配),,,,,,,,,,,,,,,,
56840,保时捷718,,,,,,,,,,,,,,,,,,,,,,,,,,,,,,,,,,,,,(标配),(选配),,,,,,,,,,,,,,,,,,,,
56845,保时捷718,,,,,,,,,,,,,,,,,,,,,,,,,,,,,,,,,,,,,(标配),(选配),,,,,,,,,,,,,,,,,,,,
56847,保时捷718,,,,,,,,,,,,,,,,,,,,,,,,,,,,,,,,,,,,,,,,,,,,,,,,,,,,,,,,,,
56842,保时捷718,,,,,,,,,,,,,,,,,,,,,,,,,,,,,,,,,,,,,(选配),(选配),,,,,,,,,,,,,,,,,,,,
53803,保时捷718,,,,,,,,,,,,,,,,,,,,,,,,,,,,,,,,,,,,,(选配),(选配),,,,,,,,,,,,,,,,,,,,
56844,保时捷718,,,,,,,,,,,,,,,,,,,,,,,,,,,,,,,,,,,,,(标配),(标配),,,,,,,,,,,,,,,,,,,,
56843,保时捷718,,,,,,,,,,,,,,,,,,,,,,,,,,,,,,,,,,,,,(标配),(标配),,,,,,,,,,,,,,,,,,,,
63018,保时捷718,,,,,,,,,,,,,,,,,,,,,,,,,,,,,,,,,,,,,(标配),(标配),,,,,,,,,,,,,,,,,,,,
56841,保时捷718,,,,,,,,,,,,,,,,,,,,,,,,,,,,,,,,,,,,,(标配),(选配),,,,,,,,,,,,,,,,,,,,
56848,保时捷718,,,,,,,,,,,,,,,,,,,,,,,,,,,,,,,,,,,,,(标配),(选配),,,,,,,,,,,,,,,,,,,,
56846,保时捷718,,,,,,,,,,,,,,,,,,,,,,,,,,,,,,,,,,,,,(标配),(标配),,,,,,,,,,,,,,,,,,,,
60397,保时捷718,,,,,,,,,,,,,,,,,,,,,,,,,,,,,,,,,,,,,(标配),(标配),,,,,,,,,,,,,,,,,,,,
60396,保时捷718,,,,,,,,,,,,,,,,,,,,,,,,,,,,,,,,,,,,,(标配),(标配),,,,,,,,,,,,,,,,,,,,
68381,Cayenne新能源,,,,,,,,,,,,,,,,,,,,,,,,,,,,,,,,,,,,,,(标配),(选配),,,,,,,,,,,,,,,,,,,
64514,Cayenne新能源,,,,,,,,,,,,,,,,,,,,,,,,,,,,,,,,,,,,,,(标配),(选配),,,,,,,,,,,,,,,,,,,
68383,Cayenne新能源,,,,,,,,,,,,,,,,,,,,,,,,,,,,,,,,,,,,,,(标配),(选配),,,,,,,,,,,,,,,,,,,
65016,Cayenne新能源,,,,,,,,,,,,,,,,,,,,,,,,,,,,,,,,,,,,,,(标配),(选配),,,,,,,,,,,,,,,,,,,
68385,Cayenne新能源,,,,,,,,,,,,,,,,,,,,,,,,,,,,,,,,,,,,,,(标配),(选配),,,,,,,,,,,,,,,,,,,
62501,Cayenne新能源,,,,,,,,,,,,,,,,,,,,,,,,,,,,,,,,,,,,,,(标配),(选配),,,,,,,,,,,,,,,,,,,
64513,Cayenne新能源,,,,,,,,,,,,,,,,,,,,,,,,,,,,,,,,,,,,,,(标配),(选配),,,,,,,,,,,,,,,,,,,
68382,Cayenne新能源,,,,,,,,,,,,,,,,,,,,,,,,,,,,,,,,,,,,,,(标配),(选配),,,,,,,,,,,,,,,,,,,
68384,Cayenne新能源,,,,,,,,,,,,,,,,,,,,,,,,,,,,,,,,,,,,,,(标配),(选配),,,,,,,,,,,,,,,,,,,
62500,Cayenne新能源,,,,,,,,,,,,,,,,,,,,,,,,,,,,,,,,,,,,,,(标配),(选配),,,,,,,,,,,,,,,,,,,
65015,Cayenne新能源,,,,,,,,,,,,,,,,,,,,,,,,,,,,,,,,,,,,,,(标配),(选配),,,,,,,,,,,,,,,,,,,
68386,Cayenne新能源,,,,,,,,,,,,,,,,,,,,,,,,,,,,,,,,,,,,,,(标配),(选配),,,,,,,,,,,,,,,,,,,
56918,Panamera新能源,,,,,,,,,,,,,,,,,,,,,,,,,,,,,,,,,,,,,(选配),,,(选配),,,,,,,,,,,,,,,,,,
67461,Panamera新能源,,,,,,,,,,,,,,,,,,,,,,,,,,,,,,,,,,,,,(选配),,,(选配),,,,,,,,,,,,,,,,,,
56917,Panamera新能源,,,,,,,,,,,,,,,,,,,,,,,,,,,,,,,,,,,,,(选配),,,(选配),,,,,,,,,,,,,,,,,,
67460,Panamera新能源,,,,,,,,,,,,,,,,,,,,,,,,,,,,,,,,,,,,,(标配),,,(选配),,,,,,,,,,,,,,,,,,
59233,Panamera新能源,,,,,,,,,,,,,,,,,,,,,,,,,,,,,,,,,,,,,(标配),,,(选配),,,,,,,,,,,,,,,,,,
56910,Panamera新能源,,,,,,,,,,,,,,,,,,,,,,,,,,,,,,,,,,,,,(选配),,,(标配),,,,,,,,,,,,,,,,,,
56912,Panamera新能源,,,,,,,,,,,,,,,,,,,,,,,,,,,,,,,,,,,,,(选配),,,(标配),,,,,,,,,,,,,,,,,,
67462,Panamera新能源,,,,,,,,,,,,,,,,,,,,,,,,,,,,,,,,,,,,,(选配),,,(标配),,,,,,,,,,,,,,,,,,
66022,Panamera新能源,,,,,,,,,,,,,,,,,,,,,,,,,,,,,,,,,,,,,(选配),,,(标配),,,,,,,,,,,,,,,,,,
59234,Panamera新能源,,,,,,,,,,,,,,,,,,,,,,,,,,,,,,,,,,,,,(选配),,,(标配),,,,,,,,,,,,,,,,,,
64338,Panamera新能源,,,,,,,,,,,,,,,,,,,,,,,,,,,,,,,,,,,,,(选配),,,(标配),,,,,,,,,,,,,,,,,,
56913,Panamera新能源,,,,,,,,,,,,,,,,,,,,,,,,,,,,,,,,,,,,,(选配),,,(标配),,,,,,,,,,,,,,,,,,
56919,Panamera新能源,,,,,,,,,,,,,,,,,,,,,,,,,,,,,,,,,,,,,(选配),,,(标配),,,,,,,,,,,,,,,,,,
61092,Model S,,,,,,,,,,,,,,,,,,,,,,,,,,,,,,,,,,,,,,,,,,,,,,,,,,,,,,,,,,
61210,Model S,,,,,,,,,,,,,,,,,,,,,,,,,,,,,,,,,,,,,,,,,,,(选配),,,,,,,,,,,,,,,
61211,Model X,,,,,,,,,,,,,,,,,,,,,,,,,,,,,,,,,,,,,,,,,,,,,,,,,,,,,,,,,,
61093,Model X,,,,,,,,,,,,,,,,,,,,,,,,,,,,,,,,,,,,,,,,,,,(选配),,,,,,,,,,,,,,,
64121,红旗H9,,,,,,,,,,,,,,,,,,,,,,,,,,,,,,,,,,,,,,,,,,,,(选配),(选配),(选配),,,,,,,,,,,,
67955,红旗H9,,,,,,,,,,,,,,,,,,,,,,,,,,,,,,,,,,,,,,,,,,,,(选配),(选配),(选配),,,,,,,,,,,,
64122,红旗H9,,,,,,,,,,,,,,,,,,,,,,,,,,,,,,,,,,,,,,,,,,,,(标配),(标配),(标配),,,,,,,,,,,,
63389,红旗H9,,,,,,,,,,,,,,,,,,,,,,,,,,,,,,,,,,,,,,,,,,,,(标配),(标配),(标配),,,,,,,,,,,,
57026,红旗H9,,,,,,,,,,,,,,,,,,,,,,,,,,,,,,,,,,,,,,,,,,,,(标配),(标配),(标配),,,,,,,,,,,,
67958,红旗H9,,,,,,,,,,,,,,,,,,,,,,,,,,,,,,,,,,,,,,,,,,,,(标配),(标配),(标配),,,,,,,,,,,,
64123,红旗H9,,,,,,,,,,,,,,,,,,,,,,,,,,,,,,,,,,,,,,,,,,,,(标配),(标配),(标配),,,,,,,,,,,,
67893,红旗H9,,,,,,,,,,,,,,,,,,,,,,,,,,,,,,,,,,,,,,,,,,,,,,,,,,,,,,,,,,
67959,红旗H9,,,,,,,,,,,,,,,,,,,,,,,,,,,,,,,,,,,,,,,,,,,,,,,,,,,,,,,,,,
63381,红旗H9,,,,,,,,,,,,,,,,,,,,,,,,,,,,,,,,,,,,,,,,,,,,,,,,,,,,,,,,,,
66480,红旗H9,,,,,,,,,,,,,,,,,,,,,,,,,,,,,,,,,,,,,,,,,,,,,,,,,,,,,,,,,,
67956,红旗H9,,,,,,,,,,,,,,,,,,,,,,,,,,,,,,,,,,,,,,,,,,,,,,,,,,,,,,,,,,
67957,红旗H9,,,,,,,,,,,,,,,,,,,,,,,,,,,,,,,,,,,,,,,,,,,,(标配),(标配),(标配),,,,,,,,,,,,
68219,汉兰达,,,,,,,,,,,,,,,,,,,,,,,,,,,,,,,,,,,,,,,,,,,,,,,,,,,,,,,,,,
68216,汉兰达,,,,,,,,,,,,,,,,,,,,,,,,,,,,,,,,,,,,,,,,,,,,,,,,,,,,,,,,,,
68555,汉兰达,,,,,,,,,,,,,,,,,,,,,,,,,,,,,,,,,,,,,,,,,,,,,,,,,,,,,,,,,,
68218,汉兰达,,,,,,,,,,,,,,,,,,,,,,,,,,,,,,,,,,,,,,,,,,,,,,,,,,,,,,,,,,
68217,汉兰达,,,,,,,,,,,,,,,,,,,,,,,,,,,,,,,,,,,,,,,,,,,,,,,,,,,,,,,,,,
68554,汉兰达,,,,,,,,,,,,,,,,,,,,,,,,,,,,,,,,,,,,,,,,,,,,,,,,,,,,,,,,,,
68556,汉兰达,,,,,,,,,,,,,,,,,,,,,,,,,,,,,,,,,,,,,,,,,,,,,,,,,,,,,,,,,,
68215,汉兰达,,,,,,,,,,,,,,,,,,,,,,,,,,,,,,,,,,,,,,,,,,,,,,,(标配),,,,,,,,,,,
68553,汉兰达,,,,,,,,,,,,,,,,,,,,,,,,,,,,,,,,,,,,,,,,,,,,,,,,,,,,,,,,,,
68220,汉兰达,,,,,,,,,,,,,,,,,,,,,,,,,,,,,,,,,,,,,,,,,,,,,,,,,,,,,,,,,,
68221,汉兰达,,,,,,,,,,,,,,,,,,,,,,,,,,,,,,,,,,,,,,,,,,,,,,,(标配),,,,,,,,,,,
68314,皇冠陆放,,,,,,,,,,,,,,,,,,,,,,,,,,,,,,,,,,,,,,,,,,,,,,,,,,,,,,,,,,
68317,皇冠陆放,,,,,,,,,,,,,,,,,,,,,,,,,,,,,,,,,,,,,,,,,,,,,,,,,,,,,,,,,,
67586,皇冠陆放,,,,,,,,,,,,,,,,,,,,,,,,,,,,,,,,,,,,,,,,,,,,,,,,,,,,,,,,,,
68316,皇冠陆放,,,,,,,,,,,,,,,,,,,,,,,,,,,,,,,,,,,,,,,,,,,,,,,,,,,,,,,,,,
68315,皇冠陆放,,,,,,,,,,,,,,,,,,,,,,,,,,,,,,,,,,,,,,,,,,,,,,,,,,,,,,,,,,
68318,皇冠陆放,,,,,,,,,,,,,,,,,,,,,,,,,,,,,,,,,,,,,,,,,,,,,,,(标配),,,,,,,,,,,
54680,丰田86,,,,,,,,,,,,,,,,,,,,,,,,,,,,,,,,,,,,,,,,,,,,,,,,(标配),,,,,,,,,,
60398,丰田86,,,,,,,,,,,,,,,,,,,,,,,,,,,,,,,,,,,,,,,,,,,,,,,,,,,,,,,,,,
58313,丰田86,,,,,,,,,,,,,,,,,,,,,,,,,,,,,,,,,,,,,,,,,,,,,,,,,,,,,,,,,,
59174,SUPRA,,,,,,,,,,,,,,,,,,,,,,,,,,,,,,,,,,,,,,,,,,,,,,,,,,,,,,,,,,
59175,SUPRA,,,,,,,,,,,,,,,,,,,,,,,,,,,,,,,,,,,,,,,,,,,,,,,,,(标配),,,,,,,,,
56233,一汽丰田bZ4X,,,,,,,,,,,,,,,,,,,,,,,,,,,,,,,,,,,,,,,,,,,,,,,,,,,,,,,,,,
56475,一汽丰田bZ4X,,,,,,,,,,,,,,,,,,,,,,,,,,,,,,,,,,,,,,,,,,,,,,,,,,,,,,,,,,
56849,一汽丰田bZ4X,,,,,,,,,,,,,,,,,,,,,,,,,,,,,,,,,,,,,,,,,,,,,,,,,,,,,,,,,,
56067,一汽丰田bZ4X,,,,,,,,,,,,,,,,,,,,,,,,,,,,,,,,,,,,,,,,,,,,,,,,,,,,,,,,,,
56850,一汽丰田bZ4X,,,,,,,,,,,,,,,,,,,,,,,,,,,,,,,,,,,,,,,,,,,,,,,(标配),,,,,,,,,,,
59725,昂扬,,,,,,,,,,,,,,,,,,,,,,,,,,,,,,,,,,,,,,,,,,,,,,,,,,,,,,,,,,
57572,昂扬,,,,,,,,,,,,,,,,,,,,,,,,,,,,,,,,,,,,,,,,,,,,,,,,,,(标配),,,,,,,,
59552,昂扬,,,,,,,,,,,,,,,,,,,,,,,,,,,,,,,,,,,,,,,,,,,,,,,,,,(标配),,,,,,,,
58994,昂扬,,,,,,,,,,,,,,,,,,,,,,,,,,,,,,,,,,,,,,,,,,,,,,,,,,(标配),,,,,,,,
65768,小米SU7,,,,,,,,,,,,,,,,,,,,,,,,,,,,,,,,,,,,,,,,,,,,,,,,,,,(标配),(标配),,,,,,
59881,小米SU7,,,,,,,,,,,,,,,,,,,,,,,,,,,,,,,,,,,,,,,,,,,,,,,,,,,(标配),(标配),,,,,,
67500,小米SU7,,,,,,,,,,,,,,,,,,,,,,,,,,,,,,,,,,,,,,,,,,,,,,,,,,,(标配),(标配),,,,,,
70554,小米SU7 Ultra,,,,,,,,,,,,,,,,,,,,,,,,,,,,,,,,,,,,,,,,,,,,,,,,,,,(标配),(标配),,,,,,
68759,星瑞,,,,,,,,,,,,,,,,,,,,,,,,,,,,,,,,,,,,,,,,,,,,,,,,,,,,,,,,,,
69901,星瑞,,,,,,,,,,,,,,,,,,,,,,,,,,,,,,,,,,,,,,,,,,,,,,,,,,,,,,,,,,
69903,星瑞,,,,,,,,,,,,,,,,,,,,,,,,,,,,,,,,,,,,,,,,,,,,,,,,,,,,,,,,,,
69902,星瑞,,,,,,,,,,,,,,,,,,,,,,,,,,,,,,,,,,,,,,,,,,,,,,,,,,,,,,,,,,
58108,星瑞,,,,,,,,,,,,,,,,,,,,,,,,,,,,,,,,,,,,,,,,,,,,,,,,,,,,,,,,,,
69904,星瑞,,,,,,,,,,,,,,,,,,,,,,,,,,,,,,,,,,,,,,,,,,,,,,,,,,,,,,,,,,
71883,星瑞,,,,,,,,,,,,,,,,,,,,,,,,,,,,,,,,,,,,,,,,,,,,,,,,,,,,,,,,,,
58114,星瑞,,,,,,,,,,,,,,,,,,,,,,,,,,,,,,,,,,,,,,,,,,,,,,,,,,,,,,,,,,
67087,星瑞,,,,,,,,,,,,,,,,,,,,,,,,,,,,,,,,,,,,,,,,,,,,,,,,,,,,,,,,,,
58115,星瑞,,,,,,,,,,,,,,,,,,,,,,,,,,,,,,,,,,,,,,,,,,,,,,,,,,,,,,,,,,
71882,星瑞,,,,,,,,,,,,,,,,,,,,,,,,,,,,,,,,,,,,,,,,,,,,,,,,,,,,,,,,,,
67088,星瑞,,,,,,,,,,,,,,,,,,,,,,,,,,,,,,,,,,,,,,,,,,,,,,,,,,,,,,,,,,
63498,星瑞,,,,,,,,,,,,,,,,,,,,,,,,,,,,,,,,,,,,,,,,,,,,,,,,,,,,,(标配),,,,,
63265,星瑞,,,,,,,,,,,,,,,,,,,,,,,,,,,,,,,,,,,,,,,,,,,,,,,,,,,,,(标配),,,,,
58109,星瑞,,,,,,,,,,,,,,,,,,,,,,,,,,,,,,,,,,,,,,,,,,,,,,,,,,,,,(选配),,,,,
63061,缤越,,,,,,,,,,,,,,,,,,,,,,,,,,,,,,,,,,,,,,,,,,,,,,,,,,,,,,,,,,
62826,缤越,,,,,,,,,,,,,,,,,,,,,,,,,,,,,,,,,,,,,,,,,,,,,,,,,,,,,,,,,,
69434,缤越,,,,,,,,,,,,,,,,,,,,,,,,,,,,,,,,,,,,,,,,,,,,,,,,,,,,,,,,,,
67792,缤越,,,,,,,,,,,,,,,,,,,,,,,,,,,,,,,,,,,,,,,,,,,,,,,,,,,,,,,,,,
68972,缤越,,,,,,,,,,,,,,,,,,,,,,,,,,,,,,,,,,,,,,,,,,,,,,,,,,,,,,,,,,
63060,缤越,,,,,,,,,,,,,,,,,,,,,,,,,,,,,,,,,,,,,,,,,,,,,,,,,,,,,,,,,,
66959,缤越,,,,,,,,,,,,,,,,,,,,,,,,,,,,,,,,,,,,,,,,,,,,,,,,,,,,,,,,,,
70452,缤越,,,,,,,,,,,,,,,,,,,,,,,,,,,,,,,,,,,,,,,,,,,,,,,,,,,,,,,,,,
72132,缤越,,,,,,,,,,,,,,,,,,,,,,,,,,,,,,,,,,,,,,,,,,,,,,,,,,,,,,,,,,
58383,缤越,,,,,,,,,,,,,,,,,,,,,,,,,,,,,,,,,,,,,,,,,,,,,,,,,,,,,,,,,,
65752,豪越L,,,,,,,,,,,,,,,,,,,,,,,,,,,,,,,,,,,,,,,,,,,,,,,,,,,,,,,,,,
65888,豪越L,,,,,,,,,,,,,,,,,,,,,,,,,,,,,,,,,,,,,,,,,,,,,,,,,,,,,,,(标配),,,
65887,豪越L,,,,,,,,,,,,,,,,,,,,,,,,,,,,,,,,,,,,,,,,,,,,,,,,,,,,,,,(标配),,,
70335,豪越L,,,,,,,,,,,,,,,,,,,,,,,,,,,,,,,,,,,,,,,,,,,,,,,,,,,,,,,(标配),,,
56114,缤瑞,,,,,,,,,,,,,,,,,,,,,,,,,,,,,,,,,,,,,,,,,,,,,,,,,,,,,,,,,,
56115,缤瑞,,,,,,,,,,,,,,,,,,,,,,,,,,,,,,,,,,,,,,,,,,,,,,,,,,,,,,,,,,
66960,缤瑞,,,,,,,,,,,,,,,,,,,,,,,,,,,,,,,,,,,,,,,,,,,,,,,,,,,,,,(标配),,,(标配),
63900,缤瑞,,,,,,,,,,,,,,,,,,,,,,,,,,,,,,,,,,,,,,,,,,,,,,,,,,,,,,(标配),,,(标配),
70391,吉利牛仔,,,,,,,,,,,,,,,,,,,,,,,,,,,,,,,,,,,,,,,,,,,,,,,,,,,,,,,,,,
70670,吉利牛仔,,,,,,,,,,,,,,,,,,,,,,,,,,,,,,,,,,,,,,,,,,,,,,,,,,,,,,,,,,(标配)
