CAR_ID,品牌系列,电机类型,电动机总功率(kW),电动机总马力(Ps),电动机总扭矩(N·m),后电动机最大功率(kW),后电动机最大扭矩(N·m),系统综合功率(kW),系统综合功率(Ps),系统综合扭矩(N·m),驱动电机数,电机布局,三电系统质保,前电动机最大功率(kW),前电动机最大扭矩(N·m),前电动机型号,后电动机型号,前电动机品牌,后电动机品牌,三电首任车主质保政策
70273,奔驰GLE新能源,,100,136,440,100,440,280,381,650,单电机,后置,(标配)八年或12万公里,,,,,,,
68559,奔驰E级新能源,永磁/同步,95,129,440,,,230,313,550,单电机,前置,(标配)八年或12万公里,95,440,,,,,
65775,奔驰E级新能源,永磁/同步,95,129,440,,,230,313,550,单电机,前置,(标配)八年或12万公里,95,440,,,,,
70754,奔驰EQE,永磁/同步,300,408,858,215,556,,,,双电机,前置+后置,,135,302,EM0030,EM0027,,,
70753,奔驰EQE,永磁/同步,300,408,858,215,556,,,,双电机,前置+后置,,135,302,EM0030,EM0027,,,
69750,奔驰EQE,永磁/同步,300,408,858,215,556,,,,双电机,前置+后置,,135,302,EM0030,EM0027,,,
69333,奔驰EQB,永磁/同步,140,190,380,,,,,,单电机,前置,(标配)八年或16万公里,140,380,,,,,
69332,奔驰EQB,前感应/异步 后永磁/同步,215,292,520,70,,,,,双电机,前置+后置,(标配)八年或16万公里,150,,,,,,
69334,奔驰EQA,永磁/同步,140,190,380,,,,,,单电机,前置,(标配)八年或16万公里,140,380,EM0026,,,,
69745,奔驰C级新能源,永磁/同步,95,129,440,,,250,340,600,单电机,前置,(标配)八年或12万公里,95,440,,,,,
71974,奔驰C级新能源,永磁/同步,95,129,440,,,250,340,600,单电机,前置,(标配)八年或12万公里,95,440,,,,,
61685,奔驰EQS,永磁/同步,245,333,568,245,568,,,,单电机,后置,(标配)十年或25万公里,,,,,,,
61683,奔驰EQS,永磁/同步,245,333,568,245,568,,,,单电机,后置,(标配)十年或25万公里,,,,,,,
61684,奔驰EQS,永磁/同步,380,517,855,245,568,,,,双电机,前置+后置,(标配)十年或25万公里,135,287,,,,,
67883,奔驰G级新能源,永磁/同步,432,588,1164,216,,,,,四电机,前置+后置,,216,,,,,,
68264,奔驰GLC新能源,永磁/同步,115,156,440,,,250,340,600,单电机,前置,(标配)八年或12万公里,115,440,EM0017,,,,
71117,奔驰S级AMG新能源,永磁/同步,140,190,320,140,320,590,802,1430,单电机,后置,,,,,EMA001,,,
67865,奔驰S级AMG新能源,永磁/同步,140,190,320,140,320,590,802,1430,单电机,后置,,,,,EMA001,,,
65986,奔驰S级新能源,永磁/同步,110,150,440,,,,300,,单电机,待查,,,,,,,,
71822,奔驰S级新能源,永磁/同步,110,150,440,,,,300,,单电机,待查,,,,,,,,
68011,迈巴赫EQS SUV,,470,638,950,300,,,,,双电机,前置+后置,,170,,EM0031,EM0028,,,
68012,迈巴赫EQS SUV,,470,638,950,300,,,,,双电机,前置+后置,,170,,EM0031,EM0028,,,
67866,奔驰C级AMG新能源,,150,204,320,150,320,500,680,1020,单电机,后置,,,,,,,,
71311,AMG GT新能源,永磁/同步,150,204,320,,,600,816,1420,单电机,后置,,,,,,,,
61518,迈巴赫S级新能源,永磁/同步,110,150,440,,,375,510,750,单电机,,,,,,,,,
61039,奔驰EQS SUV,永磁/同步,265,360,568,265,,,,,单电机,后置,(标配)十年或25万公里,,,,,,,
61040,奔驰EQS SUV,永磁/同步,265,360,800,178,,,,,双电机,前置+后置,(标配)十年或25万公里,88,,,,,,
61041,奔驰EQS SUV,永磁/同步,265,360,800,178,,,,,双电机,前置+后置,(标配)十年或25万公里,88,,,,,,
69663,奔驰EQE SUV AMG,永磁/同步,460,626,955,295,,,,,双电机,前置+后置,,165,,EM0031,EM0028,,,
62689,奔驰EQE AMG,,460,626,,295,,,,,双电机,前置+后置,,165,,,,,,
61343,奔驰EQS AMG,永磁/同步,470,639,,300,,,,,双电机,前置+后置,(标配)十年或25万公里,170,,,,,,
60653,奔驰GLE轿跑新能源,,100,136,440,100,440,245,333,700,单电机,后置,(标配)八年或12万公里,,,,,,,
68372,宝马i3,励磁/同步,210,286,400,210,400,,,,单电机,后置,,,,,,,,
68371,宝马i3,励磁/同步,250,340,430,250,430,,,,单电机,后置,,,,,,,,
68373,宝马i3,励磁/同步,250,340,430,250,430,,,,单电机,后置,,,,,,,,
66608,宝马iX3,励磁/同步,210,286,400,210,400,,,,单电机,后置,,,,,,,,
66549,宝马iX3,励磁/同步,210,286,400,210,400,,,,单电机,后置,,,,,,,,
71929,宝马i5,励磁/同步,200,272,410,200,410,,,,单电机,后置,,,,,HA0001N0,,采埃孚电驱动科技,
65490,宝马i5,励磁/同步,200,272,410,200,410,,,,单电机,后置,,,,,HA0001N0,,采埃孚电驱动科技,
69425,宝马i5,励磁/同步,240,326,410,240,410,,,,单电机,后置,,,,,HA0001N0,,采埃孚电驱动科技,
66249,宝马i5,励磁/同步,240,326,410,240,410,,,,单电机,后置,,,,,HA0001N0,,采埃孚电驱动科技,
69426,宝马i5,励磁/同步,385,524,775,240,410,,,,双电机,前置+后置,,145,365,HA0002N0,HA0001N0,BMW AG,采埃孚电驱动科技,
66503,宝马i5,励磁/同步,385,524,775,240,410,,,,双电机,前置+后置,,145,365,HA0002N0,HA0001N0,BMW AG,采埃孚电驱动科技,
64091,宝马i5,励磁/同步,210,286,410,210,410,,,,单电机,后置,,,,,HA0001N0,,采埃孚电驱动科技,
66521,宝马i5,励磁/同步,210,286,410,210,410,,,,单电机,后置,,,,,HA0001N0,,采埃孚电驱动科技,
66262,宝马i5,励磁/同步,210,286,410,210,410,,,,单电机,后置,,,,,HA0001N0,,采埃孚电驱动科技,
71928,宝马i5,励磁/同步,210,286,410,210,410,,,,单电机,后置,,,,,HA0001N0,,采埃孚电驱动科技,
62550,宝马iX1,励磁/同步,150,204,250,,,,,,单电机,前置,,150,250,HB0003N0,,采埃孚电驱动科技,,
64433,宝马iX1,励磁/同步,150,204,250,,,,,,单电机,前置,,150,250,HB0003N0,,采埃孚电驱动科技,,
64434,宝马iX1,励磁/同步,230,313,494,,,,,,双电机,前置+后置,,,,,,,,
64455,宝马iX1,励磁/同步,230,313,494,,,,,,双电机,前置+后置,,,,,,,,
63899,宝马iX,,240,326,630,,,,,,双电机,前置+后置,,,,,,,,
63896,宝马iX,,385,524,765,,,,,,双电机,前置+后置,,,,,,,,
62587,宝马M760Le,永磁/同步,145,197,280,,,420,571,800,单电机,前置,,145,280,,,,,
62417,宝马i7,,335,456,650,335,650,,,,单电机,后置,,,,,,,,
62416,宝马i7,,335,456,650,335,650,,,,单电机,后置,,,,,,,,
56703,宝马i7,,335,456,650,335,650,,,,单电机,后置,,,,,,,,
62415,宝马i7,,335,456,650,335,650,,,,单电机,后置,,,,,,,,
60892,宝马i7,,400,544,745,230,380,,,,双电机,前置+后置,,190,365,,,,,
62414,宝马i7,,400,544,745,230,380,,,,双电机,前置+后置,,190,365,,,,,
57156,宝马XM,永磁/同步,145,197,280,,,350,476,700,单电机,,,,,,,,,
62420,宝马XM,永磁/同步,145,197,280,,,480,653,800,单电机,,,,,,,,,
62467,宝马XM,永磁/同步,145,197,280,,,550,748,1000,单电机,,,,,,,,,
68817,宝马i4,励磁/同步,210,286,400,210,400,,,,单电机,后置,,,,,,,,
61699,宝马i4,励磁/同步,250,340,430,250,430,,,,单电机,后置,,,,,,,,
68076,宝马i4,,210,286,400,210,400,,,,单电机,后置,,,,,,,,
70764,宝马i4,,250,340,430,250,430,,,,单电机,后置,,,,,,,,
68878,宝马M5新能源,永磁/同步,155,211,,,,535,727,1000,单电机,,,155,,PB0002N0,,,,
63217,宝马i5 M60,励磁/同步,442,601,795,250,,,,,双电机,前置+后置,,192,,HA0002N0,HA0003N0,,,
63897,宝马iX M60,,455,619,1100,,,,,,双电机,前置+后置,,,,,,,,
66922,宝马i4 M50,,400,544,795,,,,,,双电机,前置+后置,,,,,,,,
62588,宝马i7 M70L,励磁/同步,545,741,1100,355,,,,,双电机,前置+后置,,190,,,,,,
66500,秦L,永磁/同步,120,163,210,,,,,,单电机,前置,,120,210,TZ210XYB,,比亚迪,,(标配)终身质保/非营运（责任免除条款以官方为准）
71472,秦L,永磁/同步,120,163,210,,,,,,单电机,前置,,120,210,TZ210XYB,,比亚迪,,(标配)终身质保/非营运（责任免除条款以官方为准）
71455,秦L,永磁/同步,160,218,260,,,,,,单电机,前置,,160,260,TZ210XYC,,比亚迪,,(标配)终身质保/非营运（责任免除条款以官方为准）
72526,秦L,永磁/同步,160,218,260,,,,,,单电机,前置,,160,260,TZ210XYC,,比亚迪,,(标配)终身质保/非营运（责任免除条款以官方为准）
66646,秦L,永磁/同步,160,218,260,,,,,,单电机,前置,,160,260,TZ210XYC,,比亚迪,,(标配)终身质保/非营运（责任免除条款以官方为准）
71490,秦L,永磁/同步,160,218,260,,,,,,单电机,前置,,160,260,TZ210XYC,,比亚迪,,(标配)终身质保/非营运（责任免除条款以官方为准）
70666,秦L,永磁/同步,110,150,220,110,220,,,,单电机,后置,,,,,TZ180XSR,,比亚迪,(标配)终身质保/非营运（责任免除条款以官方为准）
71471,秦L,永磁/同步,160,218,330,160,330,,,,单电机,后置,,,,,TZ200XSBE,,比亚迪,(标配)终身质保/非营运（责任免除条款以官方为准）
68231,秦L,永磁/同步,160,218,330,160,330,,,,单电机,后置,,,,,TZ200XSBE,,比亚迪,(标配)终身质保/非营运（责任免除条款以官方为准）
72107,秦L,永磁/同步,120,163,210,,,,,,单电机,前置,,120,210,TZ210XYB,,比亚迪,,(标配)终身质保/非营运（责任免除条款以官方为准）
67873,秦L,永磁/同步,120,163,210,,,,,,单电机,前置,,120,210,TZ210XYB,,比亚迪,,(标配)终身质保/非营运（责任免除条款以官方为准）
71678,秦L,永磁/同步,160,218,260,,,,,,单电机,前置,,160,260,TZ210XYC,,比亚迪,,(标配)终身质保/非营运（责任免除条款以官方为准）
66645,秦L,永磁/同步,160,218,260,,,,,,单电机,前置,,160,260,TZ210XYC,,比亚迪,,(标配)终身质保/非营运（责任免除条款以官方为准）
71532,秦L,永磁/同步,160,218,260,,,,,,单电机,前置,,160,260,TZ210XYC,,比亚迪,,(标配)终身质保/非营运（责任免除条款以官方为准）
66750,秦PLUS,永磁/同步,120,163,210,,,,,,单电机,前置,,120,210,TZ210XYB,,比亚迪,,(标配)终身质保/非营运（责任免除条款以官方为准）
72524,秦PLUS,永磁/同步,120,163,210,,,,,,单电机,前置,,120,210,TZ210XYB,,比亚迪,,(标配)终身质保/非营运（责任免除条款以官方为准）
66746,秦PLUS,永磁/同步,120,163,210,,,,,,单电机,前置,,120,210,TZ210XYB,,比亚迪,,(标配)终身质保/非营运（责任免除条款以官方为准）
66751,秦PLUS,永磁/同步,100,136,180,,,,,,单电机,前置,,100,180,TZ180XSJ,,比亚迪,,(标配)终身质保/非营运（责任免除条款以官方为准）
66747,秦PLUS,永磁/同步,100,136,180,,,,,,单电机,前置,,100,180,TZ180XSJ,,比亚迪,,(标配)终身质保/非营运（责任免除条款以官方为准）
65656,秦PLUS,永磁/同步,100,136,180,,,,,,单电机,前置,,100,180,TZ180XSJ,,比亚迪,,(标配)终身质保/非营运（责任免除条款以官方为准）
71504,秦PLUS,永磁/同步,100,136,180,,,,,,单电机,前置,,100,180,TZ180XSJ,,比亚迪,,(标配)终身质保/非营运（责任免除条款以官方为准）
71686,秦PLUS,永磁/同步,100,136,180,,,,,,单电机,前置,,100,180,,,,,
67266,秦PLUS,永磁/同步,100,136,180,,,,,,单电机,前置,,100,180,,,,,
72442,秦PLUS,永磁/同步,132,180,316,,,,,,单电机,前置,,132,316,,,,,(标配)终身质保/非营运（责任免除条款以官方为准）
63012,秦PLUS,永磁/同步,132,180,316,,,,,,单电机,前置,,132,316,,,,,(标配)终身质保/非营运（责任免除条款以官方为准）
71689,秦PLUS,永磁/同步,145,197,325,,,,,,单电机,前置,,145,325,,,,,(标配)终身质保/非营运（责任免除条款以官方为准）
66745,秦PLUS,永磁/同步,145,197,325,,,,,,单电机,前置,,145,325,,,,,(标配)终身质保/非营运（责任免除条款以官方为准）
66743,秦PLUS,永磁/同步,145,197,325,,,,,,单电机,前置,,145,325,,,,,(标配)终身质保/非营运（责任免除条款以官方为准）
51966,秦PLUS,永磁/同步,145,197,325,,,,,,单电机,前置,,145,325,,,,,
71688,秦PLUS,永磁/同步,100,136,180,,,,,,单电机,前置,,100,180,,,,,(标配)终身质保/非营运（责任免除条款以官方为准）
66744,秦PLUS,永磁/同步,100,136,180,,,,,,单电机,前置,,100,180,,,,,(标配)终身质保/非营运（责任免除条款以官方为准）
66748,秦PLUS,永磁/同步,100,136,180,,,,,,单电机,前置,,100,180,,,,,(标配)终身质保/非营运（责任免除条款以官方为准）
66733,秦PLUS,永磁/同步,100,136,180,,,,,,单电机,前置,,100,180,,,,,(标配)终身质保/非营运（责任免除条款以官方为准）
71685,秦PLUS,永磁/同步,100,136,180,,,,,,单电机,前置,,100,180,,,,,(标配)终身质保/非营运（责任免除条款以官方为准）
66749,秦PLUS,永磁/同步,100,136,180,,,,,,单电机,前置,(标配)六年或60万公里,100,180,,,,,
72103,秦PLUS,永磁/同步,100,136,180,,,,,,单电机,前置,(标配)六年或60万公里,100,180,,,,,
71687,秦PLUS,永磁/同步,100,136,180,,,,,,单电机,前置,(标配)六年或60万公里,100,180,,,,,
69070,海鸥,永磁/同步,55,75,135,,,,,,单电机,前置,(标配)六年或15万公里,55,135,TZ180XSH,,比亚迪,,(标配)终身质保/非营运（责任免除条款以官方为准）
69068,海鸥,永磁/同步,55,75,135,,,,,,单电机,前置,(标配)六年或15万公里,55,135,TZ180XSH,,比亚迪,,(标配)终身质保/非营运（责任免除条款以官方为准）
71691,海鸥,永磁/同步,55,75,135,,,,,,单电机,前置,(标配)六年或15万公里,55,135,TZ180XSH,,比亚迪,,(标配)终身质保/非营运（责任免除条款以官方为准）
71065,海鸥,永磁/同步,55,75,135,,,,,,单电机,前置,(标配)六年或15万公里,55,135,TZ180XSH,,比亚迪,,(标配)终身质保/非营运（责任免除条款以官方为准）
69069,海鸥,永磁/同步,55,75,135,,,,,,单电机,前置,(标配)六年或15万公里,55,135,TZ180XSH,,比亚迪,,(标配)终身质保/非营运（责任免除条款以官方为准）
71690,海鸥,永磁/同步,55,75,135,,,,,,单电机,前置,(标配)六年或15万公里,55,135,TZ180XSH,,比亚迪,,(标配)终身质保/非营运（责任免除条款以官方为准）
71292,汉L,永磁/同步,500,680,420,500,420,,,,单电机,后置,,,,,TZ210XYR,,比亚迪,(标配)终身质保/非营运（责任免除条款以官方为准）
71392,汉L,永磁/同步,500,680,420,500,420,,,,单电机,后置,,,,,TZ210XYR,,比亚迪,(标配)终身质保/非营运（责任免除条款以官方为准）
72523,汉L,前交流/异步 后永磁/同步,810,1102,860,580,450,,,,双电机,前置+后置,,230,410,YS230XYD,TZ210XYW,比亚迪,比亚迪,(标配)终身质保/非营运（责任免除条款以官方为准）
71393,汉L,永磁/同步,200,272,315,,,,,,单电机,前置,,200,315,TZ210XYD,,比亚迪,,(标配)终身质保/非营运（责任免除条款以官方为准）
71435,汉L,永磁/同步,200,272,315,,,,,,单电机,前置,,200,315,TZ210XYD,,比亚迪,,(标配)终身质保/非营运（责任免除条款以官方为准）
72209,汉L,永磁/同步,400,544,670,200,355,,,,双电机,前置+后置,,200,315,TZ210XYD,TZ210XS004,比亚迪,博格华纳,(标配)终身质保/非营运（责任免除条款以官方为准）
71703,汉,永磁/同步,168,228,350,,,,,,单电机,前置,,168,350,TZ200XSAB,,比亚迪,,(标配)终身质保/非营运（责任免除条款以官方为准）
69813,汉,永磁/同步,168,228,350,,,,,,单电机,前置,,168,350,TZ200XSAB,,比亚迪,,(标配)终身质保/非营运（责任免除条款以官方为准）
71707,汉,永磁/同步,168,228,350,,,,,,单电机,前置,,168,350,TZ200XSAB,,比亚迪,,(标配)终身质保/非营运（责任免除条款以官方为准）
72515,汉,永磁/同步,180,245,350,,,,,,单电机,前置,,180,350,TZ200XSU,,比亚迪,,(标配)终身质保/非营运（责任免除条款以官方为准）
71706,汉,永磁/同步,180,245,350,,,,,,单电机,前置,,180,350,TZ200XSU,,比亚迪,,(标配)终身质保/非营运（责任免除条款以官方为准）
66906,汉,永磁/同步,180,245,350,,,,,,单电机,前置,,180,350,TZ200XSU,,比亚迪,,(标配)终身质保/非营运（责任免除条款以官方为准）
71591,汉,永磁/同步,180,245,350,,,,,,单电机,前置,,180,350,TZ200XSU,,比亚迪,,(标配)终身质保/非营运（责任免除条款以官方为准）
71534,汉,永磁/同步,180,245,350,,,,,,单电机,前置,,180,350,TZ200XSU,,比亚迪,,(标配)终身质保/非营运（责任免除条款以官方为准）
45619,汉,永磁/同步,200,272,315,,,,,,单电机,前置,,200,315,TZ210XYD,,比亚迪,,(标配)终身质保/非营运（责任免除条款以官方为准）
72514,汉,永磁/同步,200,272,315,,,,,,单电机,前置,,200,315,TZ210XYD,,比亚迪,,(标配)终身质保/非营运（责任免除条款以官方为准）
71705,汉,永磁/同步,200,272,315,,,,,,单电机,前置,,200,315,TZ210XYD,,比亚迪,,(标配)终身质保/非营运（责任免除条款以官方为准）
69817,汉,永磁/同步,200,272,315,,,,,,单电机,前置,,200,315,TZ210XYD,,比亚迪,,(标配)终身质保/非营运（责任免除条款以官方为准）
69816,汉,永磁/同步,200,272,315,,,,,,单电机,前置,,200,315,TZ210XYD,,比亚迪,,(标配)终身质保/非营运（责任免除条款以官方为准）
69814,汉,永磁/同步,200,272,315,,,,,,单电机,前置,,200,315,TZ210XYD,,比亚迪,,(标配)终身质保/非营运（责任免除条款以官方为准）
69815,汉,永磁/同步,200,272,315,,,,,,单电机,前置,,200,315,TZ210XYD,,比亚迪,,(标配)终身质保/非营运（责任免除条款以官方为准）
71704,汉,永磁/同步,200,272,315,,,,,,单电机,前置,,200,315,TZ210XYD,,比亚迪,,(标配)终身质保/非营运（责任免除条款以官方为准）
71533,汉,永磁/同步,200,272,315,,,,,,单电机,前置,,200,315,TZ210XYD,,比亚迪,,(标配)终身质保/非营运（责任免除条款以官方为准）
71535,汉,永磁/同步,200,272,315,,,,,,单电机,前置,,200,315,TZ210XYD,,比亚迪,,(标配)终身质保/非营运（责任免除条款以官方为准）
52453,汉,永磁/同步,200,272,315,,,,,,单电机,前置,,200,315,TZ210XYD,,比亚迪,,(标配)终身质保/非营运（责任免除条款以官方为准）
66774,汉,永磁/同步,150,204,310,,,,,,单电机,前置,,150,310,TZ200XSQ,,比亚迪,,(标配)终身质保/非营运（责任免除条款以官方为准）
66909,汉,永磁/同步,150,204,310,,,,,,单电机,前置,,150,310,TZ200XSQ,,比亚迪,,(标配)终身质保/非营运（责任免除条款以官方为准）
66905,汉,永磁/同步,145,197,316,,,,,,单电机,前置,(标配)首任车主不限年限/里程（责任免除条款以官方为准）,145,316,TZ220XYG,,比亚迪,,
71623,汉,永磁/同步,145,197,316,,,,,,单电机,前置,(标配)首任车主不限年限/里程（责任免除条款以官方为准）,145,316,TZ220XYG,,比亚迪,,
66903,汉,永磁/同步,145,197,316,,,,,,单电机,前置,(标配)首任车主不限年限/里程（责任免除条款以官方为准）,145,316,TZ220XYG,,比亚迪,,
67270,汉,永磁/同步,145,197,316,,,,,,单电机,前置,(标配)首任车主不限年限/里程（责任免除条款以官方为准）,145,316,TZ220XYG,,比亚迪,,
69143,汉,永磁/同步,160,218,325,,,,,,单电机,前置,(标配)首任车主不限年限/里程（责任免除条款以官方为准）,160,325,TZ220XYH,,比亚迪,,
66773,汉,永磁/同步,360,490,675,200,350,,,,双电机,前置+后置,(标配)首任车主不限年限/里程（责任免除条款以官方为准）,160,325,TZ220XYH,TZ200XSE,比亚迪,比亚迪,
66902,汉,永磁/同步,145,197,316,,,,,,单电机,前置,,145,316,TZ220XYG,,比亚迪,,
69802,汉,永磁/同步,150,204,310,,,150,204,310,单电机,前置,(标配)首任车主不限年限/里程（责任免除条款以官方为准）,150,310,TZ200XSQ,,比亚迪,,
69142,汉,永磁/同步,168,228,350,,,168,228,350,单电机,前置,(标配)首任车主不限年限/里程（责任免除条款以官方为准）,168,350,TZ200XSAB,,比亚迪,,
69144,汉,永磁/同步,180,245,350,,,180,245,350,单电机,前置,(标配)首任车主不限年限/里程（责任免除条款以官方为准）,180,350,TZ200XSU,,比亚迪,,
66753,汉,永磁/同步,380,517,700,200,350,380,517,700,双电机,前置+后置,(标配)首任车主不限年限/里程（责任免除条款以官方为准）,180,350,TZ200XSU,TZ200XSE,比亚迪,比亚迪,
66907,汉,永磁/同步,163,222,330,,,,,,单电机,前置,(标配)首任车主不限年限/里程（责任免除条款以官方为准）,163,330,,,,,
66908,汉,永磁/同步,163,222,330,,,,,,单电机,前置,(标配)首任车主不限年限/里程（责任免除条款以官方为准）,163,330,,,,,
69209,宋PLUS新能源,永磁/同步,160,218,260,,,,,,单电机,前置,,160,260,TZ210XYC,,比亚迪,,(标配)终身质保/非营运（责任免除条款以官方为准）
69254,宋PLUS新能源,永磁/同步,160,218,260,,,,,,单电机,前置,,160,260,TZ210XYC,,比亚迪,,(标配)终身质保/非营运（责任免除条款以官方为准）
71524,宋PLUS新能源,永磁/同步,160,218,260,,,,,,单电机,前置,,160,260,TZ210XYC,,比亚迪,,(标配)终身质保/非营运（责任免除条款以官方为准）
69253,宋PLUS新能源,永磁/同步,160,218,260,,,,,,单电机,前置,,160,260,TZ210XYC,,比亚迪,,(标配)终身质保/非营运（责任免除条款以官方为准）
71657,宋PLUS新能源,永磁/同步,160,218,260,,,,,,单电机,前置,,160,260,TZ210XYC,,比亚迪,,(标配)终身质保/非营运（责任免除条款以官方为准）
71656,宋PLUS新能源,永磁/同步,150,204,310,,,,,,单电机,前置,,150,310,TZ200XSQ,,比亚迪,,(标配)终身质保/非营运（责任免除条款以官方为准）
69513,宋PLUS新能源,永磁/同步,150,204,310,,,,,,单电机,前置,,150,310,TZ200XSQ,,比亚迪,,(标配)终身质保/非营运（责任免除条款以官方为准）
69210,宋PLUS新能源,永磁/同步,160,218,330,,,,,,单电机,前置,,160,330,TZ200XYM,,比亚迪,,(标配)终身质保/非营运（责任免除条款以官方为准）
69252,宋PLUS新能源,永磁/同步,160,218,260,,,,,,单电机,前置,,160,260,TZ210XYC,,比亚迪,,(标配)终身质保/非营运（责任免除条款以官方为准）
71481,宋PLUS新能源,永磁/同步,160,218,260,,,,,,单电机,前置,,160,260,TZ210XYC,,比亚迪,,(标配)终身质保/非营运（责任免除条款以官方为准）
71470,宋PLUS新能源,永磁/同步,160,218,260,,,,,,单电机,前置,,160,260,TZ210XYC,,比亚迪,,(标配)终身质保/非营运（责任免除条款以官方为准）
71520,宋PLUS新能源,永磁/同步,160,218,260,,,,,,单电机,前置,,160,260,TZ210XYC,,比亚迪,,(标配)终身质保/非营运（责任免除条款以官方为准）
69514,宋PLUS新能源,永磁/同步,160,218,260,,,,,,单电机,前置,,160,260,TZ210XYC,,比亚迪,,(标配)终身质保/非营运（责任免除条款以官方为准）
72520,宋PLUS新能源,永磁/同步,150,204,310,,,,,,单电机,前置,,150,310,TZ200XSQ,,比亚迪,,(标配)终身质保/非营运（责任免除条款以官方为准）
71525,宋PLUS新能源,永磁/同步,150,204,310,,,,,,单电机,前置,,150,310,TZ200XSQ,,比亚迪,,(标配)终身质保/非营运（责任免除条款以官方为准）
69512,宋PLUS新能源,永磁/同步,160,218,330,,,,,,单电机,前置,,160,330,TZ200XYM,,比亚迪,,(标配)终身质保/非营运（责任免除条款以官方为准）
71480,宋PLUS新能源,永磁/同步,150,204,310,,,,,,单电机,前置,,150,310,TZ200XSQ,,比亚迪,,(标配)终身质保/非营运（责任免除条款以官方为准）
72208,唐L,永磁/同步,200,272,315,,,,,,单电机,前置,,200,315,TZ210XYD,,比亚迪,,(标配)终身质保/非营运（责任免除条款以官方为准）
72468,唐L,永磁/同步,400,544,670,200,355,,,,双电机,前置+后置,,200,315,TZ210XYD,TZ210XS004,比亚迪,博格华纳,(标配)终身质保/非营运（责任免除条款以官方为准）
71390,唐L,永磁/同步,400,544,670,200,355,,,,双电机,前置+后置,,200,315,TZ210XYD,TZ200XSAE,比亚迪,比亚迪,(标配)终身质保/非营运（责任免除条款以官方为准）
71391,唐L,永磁/同步,500,680,420,500,420,,,,单电机,后置,,,,,TZ210XYR,,比亚迪,(标配)终身质保/非营运（责任免除条款以官方为准）
71291,唐L,永磁/同步,500,680,420,500,420,,,,单电机,后置,,,,,TZ210XYR,,比亚迪,(标配)终身质保/非营运（责任免除条款以官方为准）
71389,唐L,前交流/异步 后永磁/同步,810,1102,860,580,450,,,,双电机,前置+后置,,230,410,YS230XYD,TZ210XYW,弗迪,比亚迪,(标配)终身质保/非营运（责任免除条款以官方为准）
70346,夏,永磁/同步,200,272,315,,,,,,单电机,前置,,200,315,TZ210XYD,,比亚迪,,(标配)终身质保/非营运（责任免除条款以官方为准）
72517,夏,永磁/同步,200,272,315,,,,,,单电机,前置,,200,315,TZ210XYD,,比亚迪,,(标配)终身质保/非营运（责任免除条款以官方为准）
71228,夏,永磁/同步,200,272,315,,,,,,单电机,前置,,200,315,TZ210XYD,,比亚迪,,(标配)终身质保/非营运（责任免除条款以官方为准）
69726,夏,永磁/同步,200,272,315,,,,,,单电机,前置,,200,315,TZ210XYD,,比亚迪,,(标配)终身质保/非营运（责任免除条款以官方为准）
71227,夏,永磁/同步,200,272,315,,,,,,单电机,前置,,200,315,TZ210XYD,,比亚迪,,(标配)终身质保/非营运（责任免除条款以官方为准）
71489,海豹06新能源,永磁/同步,120,163,210,,,,,,单电机,前置,,120,210,TZ210XYB,,比亚迪,,(标配)终身质保/非营运（责任免除条款以官方为准）
66640,海豹06新能源,永磁/同步,120,163,210,,,,,,单电机,前置,,120,210,TZ210XYB,,比亚迪,,(标配)终身质保/非营运（责任免除条款以官方为准）
66680,海豹06新能源,永磁/同步,160,218,260,,,,,,单电机,前置,,160,260,TZ210XYC,,比亚迪,,(标配)终身质保/非营运（责任免除条款以官方为准）
68514,海豹06新能源,永磁/同步,160,218,260,,,,,,单电机,前置,,160,260,TZ210XYC,,比亚迪,,(标配)终身质保/非营运（责任免除条款以官方为准）
71468,海豹06新能源,永磁/同步,160,218,260,,,,,,单电机,前置,,160,260,TZ210XYC,,比亚迪,,(标配)终身质保/非营运（责任免除条款以官方为准）
71469,海豹06新能源,永磁/同步,120,163,210,,,,,,单电机,前置,,120,210,TZ210XYB,,比亚迪,,(标配)终身质保/非营运（责任免除条款以官方为准）
71467,海豹06新能源,永磁/同步,120,163,210,,,,,,单电机,前置,,120,210,TZ210XYB,,比亚迪,,(标配)终身质保/非营运（责任免除条款以官方为准）
68516,海豹06新能源,永磁/同步,160,218,260,,,,,,单电机,前置,,160,260,TZ210XYC,,比亚迪,,(标配)终身质保/非营运（责任免除条款以官方为准）
71675,海豹06新能源,永磁/同步,160,218,260,,,,,,单电机,前置,,160,260,TZ210XYC,,比亚迪,,(标配)终身质保/非营运（责任免除条款以官方为准）
68515,海豹06新能源,永磁/同步,160,218,260,,,,,,单电机,前置,,160,260,TZ210XYC,,比亚迪,,(标配)终身质保/非营运（责任免除条款以官方为准）
71700,唐新能源,永磁/同步,200,272,315,,,,,,单电机,前置,,200,315,TZ210XYD,,比亚迪,,(标配)终身质保/非营运（责任免除条款以官方为准）
67875,唐新能源,永磁/同步,200,272,315,,,,,,单电机,前置,,200,315,TZ210XYD,,比亚迪,,(标配)终身质保/非营运（责任免除条款以官方为准）
67874,唐新能源,永磁/同步,200,272,315,,,,,,单电机,前置,,200,315,TZ210XYD,,比亚迪,,(标配)终身质保/非营运（责任免除条款以官方为准）
67879,唐新能源,永磁/同步,200,272,315,,,,,,单电机,前置,,200,315,TZ210XYD,,比亚迪,,(标配)终身质保/非营运（责任免除条款以官方为准）
71699,唐新能源,永磁/同步,200,272,315,,,,,,单电机,前置,,200,315,TZ210XYD,,比亚迪,,(标配)终身质保/非营运（责任免除条款以官方为准）
67877,唐新能源,永磁/同步,200,272,315,,,,,,单电机,前置,,200,315,TZ210XYD,,比亚迪,,(标配)终身质保/非营运（责任免除条款以官方为准）
66835,唐新能源,永磁/同步,200,272,315,,,,,,单电机,前置,,200,315,TZ210XYD,,比亚迪,,(标配)终身质保/非营运（责任免除条款以官方为准）
67878,唐新能源,永磁/同步,200,272,315,,,,,,单电机,前置,,200,315,TZ210XYD,,比亚迪,,(标配)终身质保/非营运（责任免除条款以官方为准）
66858,唐新能源,永磁/同步,168,228,350,,,,,,单电机,前置,,168,350,,,,,(标配)终身质保/非营运（责任免除条款以官方为准）
70476,唐新能源,永磁/同步,180,245,350,,,,,,单电机,前置,,180,350,,,,,(标配)终身质保/非营运（责任免除条款以官方为准）
66857,唐新能源,永磁/同步,380,517,700,200,350,,,,双电机,前置+后置,,180,350,,,,,(标配)终身质保/非营运（责任免除条款以官方为准）
71701,唐新能源,永磁/同步,360,489,675,200,350,452,615,,双电机,前置+后置,,160,325,TZ220XYH,TZ220XSE,比亚迪,比亚迪,(标配)终身质保/非营运（责任免除条款以官方为准）
67876,唐新能源,永磁/同步,360,489,675,200,350,452,615,,双电机,前置+后置,,160,325,TZ220XYH,TZ220XSE,比亚迪,比亚迪,(标配)终身质保/非营运（责任免除条款以官方为准）
70475,唐新能源,永磁/同步,360,489,675,200,350,452,615,,双电机,前置+后置,,160,325,TZ220XYH,TZ220XSE,比亚迪,比亚迪,(标配)终身质保/非营运（责任免除条款以官方为准）
71702,唐新能源,永磁/同步,160,218,325,,,,,,单电机,前置,,160,325,TZ220XYH,,比亚迪,,(标配)终身质保/非营运（责任免除条款以官方为准）
70416,唐新能源,永磁/同步,160,218,325,,,,,,单电机,前置,,160,325,TZ220XYH,,比亚迪,,(标配)终身质保/非营运（责任免除条款以官方为准）
70454,唐新能源,永磁/同步,160,218,325,,,,,,单电机,前置,,160,325,TZ220XYH,,比亚迪,,(标配)终身质保/非营运（责任免除条款以官方为准）
66775,唐新能源,永磁/同步,160,218,325,,,,,,单电机,前置,,160,325,TZ220XYH,,比亚迪,,(标配)终身质保/非营运（责任免除条款以官方为准）
71682,宋Pro新能源,永磁/同步,120,163,210,,,,,,单电机,前置,,120,210,TZ210XYB,,比亚迪,,(标配)终身质保/非营运（责任免除条款以官方为准）
70059,宋Pro新能源,永磁/同步,120,163,210,,,,,,单电机,前置,,120,210,TZ210XYB,,比亚迪,,(标配)终身质保/非营运（责任免除条款以官方为准）
69112,宋Pro新能源,永磁/同步,120,163,210,,,,,,单电机,前置,,120,210,TZ210XYB,,比亚迪,,(标配)终身质保/非营运（责任免除条款以官方为准）
71681,宋Pro新能源,永磁/同步,120,163,210,,,,,,单电机,前置,,120,210,TZ210XYB,,比亚迪,,(标配)终身质保/非营运（责任免除条款以官方为准）
66963,宋Pro新能源,永磁/同步,120,163,210,,,,,,单电机,前置,,120,210,TZ210XYB,,比亚迪,,(标配)终身质保/非营运（责任免除条款以官方为准）
69113,宋Pro新能源,永磁/同步,120,163,210,,,,,,单电机,前置,,120,210,TZ210XYB,,比亚迪,,(标配)终身质保/非营运（责任免除条款以官方为准）
71627,宋Pro新能源,永磁/同步,120,163,210,,,,,,单电机,前置,,120,210,TZ210XYB,,比亚迪,,(标配)终身质保/非营运（责任免除条款以官方为准）
66965,宋Pro新能源,永磁/同步,120,163,210,,,,,,单电机,前置,,120,210,TZ210XYB,,比亚迪,,(标配)终身质保/非营运（责任免除条款以官方为准）
71680,宋Pro新能源,永磁/同步,145,197,325,,,,,,单电机,前置,,145,325,TZ220XYE,,比亚迪,,(标配)终身质保/非营运（责任免除条款以官方为准）
66964,宋Pro新能源,永磁/同步,145,197,325,,,,,,单电机,前置,,145,325,TZ220XYE,,比亚迪,,(标配)终身质保/非营运（责任免除条款以官方为准）
66966,宋Pro新能源,永磁/同步,145,197,325,,,,,,单电机,前置,,145,325,TZ220XYE,,比亚迪,,(标配)终身质保/非营运（责任免除条款以官方为准）
70060,宋Pro新能源,永磁/同步,145,197,325,,,,,,单电机,前置,,145,325,TZ220XYE,,比亚迪,,(标配)终身质保/非营运（责任免除条款以官方为准）
66951,宋Pro新能源,永磁/同步,145,197,325,,,,,,单电机,前置,,145,325,TZ220XYE,,比亚迪,,(标配)终身质保/非营运（责任免除条款以官方为准）
72031,元PLUS,永磁/同步,150,204,310,,,,,,单电机,前置,,150,310,TZ200XSQ,,比亚迪,,(标配)终身质保/非营运（责任免除条款以官方为准）
71852,元PLUS,永磁/同步,150,204,310,,,,,,单电机,前置,,150,310,TZ200XSQ,,比亚迪,,(标配)终身质保/非营运（责任免除条款以官方为准）
71817,元PLUS,永磁/同步,150,204,310,,,,,,单电机,前置,,150,310,TZ200XSQ,,比亚迪,,(标配)终身质保/非营运（责任免除条款以官方为准）
66988,元PLUS,永磁/同步,150,204,310,,,,,,单电机,前置,,150,310,TZ200XSQ,,比亚迪,,(标配)终身质保/非营运（责任免除条款以官方为准）
71427,元PLUS,永磁/同步,150,204,310,,,,,,单电机,前置,,150,310,TZ200XSQ,,比亚迪,,(标配)终身质保/非营运（责任免除条款以官方为准）
71918,元PLUS,永磁/同步,150,204,310,,,,,,单电机,前置,,150,310,TZ200XSQ,,比亚迪,,(标配)终身质保/非营运（责任免除条款以官方为准）
66991,元PLUS,永磁/同步,150,204,310,,,,,,单电机,前置,,150,310,TZ200XSQ,,比亚迪,,(标配)终身质保/非营运（责任免除条款以官方为准）
66992,元PLUS,永磁/同步,150,204,310,,,,,,单电机,前置,,150,310,TZ200XSQ,,比亚迪,,(标配)终身质保/非营运（责任免除条款以官方为准）
66990,元PLUS,永磁/同步,150,204,310,,,,,,单电机,前置,,150,310,TZ200XSQ,,比亚迪,,(标配)终身质保/非营运（责任免除条款以官方为准）
66989,元PLUS,永磁/同步,150,204,310,,,,,,单电机,前置,,150,310,TZ200XSQ,,比亚迪,,(标配)终身质保/非营运（责任免除条款以官方为准）
71603,宋L DM-i,永磁/同步,160,218,260,,,,,,单电机,前置,,160,260,TZ210XYC,,比亚迪,,(标配)终身质保/非营运（责任免除条款以官方为准）
71502,宋L DM-i,永磁/同步,160,218,260,,,,,,单电机,前置,,160,260,TZ210XYC,,比亚迪,,(标配)终身质保/非营运（责任免除条款以官方为准）
69065,宋L DM-i,永磁/同步,160,218,260,,,,,,单电机,前置,,160,260,TZ210XYC,,比亚迪,,(标配)终身质保/非营运（责任免除条款以官方为准）
68737,宋L DM-i,永磁/同步,160,218,260,,,,,,单电机,前置,,160,260,TZ210XYC,,比亚迪,,(标配)终身质保/非营运（责任免除条款以官方为准）
69066,宋L DM-i,永磁/同步,160,218,260,,,,,,单电机,前置,,160,260,TZ210XYC,,比亚迪,,(标配)终身质保/非营运（责任免除条款以官方为准）
69265,宋L DM-i,永磁/同步,160,218,260,,,,,,单电机,前置,,160,260,TZ210XYC,,比亚迪,,(标配)终身质保/非营运（责任免除条款以官方为准）
71473,宋L DM-i,永磁/同步,160,218,260,,,,,,单电机,前置,,160,260,TZ210XYC,,比亚迪,,(标配)终身质保/非营运（责任免除条款以官方为准）
71628,宋L DM-i,永磁/同步,160,218,260,,,,,,单电机,前置,,160,260,TZ210XYC,,比亚迪,,(标配)终身质保/非营运（责任免除条款以官方为准）
69067,宋L DM-i,永磁/同步,160,218,260,,,,,,单电机,前置,,160,260,TZ210XYC,,比亚迪,,(标配)终身质保/非营运（责任免除条款以官方为准）
71676,宋L DM-i,永磁/同步,160,218,260,,,,,,单电机,前置,,160,260,TZ210XYC,,比亚迪,,(标配)终身质保/非营运（责任免除条款以官方为准）
71072,海狮05 EV,永磁/同步,140,190,330,140,330,,,,单电机,后置,,,,,TZ200XSAY,,比亚迪,(标配)终身质保/非营运（责任免除条款以官方为准）
71057,海狮05 EV,永磁/同步,160,218,330,160,330,,,,单电机,后置,,,,,TZ200XSBE,,比亚迪,(标配)终身质保/非营运（责任免除条款以官方为准）
72236,海狮05 EV,永磁/同步,160,218,330,160,330,,,,单电机,后置,,,,,TZ200XSBE,,比亚迪,(标配)终身质保/非营运（责任免除条款以官方为准）
69005,海豚,永磁/同步,70,95,180,,,,,,单电机,前置,(标配)首任车主不限年限/里程（责任免除条款以官方为准）,70,180,TZ180XSF,,比亚迪,,
69004,海豚,永磁/同步,70,95,180,,,,,,单电机,前置,(标配)首任车主不限年限/里程（责任免除条款以官方为准）,70,180,TZ180XSF,,比亚迪,,
69006,海豚,永磁/同步,70,95,180,,,,,,单电机,前置,(标配)首任车主不限年限/里程（责任免除条款以官方为准）,70,180,TZ180XSF,,比亚迪,,
71049,海豚,永磁/同步,150,204,310,,,,,,单电机,前置,(标配)首任车主不限年限/里程（责任免除条款以官方为准）,150,310,TZ200XSQ,,比亚迪,,
66316,海豚,永磁/同步,70,95,180,,,,,,单电机,前置,,70,180,TZ180XSF,,比亚迪,,(标配)终身质保/非营运（责任免除条款以官方为准）
71050,海豚,永磁/同步,130,177,290,,,,,,单电机,前置,,130,290,TZ200XSW,,比亚迪,,(标配)终身质保/非营运（责任免除条款以官方为准）
71048,海豚,永磁/同步,150,204,310,,,,,,单电机,前置,,150,310,TZ200XSQ,,比亚迪,,(标配)终身质保/非营运（责任免除条款以官方为准）
66930,海豹,永磁/同步,170,231,380,170,380,,,,单电机,后置,,,,,TZ200XYN,,比亚迪,(标配)终身质保/非营运（责任免除条款以官方为准）
69345,海豹,永磁/同步,170,231,380,170,380,,,,单电机,后置,,,,,TZ200XYN,,比亚迪,(标配)终身质保/非营运（责任免除条款以官方为准）
71665,海豹,永磁/同步,230,313,380,230,380,,,,单电机,后置,,,,,TZ200XYC,,比亚迪,(标配)终身质保/非营运（责任免除条款以官方为准）
71664,海豹,永磁/同步,230,313,380,230,380,,,,单电机,后置,,,,,TZ200XYC,,比亚迪,(标配)终身质保/非营运（责任免除条款以官方为准）
71666,海豹,永磁/同步,230,313,380,230,380,,,,单电机,后置,,,,,TZ200XYC,,比亚迪,(标配)终身质保/非营运（责任免除条款以官方为准）
67384,海豹,永磁/同步,230,313,380,230,380,,,,单电机,后置,,,,,TZ200XYC,,比亚迪,(标配)终身质保/非营运（责任免除条款以官方为准）
66926,海豹,前感应/异步 后永磁/同步,390,530,690,230,380,,,,双电机,前置+后置,,160,310,YS210XYA,TZ200XYC,比亚迪,比亚迪,(标配)终身质保/非营运（责任免除条款以官方为准）
69394,海豹,前感应/异步 后永磁/同步,390,530,690,230,380,,,,双电机,前置+后置,,160,310,YS210XYA,TZ200XYC,比亚迪,比亚迪,(标配)终身质保/非营运（责任免除条款以官方为准）
66927,海豹,永磁/同步,145,197,325,,,,,,单电机,前置,,145,325,TZ220XYE,,比亚迪,,(标配)终身质保/非营运（责任免除条款以官方为准）
67382,海豹,永磁/同步,145,197,325,,,,,,单电机,前置,,145,325,TZ220XYE,,比亚迪,,(标配)终身质保/非营运（责任免除条款以官方为准）
69392,海豹,永磁/同步,145,197,325,,,,,,单电机,前置,,145,325,TZ220XYE,,比亚迪,,(标配)终身质保/非营运（责任免除条款以官方为准）
71663,海豹,永磁/同步,160,218,325,,,,,,单电机,前置,,160,325,TZ220XYE,,比亚迪,,(标配)终身质保/非营运（责任免除条款以官方为准）
67383,海豹,永磁/同步,160,218,325,,,,,,单电机,前置,,160,325,TZ220XYE,,比亚迪,,(标配)终身质保/非营运（责任免除条款以官方为准）
67381,海豹,永磁/同步,160,218,325,,,,,,单电机,前置,,160,325,TZ220XYE,,比亚迪,,(标配)终身质保/非营运（责任免除条款以官方为准）
66928,海豹,永磁/同步,150,204,310,150,310,,,,单电机,后置,(标配)首任车主不限年限/里程（责任免除条款以官方为准）,,,,TZ200XYL,,比亚迪,
66925,海豹,永磁/同步,150,204,310,150,310,,,,单电机,后置,(标配)首任车主不限年限/里程（责任免除条款以官方为准）,,,,TZ200XYL,,比亚迪,
66929,海豹,永磁/同步,170,231,330,170,330,,,,单电机,后置,(标配)首任车主不限年限/里程（责任免除条款以官方为准）,,,,TZ200XYN,,比亚迪,
67380,海豹,永磁/同步,230,313,360,230,360,,,,单电机,后置,(标配)首任车主不限年限/里程（责任免除条款以官方为准）,,,,TZ200XYC,,比亚迪,
69393,海豹,前交流/异步 后永磁/同步,390,530,670,230,360,,,,双电机,前置+后置,(标配)首任车主不限年限/里程（责任免除条款以官方为准）,160,310,YS210XYA,TZ200XYC,比亚迪,比亚迪,
70392,海豹06GT,永磁/同步,160,218,310,160,310,,,,单电机,后置,,,,,TZ200XYX,,比亚迪,(标配)终身质保/非营运（责任免除条款以官方为准）
71667,海豹06GT,永磁/同步,160,218,310,160,310,,,,单电机,后置,,,,,TZ200XYX,,比亚迪,(标配)终身质保/非营运（责任免除条款以官方为准）
71668,海豹06GT,永磁/同步,165,224,330,165,330,,,,单电机,后置,,,,,TZ200XYAB,,比亚迪,(标配)终身质保/非营运（责任免除条款以官方为准）
68312,海豹06GT,前交流/异步 后永磁/同步,310,422,510,200,310,,,,双电机,前置+后置,,110,200,YS230XYC,TZ200XYZ,弗迪动力,比亚迪,(标配)终身质保/非营运（责任免除条款以官方为准）
68311,海豹06GT,永磁/同步,160,218,310,160,310,,,,单电机,后置,,,,,TZ200XYX,,比亚迪,(标配)终身质保/非营运（责任免除条款以官方为准）
68266,海豹06GT,永磁/同步,160,218,310,160,310,,,,单电机,后置,,,,,TZ200XYX,,比亚迪,(标配)终身质保/非营运（责任免除条款以官方为准）
71670,海豹06GT,永磁/同步,165,224,330,165,330,,,,单电机,后置,,,,,TZ200XYAB,,比亚迪,(标配)终身质保/非营运（责任免除条款以官方为准）
71669,海豹06GT,前交流/异步 后永磁/同步,310,422,510,200,310,,,,双电机,前置+后置,,110,200,YS230XYC,TZ200XYZ,弗迪动力,比亚迪,(标配)终身质保/非营运（责任免除条款以官方为准）
71684,元UP,永磁/同步,70,95,180,,,,,,单电机,前置,,70,180,TZ180XSF,,比亚迪,,(标配)终身质保/非营运（责任免除条款以官方为准）
66139,元UP,永磁/同步,130,177,290,,,,,,单电机,前置,,130,290,TZ200XSW,,比亚迪,,(标配)终身质保/非营运（责任免除条款以官方为准）
69175,元UP,永磁/同步,130,177,290,,,,,,单电机,前置,,130,290,TZ200XSW,,比亚迪,,(标配)终身质保/非营运（责任免除条款以官方为准）
67007,元UP,永磁/同步,70,95,180,,,,,,单电机,前置,,70,180,TZ180XSF,,比亚迪,,(标配)终身质保/非营运（责任免除条款以官方为准）
66138,元UP,永磁/同步,70,95,180,,,,,,单电机,前置,,70,180,TZ180XSF,,比亚迪,,(标配)终身质保/非营运（责任免除条款以官方为准）
71256,元UP,永磁/同步,130,177,290,,,,,,单电机,前置,,130,290,TZ200XSW,,比亚迪,,(标配)终身质保/非营运（责任免除条款以官方为准）
71683,元UP,永磁/同步,130,177,290,,,,,,单电机,前置,,130,290,TZ200XSW,,比亚迪,,(标配)终身质保/非营运（责任免除条款以官方为准）
71536,宋L EV,永磁/同步,150,204,310,150,310,,,,单电机,后置,,,,,TZ200XYL,,,(标配)终身质保/非营运（责任免除条款以官方为准）
68095,宋L EV,永磁/同步,230,313,360,230,360,,,,单电机,后置,,,,,TZ200XYC,,,(标配)终身质保/非营运（责任免除条款以官方为准）
71508,宋L EV,永磁/同步,230,313,360,230,360,,,,单电机,后置,,,,,TZ200XYC,,,(标配)终身质保/非营运（责任免除条款以官方为准）
69743,宋L EV,前交流/异步 后永磁/同步,380,517,670,230,360,,,,双电机,前置+后置,,150,310,YS210XYA,TZ200XYC,,,(标配)终身质保/非营运（责任免除条款以官方为准）
71503,宋L EV,永磁/同步,150,204,310,150,310,,,,单电机,后置,,,,,TZ200XYL,,,(标配)终身质保/非营运（责任免除条款以官方为准）
69744,宋L EV,永磁/同步,230,313,360,230,360,,,,单电机,后置,,,,,TZ200XYC,,,(标配)终身质保/非营运（责任免除条款以官方为准）
69742,宋L EV,永磁/同步,230,313,360,230,360,,,,单电机,后置,,,,,TZ200XYC,,,(标配)终身质保/非营运（责任免除条款以官方为准）
71679,宋L EV,前交流/异步 后永磁/同步,380,517,670,230,360,,,,双电机,前置+后置,,150,310,YS210XYA,TZ200XYC,,,(标配)终身质保/非营运（责任免除条款以官方为准）
66740,驱逐舰05,永磁/同步,132,180,316,,,,,,单电机,前置,(标配)首任车主不限年限/里程（责任免除条款以官方为准）,132,316,TZ220XYF,,比亚迪,,
69284,驱逐舰05,永磁/同步,132,180,316,,,,,,单电机,前置,(标配)首任车主不限年限/里程（责任免除条款以官方为准）,132,316,TZ220XYF,,比亚迪,,
66739,驱逐舰05,永磁/同步,145,197,325,,,,,,单电机,前置,(标配)首任车主不限年限/里程（责任免除条款以官方为准）,145,325,TZ220XYF,,比亚迪,,
69283,驱逐舰05,永磁/同步,145,197,325,,,,,,单电机,前置,(标配)首任车主不限年限/里程（责任免除条款以官方为准）,145,325,TZ220XYF,,比亚迪,,
66738,驱逐舰05,永磁/同步,145,197,325,,,,,,单电机,前置,(标配)首任车主不限年限/里程（责任免除条款以官方为准）,145,325,TZ220XYF,,比亚迪,,
66741,驱逐舰05,永磁/同步,145,197,325,,,,,,单电机,前置,(标配)首任车主不限年限/里程（责任免除条款以官方为准）,145,325,TZ220XYF,,比亚迪,,
66734,驱逐舰05,永磁/同步,132,180,316,,,,,,单电机,前置,,132,316,TZ220XYF,,比亚迪,,
66742,驱逐舰05,永磁/同步,145,197,325,,,,,,单电机,前置,,145,325,TZ220XYF,,比亚迪,,
71052,海豹05 DM-i,永磁/同步,120,163,,,,,,,单电机,前置,,120,210,TZ210QYA,,比亚迪,,(标配)终身质保/非营运（责任免除条款以官方为准）
71313,海豹05 DM-i,永磁/同步,120,163,,,,,,,单电机,前置,,120,210,TZ210QYA,,比亚迪,,(标配)终身质保/非营运（责任免除条款以官方为准）
71314,海豹05 DM-i,永磁/同步,120,163,,,,,,,单电机,前置,,120,210,TZ210XYB,,比亚迪,,(标配)终身质保/非营运（责任免除条款以官方为准）
71695,海狮07 EV,永磁/同步,170,231,380,170,380,,,,单电机,后置,,,,,TZ200XYS,,比亚迪,(标配)终身质保/非营运（责任免除条款以官方为准）
71693,海狮07 EV,永磁/同步,230,313,380,230,380,,,,单电机,后置,,,,,TZ200XYT,,比亚迪,(标配)终身质保/非营运（责任免除条款以官方为准）
68250,海狮07 EV,永磁/同步,230,313,380,230,380,,,,单电机,后置,,,,,TZ200XYT,,比亚迪,(标配)终身质保/非营运（责任免除条款以官方为准）
66476,海狮07 EV,前交流/异步 后永磁/同步,390,530,690,230,380,,,,双电机,前置+后置,,160,310,YS210XYA,TZ200XYT,比亚迪,比亚迪,(标配)终身质保/非营运（责任免除条款以官方为准）
71692,海狮07 EV,永磁/同步,170,231,380,170,380,,,,单电机,后置,,,,,TZ200XYS,,比亚迪,(标配)终身质保/非营运（责任免除条款以官方为准）
71694,海狮07 EV,永磁/同步,230,313,380,230,380,,,,单电机,后置,,,,,TZ200XYT,,比亚迪,(标配)终身质保/非营运（责任免除条款以官方为准）
66475,海狮07 EV,永磁/同步,230,313,380,230,380,,,,单电机,后置,,,,,TZ200XYT,,比亚迪,(标配)终身质保/非营运（责任免除条款以官方为准）
58503,海狮07 EV,前交流/异步 后永磁/同步,390,530,690,230,380,,,,双电机,前置+后置,,160,310,YS210XYA,TZ200XYT,比亚迪,比亚迪,(标配)终身质保/非营运（责任免除条款以官方为准）
71658,海豹07 DM-i,永磁/同步,160,218,260,,,,,,单电机,前置,,160,260,TZ210XYC,,比亚迪,,(标配)终身质保/非营运（责任免除条款以官方为准）
69348,海豹07 DM-i,永磁/同步,160,218,260,,,,,,单电机,前置,,160,260,TZ210XYC,,比亚迪,,(标配)终身质保/非营运（责任免除条款以官方为准）
69349,海豹07 DM-i,永磁/同步,160,218,260,,,,,,单电机,前置,,160,260,TZ210XYC,,比亚迪,,(标配)终身质保/非营运（责任免除条款以官方为准）
69391,海豹07 DM-i,永磁/同步,160,218,260,,,,,,单电机,前置,,160,260,TZ210XYC,,比亚迪,,(标配)终身质保/非营运（责任免除条款以官方为准）
71660,海豹07 DM-i,永磁/同步,200,272,315,,,,,,单电机,前置,,200,315,TZ210XYD,,比亚迪,,(标配)终身质保/非营运（责任免除条款以官方为准）
71662,海豹07 DM-i,永磁/同步,160,218,260,,,,,,单电机,前置,,160,260,TZ210XYC,,比亚迪,,(标配)终身质保/非营运（责任免除条款以官方为准）
69390,海豹07 DM-i,永磁/同步,160,218,260,,,,,,单电机,前置,,160,260,TZ210XYC,,比亚迪,,(标配)终身质保/非营运（责任免除条款以官方为准）
69347,海豹07 DM-i,永磁/同步,160,218,260,,,,,,单电机,前置,,160,260,TZ210XYC,,比亚迪,,(标配)终身质保/非营运（责任免除条款以官方为准）
71659,海豹07 DM-i,永磁/同步,160,218,260,,,,,,单电机,前置,,160,260,TZ210XYC,,比亚迪,,(标配)终身质保/非营运（责任免除条款以官方为准）
71661,海豹07 DM-i,永磁/同步,200,272,315,,,,,,单电机,前置,,200,315,TZ210XYD,,比亚迪,,(标配)终身质保/非营运（责任免除条款以官方为准）
71673,海狮05 DM-i,永磁/同步,120,163,210,,,,,,单电机,前置,,120,210,TZ210XYB,,比亚迪,,
71671,海狮05 DM-i,永磁/同步,120,163,210,,,,,,单电机,前置,,120,210,TZ210XYB,,比亚迪,,
70058,海狮05 DM-i,永磁/同步,120,163,210,,,,,,单电机,前置,,120,210,TZ210XYB,,比亚迪,,
69114,海狮05 DM-i,永磁/同步,120,163,210,,,,,,单电机,前置,,120,210,TZ210XYB,,比亚迪,,
71672,海狮05 DM-i,永磁/同步,120,163,210,,,,,,单电机,前置,,120,210,TZ210XYB,,比亚迪,,
69115,海狮05 DM-i,永磁/同步,120,163,210,,,,,,单电机,前置,,120,210,TZ210XYB,,比亚迪,,
70057,海狮05 DM-i,永磁/同步,120,163,210,,,,,,单电机,前置,,120,210,TZ210XYB,,比亚迪,,
71674,海狮05 DM-i,永磁/同步,120,163,210,,,,,,单电机,前置,,120,210,TZ210XYB,,比亚迪,,
67273,护卫舰07,永磁/同步,145,197,316,,,,,,单电机,前置,,145,316,TZ220XYG,,比亚迪,,(标配)终身质保/非营运（责任免除条款以官方为准）
67272,护卫舰07,永磁/同步,145,197,316,,,,,,单电机,前置,,145,316,TZ220XYG,,比亚迪,,(标配)终身质保/非营运（责任免除条款以官方为准）
67271,护卫舰07,永磁/同步,145,197,316,,,,,,单电机,前置,,145,316,TZ220XYG,,比亚迪,,(标配)终身质保/非营运（责任免除条款以官方为准）
67274,护卫舰07,永磁/同步,145,197,316,,,,,,单电机,前置,,145,316,TZ220XYG,,比亚迪,,(标配)终身质保/非营运（责任免除条款以官方为准）
67250,护卫舰07,永磁/同步,295,401,656,150,340,,,,双电机,前置+后置,,145,316,TZ220XYG,TZ200XSV,比亚迪,比亚迪,(标配)终身质保/非营运（责任免除条款以官方为准）
67156,比亚迪e2,永磁/同步,70,95,180,,,,,,单电机,前置,,70,180,TZ180XSF,,比亚迪,,(标配)终身质保/非营运（责任免除条款以官方为准）
63011,比亚迪e2,永磁/同步,70,95,180,,,,,,单电机,前置,,70,180,TZ180XSF,,比亚迪,,(标配)终身质保/非营运（责任免除条款以官方为准）
67157,比亚迪e2,永磁/同步,70,95,180,,,,,,单电机,前置,,70,180,TZ180XSF,,比亚迪,,
62376,元Pro,永磁/同步,70,95,180,,,,,,单电机,前置,(标配)首任车主不限年限/里程（责任免除条款以官方为准）,70,180,TZ180XSF,,比亚迪,,
62377,元Pro,永磁/同步,70,95,180,,,,,,单电机,前置,(标配)首任车主不限年限/里程（责任免除条款以官方为准）,70,180,TZ180XSF,,比亚迪,,
62378,元Pro,永磁/同步,70,95,180,,,,,,单电机,前置,(标配)首任车主不限年限/里程（责任免除条款以官方为准）,70,180,TZ180XSF,,比亚迪,,
69051,秦新能源,永磁/同步,100,136,180,,,,,,单电机,前置,,100,180,TZ180XSJ,,比亚迪,,
69052,秦新能源,永磁/同步,100,136,180,,,,,,单电机,前置,,100,180,TZ180XSJ,,比亚迪,,
55331,宋MAX新能源,永磁/同步,132,180,316,,,,,,单电机,前置,(标配)首任车主不限年限/里程（责任免除条款以官方为准）,132,316,,,比亚迪,,
55329,宋MAX新能源,永磁/同步,132,180,316,,,,,,单电机,前置,(标配)首任车主不限年限/里程（责任免除条款以官方为准）,132,316,,,比亚迪,,
55328,宋MAX新能源,永磁/同步,145,197,325,,,,,,单电机,前置,(标配)首任车主不限年限/里程（责任免除条款以官方为准）,145,325,TZ220XYE,,比亚迪,,
55330,宋MAX新能源,永磁/同步,145,197,325,,,,,,单电机,前置,(标配)首任车主不限年限/里程（责任免除条款以官方为准）,145,325,TZ220XYE,,比亚迪,,
55009,宋MAX新能源,永磁/同步,145,197,325,,,,,,单电机,前置,(标配)首任车主不限年限/里程（责任免除条款以官方为准）,145,325,TZ220XYE,,比亚迪,,
60687,比亚迪e9,永磁/同步,120,163,330,,,,,,单电机,前置,(标配)八年或15万公里,120,330,BYD-2015TZ-XS-D,,比亚迪,,
60414,比亚迪D1,永磁/同步,100,136,180,,,,,,单电机,前置,,100,180,TZ180XSA,,比亚迪,,
63696,比亚迪D1,永磁/同步,100,136,180,,,,,,单电机,前置,(标配)八年或15万公里,100,180,TZ180XSA,,比亚迪,,
70469,比亚迪e6,永磁/同步,100,136,180,,,,,,单电机,前置,(标配)八年或60万公里,100,180,,,比亚迪,,
70470,比亚迪e6,永磁/同步,100,136,180,,,,,,单电机,前置,(标配)八年或60万公里,100,180,,,比亚迪,,
51306,比亚迪e3,永磁/同步,100,,180,,,,,,单电机,前置,(标配)待查,100,180,TZ180XSA,,比亚迪,,
52635,比亚迪e3,永磁/同步,100,,180,,,,,,单电机,前置,(标配)待查,100,180,TZ180XSA,,比亚迪,,
69272,大众ID.3,永磁/同步,125,170,310,125,310,,,,单电机,后置,(标配)八年或16万公里,,,,EEV,,大众汽车,
71677,大众ID.3,永磁/同步,125,170,310,125,310,,,,单电机,后置,(标配)八年或16万公里,,,,EEV,,大众汽车,
71654,大众ID.3,永磁/同步,125,170,310,125,310,,,,单电机,后置,(标配)八年或16万公里,,,,EEV,,大众汽车,
69271,大众ID.3,永磁/同步,125,170,310,125,310,,,,单电机,后置,(标配)八年或16万公里,,,,EEV,,大众汽车,
69273,大众ID.3,永磁/同步,125,170,310,125,310,,,,单电机,后置,(标配)八年或16万公里,,,,EEV,,大众汽车,
70354,大众ID.3,永磁/同步,125,170,310,125,310,,,,单电机,后置,(标配)八年或16万公里,,,,EEV,,大众汽车,
69297,大众ID.3,永磁/同步,125,170,310,125,310,,,,单电机,后置,(标配)八年或16万公里,,,,EEV,,大众汽车,
69298,大众ID.3,永磁/同步,125,170,310,125,310,,,,单电机,后置,(标配)八年或16万公里,,,,EEV,,大众汽车,
70812,ID.4 CROZZ,永磁/同步,125,170,310,125,310,,,,单电机,后置,(标配)八年或16万公里（可选：首任车主不限年限/里程质保）,,,,EEV,,大众汽车,
71288,ID.4 CROZZ,永磁/同步,170,231,310,170,310,,,,单电机,后置,(标配)八年或16万公里（可选：首任车主不限年限/里程质保）,,,,EEV,,大众汽车,
71287,ID.4 CROZZ,永磁/同步,170,231,310,170,310,,,,单电机,后置,(标配)八年或16万公里（可选：首任车主不限年限/里程质保）,,,,EEV,,大众汽车,
71289,ID.4 CROZZ,前交流/异步 后永磁/同步,230,313,460,150,310,,,,双电机,前置+后置,(标配)八年或16万公里（可选：首任车主不限年限/里程质保）,80,162,EDX,EEV,华域麦格纳,大众汽车,
66302,ID.4 X,永磁/同步,125,170,310,125,310,,,,单电机,后置,(标配)八年或16万公里,,,,EEV,,大众汽车,
66304,ID.4 X,永磁/同步,125,170,310,125,310,,,,单电机,后置,(标配)八年或16万公里,,,,EEV,,大众汽车,
69275,ID.4 X,永磁/同步,170,231,310,170,310,,,,单电机,后置,(标配)八年或16万公里,,,,EEV,,大众汽车,
69274,ID.4 X,永磁/同步,170,231,310,170,310,,,,单电机,后置,(标配)八年或16万公里,,,,EEV,,大众汽车,
66305,ID.4 X,永磁/同步,125,170,310,125,310,,,,单电机,后置,(标配)八年或16万公里,,,,EBN,,大众汽车,
69276,ID.4 X,永磁/同步,150,204,310,150,310,,,,单电机,后置,(标配)八年或16万公里,,,,EBN,,大众汽车,
72043,ID.4 X,永磁/同步,150,204,310,150,310,,,,单电机,后置,(标配)八年或16万公里,,,,EBN,,大众汽车,
66303,ID.4 X,前交流/异步 后永磁/同步,230,313,472,150,310,,,,双电机,前置+后置,(标配)八年或16万公里,80,162,EBR,EBN,前华域麦格纳,大众汽车,
65987,大众ID.7 VIZZION,永磁/同步,150,204,310,150,310,,,,单电机,后置,(标配)八年或16万公里,,,,EDV,,,
62442,大众ID.7 VIZZION,永磁/同步,150,204,310,150,310,,,,单电机,后置,(标配)八年或16万公里,,,,EDV,,,
62621,大众ID.7 VIZZION,永磁/同步,150,204,310,150,310,,,,单电机,后置,(标配)八年或16万公里,,,,EDV,,,
66190,大众ID.7 VIZZION,前交流/异步 后永磁/同步,230,313,472,150,310,,,,双电机,前置+后置,(标配)八年或16万公里,80,162,EDX,EDV,,,
67824,ID.6 CROZZ,永磁/同步,132,180,310,132,310,,,,单电机,后置,(标配)八年或16万公里（可选：首任车主不限年限/里程质保）,,,,,,,
67826,ID.6 CROZZ,永磁/同步,150,204,310,150,310,,,,单电机,后置,(标配)八年或16万公里（可选：首任车主不限年限/里程质保）,,,,,,,
67825,ID.6 CROZZ,永磁/同步,150,204,310,150,310,,,,单电机,后置,(标配)八年或16万公里（可选：首任车主不限年限/里程质保）,,,,,,,
64678,ID.6 CROZZ,前交流/异步 后永磁/同步,230,313,472,150,310,,,,双电机,前置+后置,(标配)八年或16万公里（可选：首任车主不限年限/里程质保）,80,162,,,,,
62714,ID.6 X,永磁/同步,132,180,310,132,310,,,,单电机,后置,(标配)八年或16万公里,,,,,,,
62716,ID.6 X,永磁/同步,150,204,310,150,310,,,,单电机,后置,(标配)八年或16万公里,,,,,,,
62715,ID.6 X,永磁/同步,150,204,310,150,310,,,,单电机,后置,(标配)八年或16万公里,,,,,,,
70633,ID.UNYX 与众,永磁/同步,170,231,310,170,310,,,,单电机,后置,(标配)八年或16万公里,,,,EEV,,大众汽车,
69174,ID.UNYX 与众,永磁/同步,170,231,310,170,310,,,,单电机,后置,(标配)八年或16万公里,,,,EEV,,大众汽车,
69173,ID.UNYX 与众,前交流/异步 后永磁/同步,250,340,472,170,310,,,,双电机,前置+后置,(标配)八年或16万公里,80,162,EDX,EEV,华域麦格纳,大众汽车,
59533,帕萨特新能源,永磁/同步,85,116,330,,,155,211,400,单电机,前置,(标配)八年或12万公里,85,330,,,,,
59532,帕萨特新能源,永磁/同步,85,116,330,,,155,211,400,单电机,前置,(标配)八年或12万公里,85,330,,,,,
54800,迈腾GTE插电混动,,85,116,330,,,155,211,400,单电机,前置,(标配)八年或12万公里,85,330,,,,,
54801,迈腾GTE插电混动,,85,116,330,,,155,211,400,单电机,前置,(标配)八年或12万公里,85,330,,,,,
59087,途观L新能源,永磁/同步,85,116,330,,,155,211,400,单电机,前置,(标配)八年或12万公里,85,330,,,,,
59086,途观L新能源,永磁/同步,85,116,330,,,155,211,400,单电机,前置,(标配)八年或12万公里,85,330,,,,,
55512,途锐新能源,永磁/同步,100,136,350,,,270,367,700,单电机,前置,(标配)待查,100,350,,,,,
66573,探岳GTE插电混动,永磁/同步,85,116,330,,,155,211,400,单电机,前置,(标配)八年或12万公里,85,330,,,,,
62273,奥迪Q5 e-tron,前交流/异步 后永磁/同步,225,,460,,,,,,双电机,前置+后置,(标配)八年或16万公里,,,,,,,
62272,奥迪Q5 e-tron,前交流/异步 后永磁/同步,225,,460,,,,,,双电机,前置+后置,(标配)八年或16万公里,,,,,,,
62271,奥迪Q5 e-tron,永磁/同步,150,,310,150,310,,,,单电机,后置,(标配)八年或16万公里,,,,,,,
68572,奥迪Q5 e-tron,永磁/同步,150,,310,150,310,,,,单电机,后置,(标配)八年或16万公里,,,,,,,
62270,奥迪Q5 e-tron,永磁/同步,150,,310,150,310,,,,单电机,后置,(标配)八年或16万公里,,,,,,,
62267,奥迪Q5 e-tron,永磁/同步,150,,310,150,310,,,,单电机,后置,(标配)八年或16万公里,,,,,,,
68571,奥迪Q5 e-tron,永磁/同步,150,,310,150,310,,,,单电机,后置,(标配)八年或16万公里,,,,,,,
62274,奥迪Q5 e-tron,永磁/同步,150,,310,150,310,,,,单电机,后置,(标配)八年或16万公里,,,,,,,
62268,奥迪Q5 e-tron,永磁/同步,150,,310,150,310,,,,单电机,后置,(标配)八年或16万公里,,,,,,,
62269,奥迪Q5 e-tron,前交流/异步 后永磁/同步,225,,460,,,,,,双电机,前置+后置,(标配)八年或16万公里,,,,,,,
62278,奥迪Q5 e-tron,前交流/异步 后永磁/同步,225,,460,,,,,,双电机,前置+后置,(标配)八年或16万公里,,,,,,,
62277,奥迪Q5 e-tron,前交流/异步 后永磁/同步,225,,460,,,,,,双电机,前置+后置,(标配)八年或16万公里,,,,,,,
62276,奥迪Q5 e-tron,前交流/异步 后永磁/同步,225,,460,,,,,,双电机,前置+后置,(标配)八年或16万公里,,,,,,,
62275,奥迪Q5 e-tron,前交流/异步 后永磁/同步,225,,460,,,,,,双电机,前置+后置,(标配)八年或16万公里,,,,,,,
65049,奥迪Q4 e-tron,永磁/同步,150,204,310,150,310,,,,单电机,后置,(标配)八年或16万公里,,,,,,,
65051,奥迪Q4 e-tron,永磁/同步,150,204,310,150,310,,,,单电机,后置,(标配)八年或16万公里,,,,,,,
65050,奥迪Q4 e-tron,前交流/异步 后永磁/同步,230,313,472,150,310,,,,双电机,前置+后置,(标配)八年或16万公里,80,162,,,,,
65047,奥迪Q4 e-tron,前交流/异步 后永磁/同步,230,313,472,150,310,,,,双电机,前置+后置,(标配)八年或16万公里,80,162,,,,,
63692,奥迪e-tron GT,永磁/同步,390,530,630,320,340,,,,双电机,前置+后置,,175,300,,,,,
55144,奥迪Q2L e-tron,永磁/同步,100,136,290,,,,,,单电机,前置,(标配)八年或12万公里,100,290,,,,,
60410,奥迪RS e-tron GT,永磁/同步,475,646,830,335,550,,,,双电机,前置+后置,(标配)待查,175,300,,,,,
71939,本田CR-V,,135,184,335,,,,,,单电机,前置,,135,335,,,,,
63479,本田CR-V,,135,184,335,,,,,,单电机,前置,,135,335,,,,,
71936,本田CR-V,,,,,,,,,,,,,,,,,,,
63480,本田CR-V,,,,,,,,,,,,,,,,,,,
67569,本田CR-V,,,,,,,,,,,,,,,,,,,
61271,本田CR-V,,,,,,,,,,,,,,,,,,,
71938,本田CR-V,,,,,,,,,,,,,,,,,,,
71942,本田CR-V,,,,,,,,,,,,,,,,,,,
71937,本田CR-V,,,,,,,,,,,,,,,,,,,
71941,本田CR-V,,135,184,335,,,,,,单电机,前置,,135,335,,,,,
71940,本田CR-V,,135,184,335,,,,,,单电机,前置,,135,335,,,,,
67568,本田CR-V,,135,184,335,,,,,,单电机,前置,,135,335,,,,,
60767,思域,,,,,,,,,,,,,,,,,,,
59054,思域,永磁/同步,135,184,315,,,149,203,,单电机,前置,,135,315,,,,,
58217,思域,永磁/同步,135,184,315,,,149,203,,单电机,前置,,135,315,,,,,
53177,思域,永磁/同步,135,184,315,,,149,203,,单电机,前置,,135,315,,,,,
59067,思域,永磁/同步,135,184,315,,,149,203,,单电机,前置,,135,315,,,,,
72008,思域,,,,,,,,,,,,,,,,,,,
71955,思域,,,,,,,,,,,,,,,,,,,
53219,思域,,,,,,,,,,,,,,,,,,,
72011,思域,永磁/同步,135,184,315,,,149,203,,单电机,前置,,135,315,,,,,
53268,思域,永磁/同步,135,184,315,,,149,203,,单电机,前置,,135,315,,,,,
69138,思域,永磁/同步,135,184,315,,,149,203,,单电机,前置,,135,315,,,,,
53266,思域,永磁/同步,135,184,315,,,149,203,,单电机,前置,,135,315,,,,,
59069,思域,永磁/同步,135,184,315,,,149,203,,单电机,前置,,135,315,,,,,
58216,思域,,,,,,,,,,,,,,,,,,,
72009,思域,,,,,,,,,,,,,,,,,,,
59068,思域,,,,,,,,,,,,,,,,,,,
71954,思域,,,,,,,,,,,,,,,,,,,
61020,思域,,,,,,,,,,,,,,,,,,,
53267,思域,,,,,,,,,,,,,,,,,,,
57610,思域,,,,,,,,,,,,,,,,,,,
56676,思域,,,,,,,,,,,,,,,,,,,
62373,思域,,,,,,,,,,,,,,,,,,,
57576,思域,,,,,,,,,,,,,,,,,,,
53265,思域,,,,,,,,,,,,,,,,,,,
57577,思域,,,,,,,,,,,,,,,,,,,
69140,思域,,,,,,,,,,,,,,,,,,,
72010,思域,,,,,,,,,,,,,,,,,,,
63458,奥德赛,,135,,315,,,158,,,单电机,前置,(标配)十年或20万公里,135,315,,,,,
63455,奥德赛,,135,,315,,,158,,,单电机,前置,(标配)十年或20万公里,135,315,,,,,
63453,奥德赛,,135,,315,,,158,,,单电机,前置,(标配)十年或20万公里,135,315,,,,,
63457,奥德赛,,135,,315,,,158,,,单电机,前置,(标配)十年或20万公里,135,315,,,,,
63454,奥德赛,,135,,315,,,158,,,单电机,前置,(标配)十年或20万公里,135,315,,,,,
63459,奥德赛,,135,,315,,,158,,,单电机,前置,(标配)十年或20万公里,135,315,,,,,
63456,奥德赛,,135,,315,,,158,,,单电机,前置,(标配)十年或20万公里,135,315,,,,,
70326,皓影,,,,,,,,,,,,,,,,,,,
70317,皓影,,,,,,,,,,,,,,,,,,,
70319,皓影,,,,,,,,,,,,,,,,,,,
70322,皓影,,,,,,,,,,,,,,,,,,,
70325,皓影,,,,,,,,,,,,,,,,,,,
70324,皓影,永磁/同步,135,184,335,,,,,,单电机,前置,(标配)十年或20万公里,135,335,,,,,
70323,皓影,永磁/同步,135,184,335,,,,,,单电机,前置,(标配)十年或20万公里,135,335,,,,,
70321,皓影,永磁/同步,135,184,335,,,,,,单电机,前置,(标配)十年或20万公里,135,335,,,,,
70320,皓影,永磁/同步,135,184,335,,,,,,单电机,前置,(标配)十年或20万公里,135,335,,,,,
70318,皓影,永磁/同步,135,184,335,,,,,,单电机,前置,(标配)十年或20万公里,135,335,,,,,
63833,艾力绅,,135,184,315,,,158,215,,单电机,前置,(标配)十年或20万公里,135,315,,,,,
63832,艾力绅,,135,184,315,,,158,215,,单电机,前置,(标配)十年或20万公里,135,315,,,,,
63830,艾力绅,,135,184,315,,,158,215,,单电机,前置,(标配)十年或20万公里,135,315,,,,,
63831,艾力绅,,135,184,315,,,158,215,,单电机,前置,(标配)十年或20万公里,135,315,,,,,
58225,型格,,135,184,315,,,149,203,,单电机,前置,,135,315,,,,,
60060,型格,,135,184,315,,,149,203,,单电机,前置,,135,315,,,,,
62353,型格,,135,184,315,,,149,203,,单电机,前置,,135,315,,,,,
65960,型格,,,,,,,,,,,,,,,,,,,
60057,型格,,,,,,,,,,,,,,,,,,,
61495,型格,,,,,,,,,,,,,,,,,,,
60062,型格,,,,,,,,,,,,,,,,,,,
72192,型格,,,,,,,,,,,,,,,,,,,
72258,型格,,135,184,315,,,149,203,,单电机,前置,,135,315,,,,,
72259,型格,,135,184,315,,,149,203,,单电机,前置,,135,315,,,,,
62348,型格,,135,184,315,,,149,203,,单电机,前置,,135,315,,,,,
62347,型格,,135,184,315,,,149,203,,单电机,前置,,135,315,,,,,
58226,型格,,135,184,315,,,149,203,,单电机,前置,,135,315,,,,,
62352,型格,,,,,,,,,,,,,,,,,,,
72260,型格,,,,,,,,,,,,,,,,,,,
60058,型格,,,,,,,,,,,,,,,,,,,
72123,型格,,,,,,,,,,,,,,,,,,,
62350,型格,,,,,,,,,,,,,,,,,,,
58227,型格,,,,,,,,,,,,,,,,,,,
62351,型格,,,,,,,,,,,,,,,,,,,
72261,型格,,,,,,,,,,,,,,,,,,,
72122,型格,,,,,,,,,,,,,,,,,,,
60061,型格,,,,,,,,,,,,,,,,,,,
62346,型格,,,,,,,,,,,,,,,,,,,
62349,型格,,,,,,,,,,,,,,,,,,,
58208,本田HR-V,,,,,,,,,,,,,,,,,,,
58207,本田HR-V,永磁/同步,135,184,315,,,,,,单电机,前置,,135,315,,,,,
62493,本田HR-V,永磁/同步,135,184,315,,,,,,单电机,前置,,135,315,,,,,
62490,本田HR-V,永磁/同步,135,184,315,,,,,,单电机,前置,,135,315,,,,,
62492,本田HR-V,永磁/同步,135,184,315,,,,,,单电机,前置,,135,315,,,,,
62494,本田HR-V,,,,,,,,,,,,,,,,,,,
58209,本田HR-V,,,,,,,,,,,,,,,,,,,
67567,本田HR-V,,,,,,,,,,,,,,,,,,,
60968,本田HR-V,,,,,,,,,,,,,,,,,,,
63162,雅阁新能源,永磁/同步,135,184,335,,,,,,单电机,前置,(标配)八年或15万公里,135,335,,,,,
66585,雅阁新能源,永磁/同步,135,184,335,,,,,,单电机,前置,(标配)八年或15万公里,135,335,,,,,
61278,雅阁新能源,永磁/同步,135,184,335,,,,,,单电机,前置,(标配)八年或15万公里,135,335,,,,,
63163,雅阁新能源,永磁/同步,135,184,335,,,,,,单电机,前置,(标配)八年或15万公里,135,335,,,,,
72619,广汽Honda P7,永磁/同步,200,272,420,200,420,,,,单电机,后置,(标配)八年或15万公里,,,,TZ220XSAMCF81,,联合电子,
71067,广汽Honda P7,永磁/同步,200,272,420,200,420,,,,单电机,后置,(标配)八年或15万公里,,,,TZ220XSAMCF81,,联合电子,
67766,广汽Honda P7,永磁/同步,350,476,770,200,420,,,,双电机,前置+后置,(标配)八年或15万公里,150,350,TZ210XSAMCFA1,TZ220XSAMCF81,联合电子,联合电子,
63257,凌派,,,,,,,,,,,,,,,,,,,
63260,凌派,,,,,,,,,,,,,,,,,,,
63259,凌派,,,,,,,,,,,,,,,,,,,
63258,凌派,,96,131,267,,,113,154,,单电机,前置,(标配)待查,96,267,,,,,
63255,凌派,,96,131,267,,,113,154,,单电机,前置,(标配)待查,96,267,,,,,
63256,凌派,,96,131,267,,,113,154,,单电机,前置,(标配)待查,96,267,,,,,
67767,东风本田S7,永磁/同步,200,272,420,200,420,,,,单电机,后置,(标配)八年或15万公里,,,,TZ220XSAMCF81,,联合电子,
71976,东风本田S7,永磁/同步,350,476,770,200,420,,,,双电机,前置+后置,(标配)八年或15万公里,150,350,TZ210XSAMCFA1,TZ220XSAMCF81,联合电子,联合电子,
59442,本田CR-V新能源,交流/同步,135,184,335,,,,,,单电机,前置,,135,335,,,,,
59426,本田CR-V新能源,交流/同步,135,184,335,,,,,,单电机,前置,,135,335,,,,,
59443,本田CR-V新能源,交流/同步,135,184,335,,,,,,单电机,前置,,135,335,,,,,
56263,享域,,,,,,,,,,,,,,,,,,,
56261,享域,,,,,,,,,,,,,,,,,,,
56245,享域,,,,,,,,,,,,,,,,,,,
56264,享域,,,,,,,,,,,,,,,,,,,
56262,享域,,96,,267,,,113,,,单电机,前置,(标配)待查,96,267,,,,,
56266,享域,,96,,267,,,113,,,单电机,前置,(标配)待查,96,267,,,,,
56265,享域,,96,,267,,,113,,,单电机,前置,(标配)待查,96,267,,,,,
56243,享域,,96,,267,,,113,,,单电机,前置,(标配)待查,96,267,,,,,
60089,ZR-V 致在,永磁/同步,135,184,315,,,149,203,,单电机,前置,,135,315,,,,,
61681,ZR-V 致在,永磁/同步,135,184,315,,,149,203,,单电机,前置,,135,315,,,,,
59200,ZR-V 致在,永磁/同步,135,184,315,,,149,203,,单电机,前置,,135,315,,,,,
56936,ZR-V 致在,永磁/同步,135,184,315,,,149,203,,单电机,前置,,135,315,,,,,
57092,ZR-V 致在,,,,,,,,,,,,,,,,,,,
62515,ZR-V 致在,,,,,,,,,,,,,,,,,,,
61680,ZR-V 致在,,,,,,,,,,,,,,,,,,,
60088,ZR-V 致在,,,,,,,,,,,,,,,,,,,
59188,ZR-V 致在,,,,,,,,,,,,,,,,,,,
70327,皓影新能源,永磁/同步,135,184,335,,,,,,单电机,前置,(标配)八年或15万公里,135,335,,,,,
70329,皓影新能源,永磁/同步,135,184,335,,,,,,单电机,前置,(标配)八年或15万公里,135,335,,,,,
70328,皓影新能源,永磁/同步,135,184,335,,,,,,单电机,前置,(标配)八年或15万公里,135,335,,,,,
66474,e:NP2 极湃2,永磁/同步,150,204,310,,,,,,单电机,前置,(标配)八年或15万公里,150,310,TZ190HSAMCF61,,纬湃汽车电子(天津),,
63681,英仕派新能源,永磁/同步,135,184,335,,,,,,单电机,前置,,135,335,,,,,
61886,英仕派新能源,永磁/同步,135,184,335,,,,,,单电机,前置,,135,335,,,,,
53666,本田e:NS1,永磁/同步,134,182,310,,,,,,单电机,前置,(标配)八年或15万公里,134,310,,,,,
56138,本田e:NS1,永磁/同步,134,182,310,,,,,,单电机,前置,(标配)八年或15万公里,134,310,,,,,
56791,本田e:NS1,永磁/同步,150,204,310,,,,,,单电机,前置,(标配)八年或15万公里,150,310,,,,,
56565,本田e:NS1,永磁/同步,150,204,310,,,,,,单电机,前置,(标配)八年或15万公里,150,310,,,,,
57030,e:NP1 极湃1,永磁/同步,134,182,310,,,,,,单电机,前置,(标配)八年或15万公里,134,310,,,,,
57412,e:NP1 极湃1,永磁/同步,134,182,310,,,,,,单电机,前置,(标配)八年或15万公里,134,310,,,,,
57414,e:NP1 极湃1,永磁/同步,150,204,310,,,,,,单电机,前置,(标配)八年或15万公里,150,310,,,,,
57415,e:NP1 极湃1,永磁/同步,150,204,310,,,,,,单电机,前置,(标配)八年或15万公里,150,310,,,,,
68032,猎光e:NS2,永磁/同步,150,204,310,,,,,,单电机,前置,(标配)首任车主十年不限公里（责任免除条款以官方为准）,150,310,TZ190HSAMCF61,,纬湃汽车,,
68031,猎光e:NS2,永磁/同步,150,204,310,,,,,,单电机,前置,(标配)首任车主十年不限公里（责任免除条款以官方为准）,150,310,TZ190HSAMCF61,,纬湃汽车,,
68033,猎光e:NS2,永磁/同步,150,204,310,,,,,,单电机,前置,(标配)首任车主十年不限公里（责任免除条款以官方为准）,150,310,TZ190HSAMCF61,,纬湃汽车,,
66473,猎光e:NS2,永磁/同步,150,204,310,,,,,,单电机,前置,(标配)首任车主十年不限公里（责任免除条款以官方为准）,150,310,TZ190HSAMCF61,,纬湃汽车,,
68308,保时捷911,,,,,,,,,,,,,,,,,,,
70029,保时捷911,,,,,,,,,,,,,,,,,,,
68523,保时捷911,,,,,,,,,,,,,,,,,,,
68526,保时捷911,永磁/同步,41,56,,,,398,541,610,单电机,后置,,,,,,,,
57794,保时捷911,永磁/同步,41,56,,,,398,541,610,单电机,后置,,,,,,,,
60599,保时捷911,永磁/同步,41,56,,,,398,541,610,单电机,后置,,,,,,,,
57799,保时捷911,永磁/同步,41,56,,,,398,541,610,单电机,后置,,,,,,,,
57793,保时捷911,永磁/同步,41,56,,,,398,541,610,单电机,后置,,,,,,,,
68522,保时捷911,,,,,,,,,,,,,,,,,,,
57800,保时捷911,,,,,,,,,,,,,,,,,,,
70415,保时捷911,,,,,,,,,,,,,,,,,,,
63210,保时捷911,,,,,,,,,,,,,,,,,,,
57797,保时捷911,,,,,,,,,,,,,,,,,,,
57801,保时捷911,,,,,,,,,,,,,,,,,,,
60167,保时捷911,,,,,,,,,,,,,,,,,,,
70553,保时捷911,,,,,,,,,,,,,,,,,,,
69490,保时捷911,,,,,,,,,,,,,,,,,,,
57792,保时捷911,,,,,,,,,,,,,,,,,,,
57798,保时捷911,,,,,,,,,,,,,,,,,,,
68527,保时捷911,,,,,,,,,,,,,,,,,,,
57796,保时捷911,,,,,,,,,,,,,,,,,,,
57802,保时捷911,,,,,,,,,,,,,,,,,,,
68524,保时捷911,,,,,,,,,,,,,,,,,,,
57795,保时捷911,,,,,,,,,,,,,,,,,,,
68520,保时捷911,,,,,,,,,,,,,,,,,,,
57803,保时捷911,,,,,,,,,,,,,,,,,,,
67097,Taycan,永磁/同步,300,408,410,300,410,,,,单电机,后置,,,,,,,,
66694,Taycan,永磁/同步,380,517,710,,,,,,双电机,前置+后置,,,,,,,,
66696,Taycan,永磁/同步,515,700,790,,,,,,双电机,前置+后置,,,,,,,,
67096,Taycan,永磁/同步,650,884,940,,,,,,双电机,前置+后置,,,,,,,,
70717,Taycan,永磁/同步,700,952,1110,,,,,,双电机,前置+后置,,,,,,,,
66697,Taycan,永磁/同步,760,1034,1300,,,,,,双电机,前置+后置,,,,,,,,
67999,Taycan,永磁/同步,760,1034,1300,,,,,,双电机,前置+后置,,,,,,,,
66590,Taycan,永磁/同步,320,435,585,,,,,,双电机,前置+后置,,,,,,,,
67098,Taycan,永磁/同步,440,598,695,,,,,,双电机,前置+后置,,,,,,,,
67099,Taycan,永磁/同步,650,884,940,,,,,,双电机,前置+后置,,,,,,,,
68381,Cayenne新能源,永磁/同步,100,136,400,100,400,293,398,650,单电机,后置,(标配)八年或16万公里,,,,,,,
64514,Cayenne新能源,永磁/同步,100,136,400,100,400,293,398,650,单电机,后置,(标配)八年或16万公里,,,,,,,
68383,Cayenne新能源,永磁/同步,130,177,460,130,460,382,520,750,单电机,后置,(标配)八年或16万公里,,,,,,,
65016,Cayenne新能源,永磁/同步,130,177,460,130,460,382,520,750,单电机,后置,(标配)八年或16万公里,,,,,,,
68385,Cayenne新能源,永磁/同步,130,176,460,130,460,544,739,950,单电机,后置,(标配)八年或16万公里,,,,,,,
62501,Cayenne新能源,永磁/同步,130,176,460,130,460,544,739,950,单电机,后置,(标配)八年或16万公里,,,,,,,
64513,Cayenne新能源,永磁/同步,100,136,400,100,400,293,398,650,单电机,后置,(标配)八年或16万公里,,,,,,,
68382,Cayenne新能源,永磁/同步,100,136,400,100,400,293,398,650,单电机,后置,(标配)八年或16万公里,,,,,,,
68384,Cayenne新能源,永磁/同步,130,177,460,130,460,382,520,750,单电机,后置,(标配)八年或16万公里,,,,,,,
62500,Cayenne新能源,永磁/同步,130,177,460,130,460,382,520,750,单电机,后置,(标配)八年或16万公里,,,,,,,
65015,Cayenne新能源,永磁/同步,130,176,460,130,460,544,739,950,单电机,后置,(标配)八年或16万公里,,,,,,,
68386,Cayenne新能源,永磁/同步,130,176,460,130,460,544,739,950,单电机,后置,(标配)八年或16万公里,,,,,,,
60569,Macan新能源,永磁/同步,300,408,650,,,,,,双电机,前置+后置,,,,,,,,
72223,Macan新能源,永磁/同步,265,360,563,,,,,,单电机,后置,,,,,,,,
69233,Macan新能源,永磁/同步,300,408,650,,,,,,双电机,前置+后置,,,,,,,,
66569,Macan新能源,永磁/同步,470,639,1130,,,,,,双电机,前置+后置,,,,,,,,
56918,Panamera新能源,,140,190,450,140,450,346,470,650,单电机,后置,,,,,,,,
67461,Panamera新能源,,140,190,450,140,450,346,470,650,单电机,后置,,,,,,,,
56917,Panamera新能源,,140,190,450,140,450,400,544,750,单电机,后置,,,,,,,,
67460,Panamera新能源,,140,190,450,140,450,500,680,930,单电机,后置,,,,,,,,
59233,Panamera新能源,,140,190,450,140,450,500,680,930,单电机,后置,,,,,,,,
56910,Panamera新能源,,100,,400,,,340,,700,单电机,后置,(标配)八年或16万公里,,,,,,,
56912,Panamera新能源,,100,,400,,,340,,700,单电机,后置,(标配)八年或16万公里,,,,,,,
67462,Panamera新能源,,100,,400,,,340,,700,单电机,后置,(标配)八年或16万公里,,,,,,,
66022,Panamera新能源,,100,,400,,,340,,700,单电机,后置,(标配)八年或16万公里,,,,,,,
59234,Panamera新能源,,100,,400,,,340,,700,单电机,后置,(标配)八年或16万公里,,,,,,,
64338,Panamera新能源,,100,,400,,,412,,750,单电机,后置,(标配)八年或16万公里,,,,,,,
56913,Panamera新能源,,100,,400,,,412,,750,单电机,后置,(标配)八年或16万公里,,,,,,,
56919,Panamera新能源,,100,,400,,,515,,870,单电机,后置,(标配)八年或16万公里,,,,,,,
72016,Model Y,永磁/同步,220,299,440,220,440,,,,单电机,后置,(标配)八年或16万公里,,,,4D3,,特斯拉,
72017,Model Y,前感应/异步 后永磁/同步,331,450,559,194,340,,,,双电机,前置+后置,(标配)八年或19.2万公里,137,219,3D3,3D7,特斯拉,特斯拉,
71369,Model 3,永磁/同步,194,264,340,194,340,,,,单电机,后置,(标配)八年或16万公里,,,,3D7,,特斯拉,
67550,Model 3,前感应/异步 后永磁/同步,343,466,723,265,,,,,双电机,前置+后置,(标配)八年或19.2万公里,137,,3D3,4D2,特斯拉,特斯拉,
64538,Model 3,前感应/异步 后永磁/同步,331,450,559,194,340,,,,双电机,前置+后置,(标配)八年或19.2万公里,137,219,3D3,3D7,特斯拉,特斯拉,
61092,Model S,前永磁/同步 后交流/异步,442,670,,,,,,,双电机,前置+后置,(标配)八年或24万公里,,,3D8,3D1,,,
61210,Model S,前永磁/同步 后交流/异步,590,1020,,,,,,,三电机,前置+后置,(标配)八年或24万公里,,,5D1,5D2,,,
61211,Model X,前永磁/同步 后交流/异步,442,670,,,,,,,双电机,前置+后置,(标配)八年或24万公里,,,3D8,3D1,,,
61093,Model X,前永磁/同步 后交流/异步,590,1020,,,,,,,三电机,前置+后置,(标配)八年或24万公里,,,5D1,5D2,,,
63903,红旗H5,,,,,,,,,,,,,,,,,,,
69177,红旗H5,,,,,,,,,,,,,,,,,,,
63902,红旗H5,,,,,,,,,,,,,,,,,,,
63907,红旗H5,永磁/同步,140,190,280,,,,,,单电机,前置,,140,280,,,,,
69340,红旗H5,永磁/同步,140,190,280,,,,,,单电机,前置,,140,280,,,,,
69242,红旗H5,永磁/同步,140,190,280,,,,,,单电机,前置,,140,280,,,,,
69321,红旗H5,,,,,,,,,,,,,,,,,,,
70019,红旗H5,,,,,,,,,,,,,,,,,,,
63905,红旗H5,,,,,,,,,,,,,,,,,,,
63908,红旗H5,,,,,,,,,,,,,,,,,,,
63909,红旗H5,,,,,,,,,,,,,,,,,,,
70017,红旗H5,,,,,,,,,,,,,,,,,,,
70015,红旗H5,永磁/同步,140,190,280,,,,,,单电机,前置,,140,280,,,,,
63906,红旗H5,永磁/同步,140,190,280,,,,,,单电机,前置,,140,280,,,,,
63904,红旗H5,永磁/同步,140,190,280,,,,,,单电机,前置,,140,280,,,,,
70018,红旗H5,,,,,,,,,,,,,,,,,,,
70016,红旗H5,,,,,,,,,,,,,,,,,,,
69339,红旗H5,,,,,,,,,,,,,,,,,,,
71604,红旗天工05,永磁/同步,210,286,317,210,317,,,,单电机,后置,(标配)八年或15万公里,,,,,,,(标配)终身质保/非营运（责任免除条款以官方为准）
71948,红旗天工05,永磁/同步,210,286,317,210,317,,,,单电机,后置,(标配)八年或15万公里,,,,,,,(标配)终身质保/非营运（责任免除条款以官方为准）
71947,红旗天工05,永磁/同步,210,286,317,210,317,,,,单电机,后置,(标配)八年或15万公里,,,,,,,(标配)终身质保/非营运（责任免除条款以官方为准）
70751,红旗天工05,永磁/同步,210,286,317,210,317,,,,单电机,后置,(标配)八年或15万公里,,,,,,,(标配)终身质保/非营运（责任免除条款以官方为准）
63687,红旗HS3,,,,,,,,,,,,,,,,,,,
63841,红旗HS3,,,,,,,,,,,,,,,,,,,
63607,红旗HS3,,,,,,,,,,,,,,,,,,,
69593,红旗HS3,,,,,,,,,,,,,,,,,,,
69591,红旗HS3,,,,,,,,,,,,,,,,,,,
61560,红旗HS3,,,,,,,,,,,,,,,,,,,
69590,红旗HS3,永磁/同步,140,190,280,,,,,,单电机,前置,,140,280,,,,,
63436,红旗HS3,,,,,,,,,,,,,,,,,,,
69592,红旗HS3,,,,,,,,,,,,,,,,,,,
67736,红旗国雅,永磁/同步,160,218,281,,,,,,单电机,,,,,,,,,
67737,红旗国雅,永磁/同步,160,218,281,,,,,,单电机,,,,,,,,,
69707,红旗HS7 PHEV,,168,228,340,,,,0,,单电机,前置,,168,340,CAM220PT15,,,,
72395,红旗HS7 PHEV,,168,228,340,,,,0,,单电机,前置,,168,340,CAM220PT15,,,,
69706,红旗HS7 PHEV,,238,324,,70,160,358,487,,双电机,前置+后置,,168,340,CAM220PT15,CAM190PT1,,,
69072,红旗HS7 PHEV,,238,324,,70,160,358,487,,双电机,前置+后置,,168,340,CAM220PT15,CAM190PT1,,,
66660,红旗HS7 PHEV,,238,324,,70,160,358,487,,双电机,前置+后置,,168,340,CAM220PT15,CAM190PT1,,,
72394,红旗HS7 PHEV,,238,324,,70,160,358,487,,双电机,前置+后置,,168,340,CAM220PT15,CAM190PT1,,,
67710,红旗E-QM5,永磁/同步,100,136,260,,,,,,单电机,前置,(标配)五年或50万公里,100,260,CAM210PT6,,株洲中车时代电气,,
67711,红旗E-QM5,永磁/同步,100,136,260,,,,,,单电机,前置,(标配)八年或80万公里,100,260,CAM210PT6,,株洲中车时代电气,,
56058,红旗E-QM5,永磁/同步,100,136,260,,,,,,单电机,前置,(标配)八年或80万公里,100,260,CAM210PT6,,株洲中车时代电气,,
67051,红旗E-QM5,永磁/同步,100,136,260,,,,,,单电机,前置,(标配)八年或15万公里,100,260,CAM210PT6,,株洲中车时代电气,,
67709,红旗E-QM5,永磁/同步,100,136,,,,,,,单电机,前置,(标配)八年或60万公里,100,,,,,,
67738,红旗HS3 PHEV,永磁/同步,140,190,280,,,,,,单电机,前置,,140,280,CAM220PT4,,,,
66441,红旗天工08,永磁/同步,253,344,450,253,450,,,,单电机,后置,,,,,CAM220PT8,,中国第一汽车集团,
72443,红旗天工08,永磁/同步,455,619,756,253,450,,,,双电机,前置+后置,,202,,CAM190PT2,CAM220PT8,中国第一汽车集团,中国第一汽车集团,
71322,红旗天工08,永磁/同步,253,344,450,253,450,,,,单电机,后置,,,,,CAM220PT8,,中国第一汽车集团,
72444,红旗天工08,永磁/同步,253,344,450,253,450,,,,单电机,后置,,,,,CAM220PT8,,中国第一汽车集团,
66466,红旗天工08,永磁/同步,455,619,756,253,450,,,,双电机,前置+后置,,202,,CAM190PT2,CAM220PT8,中国第一汽车集团,中国第一汽车集团,
71321,红旗天工08,永磁/同步,253,344,450,253,450,,,,单电机,后置,,,,,CAM220PT8,,中国第一汽车集团,
71320,红旗天工08,永磁/同步,455,619,756,253,450,,,,双电机,前置+后置,,202,,CAM190PT2,CAM220PT8,中国第一汽车集团,中国第一汽车集团,
67052,红旗E-HS9,永磁/同步,320,435,600,160,300,,,,双电机,前置+后置,(标配)八年或16万公里,160,300,CAM220PT2,CAM220PT2,精进电动,精进电动,
69768,红旗E-HS9,永磁/同步,320,435,600,160,300,,,,双电机,前置+后置,(标配)八年或16万公里,160,300,CAM220PT2,CAM220PT2,精进电动,精进电动,
69770,红旗E-HS9,永磁/同步,405,551,750,245,450,,,,双电机,前置+后置,(标配)八年或16万公里,160,300,CAM220PT2,CAM250PT1,精进电动,精进电动,
67054,红旗E-HS9,永磁/同步,405,551,750,245,450,,,,双电机,前置+后置,(标配)八年或16万公里,160,300,CAM220PT2,CAM250PT1,精进电动,精进电动,
69769,红旗E-HS9,永磁/同步,320,435,600,160,300,,,,双电机,前置+后置,(标配)八年或16万公里,160,300,CAM220PT2,CAM220PT2,精进电动,精进电动,
67055,红旗E-HS9,永磁/同步,320,435,600,160,300,,,,双电机,前置+后置,(标配)八年或16万公里,160,300,CAM220PT2,CAM220PT2,精进电动,精进电动,
69767,红旗E-HS9,永磁/同步,405,551,750,245,450,,,,双电机,前置+后置,(标配)八年或16万公里,160,300,CAM220PT2,CAM250PT1,精进电动,精进电动,
67053,红旗E-HS9,永磁/同步,405,551,750,245,450,,,,双电机,前置+后置,(标配)八年或16万公里,160,300,CAM220PT2,CAM250PT1,精进电动,精进电动,
67489,红旗HQ9 PHEV,,210,286,,70,,300,408,820,双电机,前置+后置,,140,,CAM220PT4,CAM190PT1,,,
64594,红旗HQ9 PHEV,,210,286,,70,,300,408,820,双电机,前置+后置,,140,,CAM220PT4,CAM190PT1,,,
67490,红旗HQ9 PHEV,,210,286,,70,,300,408,820,双电机,前置+后置,,140,,CAM220PT4,CAM190PT1,,,
67297,红旗EH7,永磁/同步,253,344,450,253,450,,,,单电机,后置,,,,,CAM220PT8,,中国一汽,
69710,红旗EH7,永磁/同步,253,344,450,253,450,,,,单电机,后置,,,,,CAM220PT8,,中国一汽,
69709,红旗EH7,永磁/同步,455,619,756,253,450,,,,双电机,前置+后置,,202,306,CAM190PT2,CAM220PT8,中国一汽,中国一汽,
66954,红旗EH7,永磁/同步,253,344,450,253,450,,,,单电机,后置,,,,,CAM220PT8,,中国一汽,
67298,红旗EH7,永磁/同步,455,619,756,253,450,,,,双电机,前置+后置,,202,306,CAM190PT2,CAM220PT8,中国一汽,中国一汽,
65254,红旗EH7,永磁/同步,253,344,450,253,450,,,,单电机,后置,,,,,CAM220PT8,,中国一汽,
69713,红旗EH7,永磁/同步,253,344,450,253,450,,,,单电机,后置,,,,,CAM220PT8,,中国一汽,
65253,红旗EH7,永磁/同步,455,619,756,253,450,,,,双电机,前置+后置,,202,306,CAM190PT2,CAM220PT8,中国一汽,中国一汽,
69711,红旗EH7,永磁/同步,253,344,450,253,450,,,,单电机,后置,,,,,CAM220PT8,,中国一汽,
69712,红旗EH7,永磁/同步,455,619,756,253,450,,,,双电机,前置+后置,,202,306,CAM190PT2,CAM220PT8,中国一汽,中国一汽,
1020495,红旗国悦新能源,永磁/同步,180,245,410,180,410,,,,单电机,后置,,,,,,,,
1020496,红旗国悦新能源,永磁/同步,180,245,410,180,410,,,,单电机,后置,,,,,,,,
66312,凯美瑞,永磁/同步,83,113,206,,,145,197,,单电机,前置,,,,,,,,
67022,凯美瑞,永磁/同步,83,113,206,,,145,197,,单电机,前置,,,,,,,,
71194,凯美瑞,永磁/同步,100,136,208,,,169,230,,单电机,前置,,100,208,,,,,
66314,凯美瑞,永磁/同步,100,136,208,,,169,230,,单电机,前置,,100,208,,,,,
67023,凯美瑞,永磁/同步,83,113,206,,,145,197,,单电机,前置,,,,,,,,
71005,凯美瑞,永磁/同步,83,113,206,,,145,197,,单电机,前置,,,,,,,,
66313,凯美瑞,永磁/同步,83,113,206,,,145,197,,单电机,前置,,,,,,,,
66310,凯美瑞,永磁/同步,83,113,206,,,145,197,,单电机,前置,,,,,,,,
65877,凯美瑞,永磁/同步,83,113,206,,,145,197,,单电机,前置,,,,,,,,
66311,凯美瑞,,,,,,,,,,,,,,,,,,,
65749,凯美瑞,,,,,,,,,,,,,,,,,,,
65878,凯美瑞,,,,,,,,,,,,,,,,,,,
72518,凯美瑞,,,,,,,,,,,,,,,,,,,
65938,凯美瑞,永磁/同步,100,136,208,,,169,230,,单电机,前置,,100,208,,,,,
66647,凯美瑞,永磁/同步,100,136,208,,,169,230,,单电机,前置,,100,208,,,,,
72519,凯美瑞,永磁/同步,100,136,208,,,169,230,,单电机,前置,,100,208,,,,,
67254,赛那SIENNA,永磁/同步,134,182,270,,,181,246,,单电机,前置,,134,270,,,,,
67252,赛那SIENNA,永磁/同步,134,182,270,,,181,246,,单电机,前置,,134,270,,,,,
66455,赛那SIENNA,永磁/同步,134,182,270,,,181,246,,单电机,前置,,134,270,,,,,
67256,赛那SIENNA,永磁/同步,174,237,391,40,121,181,246,,双电机,前置+后置,,134,270,,,,,
67257,赛那SIENNA,永磁/同步,134,182,270,,,181,246,,单电机,前置,,134,270,,,,,
67251,赛那SIENNA,永磁/同步,174,237,391,40,121,181,246,,双电机,前置+后置,,134,270,,,,,
67253,赛那SIENNA,永磁/同步,134,182,270,,,181,246,,单电机,前置,,134,270,,,,,
67930,赛那SIENNA,永磁/同步,134,182,270,,,181,246,,单电机,前置,,134,270,,,,,
67255,赛那SIENNA,永磁/同步,134,182,270,,,181,246,,单电机,前置,,134,270,,,,,
68219,汉兰达,永磁/同步,134,182,270,,,181,246,,单电机,前置,,134,270,,,,,
68216,汉兰达,永磁/同步,134,182,270,,,181,246,,单电机,前置,,134,270,,,,,
68555,汉兰达,永磁/同步,134,182,270,,,181,246,,单电机,前置,,134,270,,,,,
68218,汉兰达,永磁/同步,134,182,270,,,181,246,,单电机,前置,,134,270,,,,,
68217,汉兰达,永磁/同步,174,237,391,40,121,181,246,,双电机,前置+后置,,134,270,,,,,
68554,汉兰达,永磁/同步,174,237,391,40,121,181,246,,双电机,前置+后置,,134,270,,,,,
68556,汉兰达,永磁/同步,174,237,391,40,121,181,246,,双电机,前置+后置,,134,270,,,,,
68215,汉兰达,永磁/同步,174,237,391,40,121,181,246,,双电机,前置+后置,,134,270,,,,,
68553,汉兰达,,,,,,,,,,,,,,,,,,,
68220,汉兰达,,,,,,,,,,,,,,,,,,,
68221,汉兰达,,,,,,,,,,,,,,,,,,,
68453,RAV4荣放,,,,,,,,,,,,,,,,,,,
68451,RAV4荣放,,,,,,,,,,,,,,,,,,,
68450,RAV4荣放,,,,,,,,,,,,,,,,,,,
68454,RAV4荣放,,,,,,,,,,,,,,,,,,,
68449,RAV4荣放,,,,,,,,,,,,,,,,,,,
68456,RAV4荣放,永磁/同步,88,,202,,,160,218,,单电机,前置,,88,202,,,,,
68457,RAV4荣放,永磁/同步,128,,323,40,121,163,222,,双电机,前置+后置,,88,202,,,,,
71930,普拉多,永磁/同步,40,54,290,,,243,330,630,单电机,前置,,40,290,,,,,
66837,普拉多,永磁/同步,40,54,290,,,243,330,630,单电机,前置,,40,290,,,,,
71959,普拉多,永磁/同步,40,54,290,,,243,330,630,单电机,前置,,40,290,,,,,
66898,普拉多,永磁/同步,40,54,290,,,243,330,630,单电机,前置,,40,290,,,,,
64019,普拉多,永磁/同步,40,54,290,,,243,330,630,单电机,前置,,40,290,,,,,
71958,普拉多,永磁/同步,40,54,290,,,243,330,630,单电机,前置,,40,290,,,,,
66836,普拉多,永磁/同步,40,54,290,,,243,330,630,单电机,前置,,40,290,,,,,
71960,普拉多,永磁/同步,40,54,290,,,243,330,630,单电机,前置,,40,290,,,,,
66838,普拉多,永磁/同步,40,54,290,,,243,330,630,单电机,前置,,40,290,,,,,
67204,亚洲龙,,,,,,,,,,,,,,,,,,,
68975,亚洲龙,,,,,,,,,,,,,,,,,,,
68974,亚洲龙,,,,,,,,,,,,,,,,,,,
68978,亚洲龙,永磁/同步,83,113,206,,,145,197,,单电机,前置,,83,206,,,,,
67206,亚洲龙,永磁/同步,83,113,206,,,145,197,,单电机,前置,,83,206,,,,,
68977,亚洲龙,永磁/同步,83,113,206,,,145,197,,单电机,前置,,83,206,,,,,
68976,亚洲龙,永磁/同步,83,113,206,,,145,197,,单电机,前置,,83,206,,,,,
68979,亚洲龙,永磁/同步,100,136,208,,,172,234,,单电机,前置,,100,208,,,,,
67205,亚洲龙,永磁/同步,100,136,208,,,172,234,,单电机,前置,,100,208,,,,,
63170,卡罗拉,永磁/同步,70,95,185,,,101,137,,单电机,前置,(标配)八年或20万公里,70,185,,,,,
63173,卡罗拉,永磁/同步,70,95,185,,,101,137,,单电机,前置,(标配)八年或20万公里,70,185,,,,,
68964,卡罗拉,永磁/同步,70,95,185,,,101,137,,单电机,前置,(标配)八年或20万公里,70,185,,,,,
63177,卡罗拉,,,,,,,,,,,,,,,,,,,
63175,卡罗拉,,,,,,,,,,,,,,,,,,,
67629,卡罗拉,,,,,,,,,,,,,,,,,,,
67631,卡罗拉,永磁/同步,70,95,185,,,101,137,,单电机,前置,(标配)八年或20万公里,70,185,,,,,
67630,卡罗拉,永磁/同步,70,95,185,,,101,137,,单电机,前置,(标配)八年或20万公里,70,185,,,,,
63174,卡罗拉,永磁/同步,70,95,185,,,101,137,,单电机,前置,(标配)八年或20万公里,70,185,,,,,
60976,卡罗拉,,,,,,,,,,,,,,,,,,,
63176,卡罗拉,,,,,,,,,,,,,,,,,,,
68962,卡罗拉,,,,,,,,,,,,,,,,,,,
68963,卡罗拉,,,,,,,,,,,,,,,,,,,
63172,卡罗拉,,,,,,,,,,,,,,,,,,,
63171,卡罗拉,,,,,,,,,,,,,,,,,,,
68951,锋兰达,,,,,,,,,,,,,,,,,,,
68930,锋兰达,,,,,,,,,,,,,,,,,,,
68932,锋兰达,,,,,,,,,,,,,,,,,,,
68931,锋兰达,,,,,,,,,,,,,,,,,,,
68952,锋兰达,,,,,,,,,,,,,,,,,,,
68953,锋兰达,,,,,,,,,,,,,,,,,,,
71236,锋兰达,,,,,,,,,,,,,,,,,,,
68950,锋兰达,永磁/同步,83,113,206,,,144,196,,单电机,前置,,83,206,,,,,
68933,锋兰达,永磁/同步,83,113,206,,,144,196,,单电机,前置,,83,206,,,,,
71250,锋兰达,永磁/同步,83,113,206,,,144,196,,单电机,前置,,83,206,,,,,
68929,锋兰达,永磁/同步,83,113,206,,,144,196,,单电机,前置,,83,206,,,,,
67133,格瑞维亚,永磁/同步,134,182,270,,,181,246,,单电机,前置,,134,270,,,,,
67129,格瑞维亚,永磁/同步,134,182,270,,,181,246,,单电机,前置,,134,270,,,,,
67130,格瑞维亚,永磁/同步,134,182,270,,,181,246,,单电机,前置,,134,270,,,,,
67131,格瑞维亚,永磁/同步,134,182,270,,,181,246,,单电机,前置,,134,270,,,,,
67132,格瑞维亚,永磁/同步,134,182,270,,,181,246,,单电机,前置,,134,270,,,,,
66456,格瑞维亚,永磁/同步,134,182,270,,,181,246,,单电机,前置,,134,270,,,,,
67134,格瑞维亚,永磁/同步,174,237,391,40,121,181,246,,双电机,前置+后置,,134,270,,,,,
68314,皇冠陆放,,,,,,,,,,,,,,,,,,,
68317,皇冠陆放,,,,,,,,,,,,,,,,,,,
67586,皇冠陆放,永磁/同步,134,182,270,,,181,246,,单电机,前置,(标配)八年或20万公里,134,270,,,,,
68316,皇冠陆放,永磁/同步,174,237,391,40,121,181,246,,双电机,前置+后置,(标配)八年或20万公里,134,270,,,,,
68315,皇冠陆放,永磁/同步,174,237,391,40,121,181,246,,双电机,前置+后置,(标配)八年或20万公里,134,270,,,,,
68318,皇冠陆放,永磁/同步,174,237,391,40,121,181,246,,双电机,前置+后置,(标配)八年或20万公里,134,270,,,,,
63241,卡罗拉锐放,永磁/同步,83,113,206,,,144,196,,单电机,前置,,83,206,,,,,
63020,卡罗拉锐放,永磁/同步,83,113,206,,,144,196,,单电机,前置,,83,206,,,,,
64034,卡罗拉锐放,永磁/同步,83,113,206,,,144,196,,单电机,前置,,83,206,,,,,
68733,卡罗拉锐放,永磁/同步,83,113,206,,,144,196,,单电机,前置,,83,206,,,,,
67632,卡罗拉锐放,,,,,,,,,,,,,,,,,,,
64079,卡罗拉锐放,,,,,,,,,,,,,,,,,,,
67628,卡罗拉锐放,,,,,,,,,,,,,,,,,,,
63019,卡罗拉锐放,,,,,,,,,,,,,,,,,,,
61460,卡罗拉锐放,永磁/同步,83,113,206,,,144,196,,单电机,前置,,83,206,,,,,
62996,卡罗拉锐放,永磁/同步,83,113,206,,,144,196,,单电机,前置,,83,206,,,,,
68732,卡罗拉锐放,永磁/同步,83,113,206,,,144,196,,单电机,前置,,83,206,,,,,
68734,卡罗拉锐放,永磁/同步,83,113,206,,,144,196,,单电机,前置,,83,206,,,,,
68728,卡罗拉锐放,永磁/同步,83,113,206,,,144,196,,单电机,前置,,83,206,,,,,
62733,卡罗拉锐放,永磁/同步,83,113,206,,,144,196,,单电机,前置,,83,206,,,,,
68729,卡罗拉锐放,,,,,,,,,,,,,,,,,,,
62927,卡罗拉锐放,,,,,,,,,,,,,,,,,,,
64033,卡罗拉锐放,,,,,,,,,,,,,,,,,,,
68723,卡罗拉锐放,,,,,,,,,,,,,,,,,,,
62731,卡罗拉锐放,,,,,,,,,,,,,,,,,,,
64032,卡罗拉锐放,,,,,,,,,,,,,,,,,,,
64078,卡罗拉锐放,,,,,,,,,,,,,,,,,,,
68544,威兰达,,,,,,,,,,,,,,,,,,,
68541,威兰达,,,,,,,,,,,,,,,,,,,
68542,威兰达,,,,,,,,,,,,,,,,,,,
68539,威兰达,,,,,,,,,,,,,,,,,,,
68506,威兰达,,,,,,,,,,,,,,,,,,,
68538,威兰达,,,,,,,,,,,,,,,,,,,
68546,威兰达,永磁/同步,88,120,202,,121,160,218,,单电机,前置,,88,202,,,,,
68540,威兰达,永磁/同步,88,120,202,,121,160,218,,单电机,前置,,88,202,,,,,
68507,威兰达,永磁/同步,128,174,323,40,121,163,222,,双电机,前置+后置,,88,202,,,,,
68545,威兰达,永磁/同步,88,120,202,,121,160,218,,单电机,前置,,88,202,,,,,
68543,威兰达,永磁/同步,128,174,323,40,121,163,222,,双电机,前置+后置,,88,202,,,,,
71586,铂智3X,永磁/同步,150,204,200,,,,,,单电机,前置,(标配)八年或15万公里,150,200,TZ175XSAY501,,尼得科,,(标配)终身质保/非营运（责任免除条款以官方为准）
71588,铂智3X,永磁/同步,150,204,200,,,,,,单电机,前置,(标配)八年或15万公里,150,200,TZ175XSAY501,,尼得科,,(标配)终身质保/非营运（责任免除条款以官方为准）
71013,铂智3X,永磁/同步,150,204,200,,,,,,单电机,前置,(标配)八年或15万公里,150,200,TZ175XSAY501,,尼得科,,(标配)终身质保/非营运（责任免除条款以官方为准）
68066,铂智3X,永磁/同步,150,204,200,,,,,,单电机,前置,(标配)八年或15万公里,150,200,TZ175XSAY501,,尼得科,,(标配)终身质保/非营运（责任免除条款以官方为准）
71589,铂智3X,永磁/同步,150,204,200,,,,,,单电机,前置,(标配)八年或15万公里,150,200,TZ175XSAY501,,尼得科,,(标配)终身质保/非营运（责任免除条款以官方为准）
71012,铂智3X,永磁/同步,150,204,200,,,,,,单电机,前置,(标配)八年或15万公里,150,200,TZ175XSAY501,,尼得科,,(标配)终身质保/非营运（责任免除条款以官方为准）
71587,铂智3X,永磁/同步,165,224,210,,,,,,单电机,前置,(标配)八年或15万公里,165,210,TZ180XS135,,苏州汇川,,(标配)终身质保/非营运（责任免除条款以官方为准）
67982,皇冠(进口),永磁/同步,131.9,179,300,,,,,,单电机,,,,,,,,,
67981,皇冠(进口),永磁/同步,131.9,179,300,,,,,,单电机,,,,,,,,,
63539,埃尔法,永磁/同步,174,237,391,40,121,184,250,,双电机,前置+后置,(标配)八年或12万公里,134,270,,,,,
71307,埃尔法,永磁/同步,174,237,391,40,121,184,250,,双电机,前置+后置,(标配)八年或12万公里,134,270,,,,,
71306,埃尔法,永磁/同步,174,237,391,40,121,184,250,,双电机,前置+后置,(标配)八年或12万公里,134,270,,,,,
63540,埃尔法,永磁/同步,174,237,391,40,121,184,250,,双电机,前置+后置,(标配)八年或12万公里,134,270,,,,,
66667,雷凌,永磁/同步,70,95,185,,,101,137,,单电机,前置,,70,185,,,,,
68949,雷凌,永磁/同步,70,95,185,,,101,137,,单电机,前置,,70,185,,,,,
62134,雷凌,永磁/同步,70,95,185,,,101,137,,单电机,前置,,70,185,,,,,
68947,雷凌,永磁/同步,70,95,185,,,101,137,,单电机,前置,,70,185,,,,,
62136,雷凌,,,,,,,,,,,,,,,,,,,
60635,雷凌,,,,,,,,,,,,,,,,,,,
68948,雷凌,,,,,,,,,,,,,,,,,,,
60634,雷凌,,,,,,,,,,,,,,,,,,,
67326,雷凌,,,,,,,,,,,,,,,,,,,
67325,雷凌,,,,,,,,,,,,,,,,,,,
62133,雷凌,永磁/同步,70,95,185,,,101,137,,单电机,前置,,70,185,,,,,
62135,雷凌,永磁/同步,70,95,185,,,101,137,,单电机,前置,,70,185,,,,,
62132,雷凌,永磁/同步,70,95,185,,,101,137,,单电机,前置,,70,185,,,,,
63227,凌放HARRIER,,,,,,,,,,,,,,,,,,,
68447,凌放HARRIER,,,,,,,,,,,,,,,,,,,
68441,凌放HARRIER,,,,,,,,,,,,,,,,,,,
63230,凌放HARRIER,永磁/同步,88,120,202,,,160,218,,单电机,前置,(标配)八年或20万公里,88,202,,,,,
68442,凌放HARRIER,永磁/同步,128,174,323,40,121,163,222,,双电机,前置+后置,(标配)八年或20万公里,88,202,,,,,
63231,凌放HARRIER,永磁/同步,128,174,323,40,121,163,222,,双电机,前置+后置,(标配)八年或20万公里,88,202,,,,,
68446,凌放HARRIER,,,,,,,,,,,,,,,,,,,
63228,凌放HARRIER,,,,,,,,,,,,,,,,,,,
68443,凌放HARRIER,,,,,,,,,,,,,,,,,,,
68444,凌放HARRIER,,,,,,,,,,,,,,,,,,,
63225,凌放HARRIER,,,,,,,,,,,,,,,,,,,
63229,凌放HARRIER,永磁/同步,88,120,202,,,160,218,,单电机,前置,(标配)八年或20万公里,88,202,,,,,
63226,凌放HARRIER,永磁/同步,128,174,323,40,121,163,222,,双电机,前置+后置,(标配)八年或20万公里,88,202,,,,,
63232,凌放HARRIER,永磁/同步,128,174,323,40,121,163,222,,双电机,前置+后置,(标配)八年或20万公里,88,202,,,,,
61459,凌放HARRIER,永磁/同步,128,174,323,40,121,163,222,,双电机,前置+后置,(标配)八年或20万公里,88,202,,,,,
61121,皇冠SportCross,,88,120,202,,,,,,单电机,前置,,88,202,,,,,
60295,皇冠SportCross,,119.6,163,,58.6,168.5,255,347,550.8,双电机,前置+后置,,61,292,,,,,
66470,丰田bZ3,永磁/同步,135,184,303,,,,,,单电机,前置,(标配)十年或20万公里,135,303,TZ200-XS002,,弗迪动力,,
66581,丰田bZ3,永磁/同步,180,245,303,,,,,,单电机,前置,(标配)十年或20万公里,180,303,TZ200-XS002,,弗迪动力,,
66582,丰田bZ3,永磁/同步,180,245,303,,,,,,单电机,前置,(标配)十年或20万公里,180,303,TZ200-XS002,,弗迪动力,,
62004,威飒,,,,,,,,,,,,,,,,,,,
62008,威飒,,,,,,,,,,,,,,,,,,,
68795,威飒,,,,,,,,,,,,,,,,,,,
68793,威飒,,,,,,,,,,,,,,,,,,,
68792,威飒,,,,,,,,,,,,,,,,,,,
62005,威飒,永磁/同步,88,120,202,,,160,218,,单电机,前置,,88,202,,,,,
68797,威飒,永磁/同步,88,120,202,,,160,218,,单电机,前置,,88,202,,,,,
68618,威飒,永磁/同步,88,120,202,,,160,218,,单电机,前置,,88,202,,,,,
61995,威飒,永磁/同步,88,120,202,,,160,218,,单电机,前置,,88,202,,,,,
68799,威飒,永磁/同步,128,174,323,40,121,163,222,,双电机,前置+后置,,88,202,,,,,
61996,威飒,,,,,,,,,,,,,,,,,,,
62007,威飒,,,,,,,,,,,,,,,,,,,
68794,威飒,,,,,,,,,,,,,,,,,,,
62009,威飒,,,,,,,,,,,,,,,,,,,
68798,威飒,永磁/同步,88,120,220,,,160,218,,单电机,前置,,88,220,,,,,
68612,威飒,永磁/同步,88,120,220,,,160,218,,单电机,前置,,88,220,,,,,
68796,威飒,永磁/同步,88,120,220,,,160,218,,单电机,前置,,88,220,,,,,
62006,威飒,永磁/同步,128,174,341,40,121,163,222,,双电机,前置+后置,,88,220,,,,,
71299,威尔法,永磁/同步,174,237,391,40,121,184,250,,双电机,前置+后置,(标配)八年或12万公里,134,270,,,,,
71298,威尔法,永磁/同步,174,237,391,40,121,184,250,,双电机,前置+后置,(标配)八年或12万公里,134,270,,,,,
63535,威尔法,永磁/同步,174,237,391,40,121,184,250,,双电机,前置+后置,(标配)八年或12万公里,134,270,,,,,
63534,威尔法,永磁/同步,174,237,391,40,121,184,250,,双电机,前置+后置,(标配)八年或12万公里,134,270,,,,,
65874,铂智4X,永磁/同步,150,204,266.3,,,,,,单电机,前置,(标配)十年或20万公里,150,266.3,1XM,,爱信,,
70807,铂智4X,永磁/同步,150,204,266.3,,,,,,单电机,前置,(标配)十年或20万公里,150,266.3,1XM,,爱信,,
70805,铂智4X,永磁/同步,150,204,266.3,,,,,,单电机,前置,(标配)十年或20万公里,150,266.3,1XM,,爱信,,
65872,铂智4X,永磁/同步,160,218,337,80,168.5,,,,双电机,前置+后置,(标配)十年或20万公里,80,168.5,1YM,1YM,爱信,爱信,
70808,铂智4X,永磁/同步,150,204,266.3,,,,,,单电机,前置,(标配)十年或20万公里,150,266.3,,,,,
70806,铂智4X,永磁/同步,150,204,266.3,,,,,,单电机,前置,(标配)十年或20万公里,150,266.3,,,,,
65875,铂智4X,永磁/同步,150,204,266.3,,,,,,单电机,前置,(标配)十年或20万公里,150,266.3,,,,,
65873,铂智4X,永磁/同步,160,218,337,80,168.5,,,,双电机,前置+后置,(标配)十年或20万公里,80,168.5,,,,,
64037,亚洲狮,永磁/同步,83,113,206,,,144,196,,,前置,(标配)八年或20万公里,83,206,,,,,
61892,亚洲狮,永磁/同步,83,113,206,,,144,196,,,前置,(标配)八年或20万公里,83,206,,,,,
63250,亚洲狮,永磁/同步,83,113,206,,,144,196,,,前置,(标配)八年或20万公里,83,206,,,,,
63249,亚洲狮,,,,,,,,,,,,,,,,,,,
64036,亚洲狮,,,,,,,,,,,,,,,,,,,
63251,亚洲狮,,,,,,,,,,,,,,,,,,,
63248,亚洲狮,,,,,,,,,,,,,,,,,,,
63244,亚洲狮,,,,,,,,,,,,,,,,,,,
63836,凌尚,,83,113,206,,,144,196,,单电机,前置,,83,206,,,,,
69027,凌尚,,83,113,206,,,144,196,,单电机,前置,,83,206,,,,,
62159,凌尚,,83,113,206,,,144,196,,单电机,前置,,83,206,,,,,
61105,凌尚,,,,,,,,,,,,,,,,,,,
62158,凌尚,,,,,,,,,,,,,,,,,,,
63835,凌尚,,,,,,,,,,,,,,,,,,,
69032,凌尚,,83,113,206,,,144,196,,单电机,前置,,83,206,,,,,
69030,凌尚,,83,113,206,,,144,196,,单电机,前置,,83,206,,,,,
69031,凌尚,,83,113,206,,,144,196,,单电机,前置,,83,206,,,,,
62160,凌尚,,,,,,,,,,,,,,,,,,,
69028,凌尚,,,,,,,,,,,,,,,,,,,
69029,凌尚,,,,,,,,,,,,,,,,,,,
61998,丰田C-HR,,,,,,,,,,,,,,,,,,,
61997,丰田C-HR,,,,,,,,,,,,,,,,,,,
62002,丰田C-HR,,,,,,,,,,,,,,,,,,,
62000,丰田C-HR,永磁/同步,80,,202,,,135,,,,,,80,202,,,,,
61999,丰田C-HR,永磁/同步,80,,202,,,135,,,,,,80,202,,,,,
62003,丰田C-HR,永磁/同步,80,,202,,,135,,,,,,80,202,,,,,
62001,丰田C-HR,永磁/同步,80,,202,,,135,,,,,,80,202,,,,,
69868,RAV4荣放双擎E+,永磁/同步,134,182,270,,,194,264,,单电机,前置,(标配)八年或20万公里,134,270,TZ215-XY001,,爱信,,
69870,RAV4荣放双擎E+,永磁/同步,174,237,391,40,121,225,306,,双电机,前置+后置,(标配)八年或20万公里,134,270,TZ215-XY001,,爱信,,
63240,奕泽IZOA,,,,,,,,,,,,,,,,,,,
63233,奕泽IZOA,,,,,,,,,,,,,,,,,,,
62891,奕泽IZOA,,,,,,,,,,,,,,,,,,,
63238,奕泽IZOA,,,,,,,,,,,,,,,,,,,
63234,奕泽IZOA,,,,,,,,,,,,,,,,,,,
63235,奕泽IZOA,永磁/同步,,,202,,,135,184,,,,(标配)八年或20万公里,,202,,,,,
63237,奕泽IZOA,永磁/同步,,,202,,,135,184,,,,(标配)八年或20万公里,,202,,,,,
63236,奕泽IZOA,永磁/同步,,,202,,,135,184,,,,(标配)八年或20万公里,,202,,,,,
63239,奕泽IZOA,永磁/同步,,,202,,,135,184,,,,(标配)八年或20万公里,,202,,,,,
59751,Mirai,永磁/同步,134,182,300,134,300,,,,单电机,后置,(标配)待查,,,,TZ200-XY001,,,
56233,一汽丰田bZ4X,永磁/同步,150,204,266.3,,,,,,单电机,前置,(标配)十年或20万公里,150,266.3,1XM,,爱信,,
56475,一汽丰田bZ4X,永磁/同步,150,204,266.3,,,,,,单电机,前置,(标配)十年或20万公里,150,266.3,1XM,,爱信,,
56849,一汽丰田bZ4X,永磁/同步,150,204,266.3,,,,,,单电机,前置,(标配)十年或20万公里,150,266.3,1XM,,爱信,,
56067,一汽丰田bZ4X,永磁/同步,160,218,337,80,168.5,,,,双电机,前置+后置,(标配)十年或20万公里,80,168.5,1XM,1XM,爱信,爱信,
56850,一汽丰田bZ4X,永磁/同步,160,218,337,80,168.5,,,,双电机,前置+后置,(标配)十年或20万公里,80,168.5,1XM,1XM,爱信,爱信,
68623,威兰达新能源,永磁/同步,134,180,270,,,194,264,,单电机,前置,,134,270,TZ215-XY001,,爱信,,
68622,威兰达新能源,永磁/同步,174,237,391,40,121,225,306,,双电机,前置+后置,,134,270,TZ215-XY001,TZ215-X001,爱信,丰田汽车,
68621,威兰达新能源,永磁/同步,174,237,391,40,121,225,306,,双电机,前置+后置,,134,270,TZ215-XY001,TZ215-X001,爱信,丰田汽车,
67969,别克GL8新能源,永磁/同步,160,218,330,,,292,397,580,单电机,前置,,160,330,,,,,
67915,别克GL8新能源,永磁/同步,160,218,330,,,292,397,580,单电机,前置,,160,330,,,,,
67943,别克GL8新能源,永磁/同步,160,218,330,,,292,397,580,单电机,前置,,160,330,,,,,
67968,别克GL8新能源,永磁/同步,160,218,330,,,292,397,580,单电机,前置,,160,330,,,,,
62478,别克E5,永磁/同步,180,245,330,,,,,,单电机,前置,(标配)八年或16万公里,180,330,TZ220XYP76,,上汽通用,,
68969,别克E5,永磁/同步,180,245,330,,,,,,单电机,前置,(标配)八年或16万公里,180,330,TZ220XYP76,,上汽通用,,
65330,别克E5,永磁/同步,180,245,330,,,,,,单电机,前置,(标配)八年或16万公里,180,330,TZ220XYP76,,上汽通用,,
60605,别克E5,永磁/同步,180,245,330,,,,,,单电机,前置,(标配)八年或16万公里,180,330,TZ220XYP76,,上汽通用,,
66832,别克E5,永磁/同步,150,204,330,,,,,,单电机,前置,(标配)八年或16万公里,150,330,TZ220XYP76,,上汽通用,,
68957,微蓝6,永磁/同步,130,177,265,,,,,,单电机,前置,(标配)八年或16万公里,130,265,TZ153XS136,,,,
68958,微蓝6,永磁/同步,130,177,265,,,,,,单电机,前置,(标配)八年或16万公里,130,265,TZ153XS136,,,,
68668,微蓝6,永磁/同步,130,177,265,,,,,,单电机,前置,(标配)八年或16万公里,130,265,,,,,
65234,微蓝6,永磁/同步,130,177,265,,,,,,单电机,前置,(标配)八年或16万公里,130,265,TZ153XS136,,联合汽车,,
65235,微蓝6,永磁/同步,130,177,265,,,,,,单电机,前置,(标配)八年或16万公里,130,265,TZ153XS136,,联合汽车,,
63393,别克E4,永磁/同步,180,245,330,,,,,,单电机,前置,(标配)八年或16万公里,180,330,,,,,
63391,别克E4,永磁/同步,180,245,330,,,,,,单电机,前置,(标配)八年或16万公里,180,330,,,,,
61260,别克E4,永磁/同步,180,245,330,,,,,,单电机,前置,(标配)八年或16万公里,180,330,,,,,
63392,别克E4,前永磁/同步 后感应/异步,211,287,465,68,160,,,,双电机,前置+后置,(标配)八年或16万公里,143,305,,,,,
65768,小米SU7,永磁/同步,220,299,400,220,400,,,,单电机,后置,(标配)八年或16万公里,,,,TZ220XS000,,联合电子,
59881,小米SU7,永磁/同步,220,299,400,220,400,,,,单电机,后置,(标配)八年或16万公里,,,,TZ220XS000,,联合电子,
67500,小米SU7,前感应/异步 后永磁/同步,495,673,838,275,500,,,,双电机,前置+后置,(标配)八年或16万公里,220,338,YS210XY102,TZ220XY102,苏州汇川,苏州汇川,
70554,小米SU7 Ultra,永磁/同步,1138,1548,1770,850,1270,,,,三电机,前置+后置,(标配)八年或16万公里,288,500,TZ220XY108,TZ230XY001,汇川联合,小米汽车,
62223,帝豪,,,,,,,,,,,,,,,,,,,
62222,帝豪,,,,,,,,,,,,,,,,,,,
67664,帝豪,,,,,,,,,,,,,,,,,,,
68502,帝豪,,,,,,,,,,,,,,,,,,,
62421,帝豪,,,,,,,,,,,,,,,,,,,
68428,帝豪,,,,,,,,,,,,,,,,,,,
68499,帝豪,,,,,,,,,,单电机,前置,,,,,,,,
68427,帝豪,,,,,,,,,,单电机,前置,,,,,,,,
68430,帝豪,,,,,,,,,,,,,,,,,,,
55960,帝豪,,,,,,,,,,,,,,,,,,,
62422,帝豪,,,,,,,,,,,,,,,,,,,
68429,帝豪,,,,,,,,,,,,,,,,,,,
70704,帝豪,,,,,,,,,,单电机,前置,,,,,,,,
70183,熊猫,永磁/同步,30,41,110,30,110,,,,单电机,后置,,,,,TZ160X30C,,浙江奥思伟尔,(标配)终身质保/非营运（责任免除条款以官方为准）
65703,星瑞L,永磁/同步,100,136,320,,,,,,单电机,前置,,100,320,,,,,
65255,星瑞L,永磁/同步,100,136,320,,,,,,单电机,前置,,100,320,,,,,
65702,星瑞L,永磁/同步,100,136,320,,,,,,单电机,前置,,100,320,,,,,
65701,星越L智擎,交流/同步,100,136,320,,,,,,单电机,前置,,100,320,,,,,
65628,星越L智擎,交流/同步,100,136,320,,,,,,单电机,前置,,100,320,,,,,
67062,星越L智擎,交流/同步,100,136,320,,,,,,单电机,前置,,100,320,,,,,
66770,帝豪L HiP,永磁/同步,100,136,320,,,233,,610,单电机,前置,(标配)首任车主不限年限/里程（责任免除条款以官方为准）,100,320,TZ270WY000,,,,
66771,帝豪L HiP,永磁/同步,100,136,320,,,233,,610,单电机,前置,(标配)首任车主不限年限/里程（责任免除条款以官方为准）,100,320,TZ270WY000,,,,
58931,帝豪新能源,永磁/同步,150,204,240,,,,,,单电机,前置,(标配)六年或60万公里,150,240,TZ180XY150,,日本电产/尼得科,,
58928,帝豪新能源,永磁/同步,150,204,240,,,,,,单电机,前置,(标配)六年或60万公里,150,240,TZ180XY150,,日本电产/尼得科,,
58927,帝豪新能源,永磁/同步,100,136,230,,,,,,单电机,前置,(标配)六年或60万公里,100,230,TZ180XY150,,日本电产/尼得科,,
58930,帝豪新能源,永磁/同步,100,136,230,,,,,,单电机,前置,(标配)六年或60万公里,100,230,TZ180XY150,,日本电产/尼得科,,
