CAR_ID,品牌系列,电池类型,WLTC纯电续航里程(km),电池能量(kWh),快充功能,电池快充时间(小时),电池慢充时间(小时),电池快充电量范围(%),电池慢充电量范围(%),慢充接口位置,快充接口位置,电芯品牌,电池冷却方式,百公里耗电量(kWh/100km),CLTC纯电续航里程(km),电池能量密度(Wh/kg),快充功率(kW),换电,电池组质保,NEDC纯电续航里程(km),电池特有技术,对外交流放电功率(kW),高压快充,高压平台（V）,CLTC综合续航(km),NEDC综合续航(km),对外放电最低允许值(%),WLTC综合续航(km),WLTP纯电续航里程(km),充电桩价格（元）,对外直流放电功率(kW)
70273,奔驰GLE新能源,(标配)锂离子电池,100,31.2,支持,0.33,2.5,10-80,0-100,车左后侧,车左后侧,,,,,,,,,,,,,,,,,,,,
68559,奔驰E级新能源,(标配)三元锂电池,106,25.4,选装,0.35,3,10-80,10-100,车右后侧,车左后侧,(标配)梅赛德斯-奔驰,液冷,17.4,,,,,,,,,,,,,,,,,
65775,奔驰E级新能源,(标配)三元锂电池,106,25.4,选装,0.35,3,10-80,10-100,车右后侧,车左后侧,(标配)梅赛德斯-奔驰,液冷,17.4,,,,,,,,,,,,,,,,,
70754,奔驰EQE,(标配)三元锂电池,,96.1,支持,0.62,13,10-80,10-100,车右后侧,车右后侧,(标配)北京奔驰,液冷,15.2,681,172,122,,,,,,,,,,,,,,
70753,奔驰EQE,(标配)三元锂电池,,96.1,支持,0.62,13,10-80,10-100,车右后侧,车右后侧,(标配)北京奔驰,液冷,15.2,681,172,122,,,,,,,,,,,,,,
69750,奔驰EQE,(标配)三元锂电池,,96.1,支持,0.62,13,10-80,10-100,车右后侧,车右后侧,(标配)北京奔驰,液冷,15.2,681,172,122,,,,,,,,,,,,,,
69333,奔驰EQB,(标配)三元锂电池,,73.5,支持,0.75,10.25,10-80,,车左后侧,车右后侧,(标配)孚能科技,液冷,13.2,600,188,,不支持,,,,,,,,,,,,,
69332,奔驰EQB,(标配)三元锂电池,,73.5,支持,0.75,10.25,10-80,,车左后侧,车右后侧,(标配)孚能科技,液冷,15.3,512,188,,不支持,,,,,,,,,,,,,
69334,奔驰EQA,(标配)三元锂电池,,73.5,支持,0.75,10.25,10-80,10-100,车左后侧,车右后侧,(标配)孚能科技,液冷,12.7,619,188,,,,,,,,,,,,,,,
69745,奔驰C级新能源,(标配)三元锂电池,126,25.4,选装,0.5,3.5,10-80,10-100,,,"(标配)惠州亿纬,(标配)青海弗迪",液冷,18.1,,,55,,,,,,,,,,,,,,
71974,奔驰C级新能源,(标配)三元锂电池,126,25.4,选装,0.5,3.5,10-80,10-100,,,"(标配)惠州亿纬,(标配)青海弗迪",液冷,18.1,,,55,,,,,,,,,,,,,,
61685,奔驰EQS,(标配)三元锂电池,,111.8,支持,0.62,,80,,,,(标配)宁德时代,,14.6,813,,145,,,,,,,,,,,,,,
61683,奔驰EQS,(标配)三元锂电池,,111.8,支持,0.62,,80,,,,(标配)宁德时代,,14.6,813,,145,,,,,,,,,,,,,,
61684,奔驰EQS,(标配)三元锂电池,,111.8,支持,0.62,,80,,,,(标配)宁德时代,,16.7,720,,145,,,,,,,,,,,,,,
67883,奔驰G级新能源,(标配)三元锂电池,,122,支持,0.62,18.81,10-80,10-100,车右后侧,车右后侧,,液冷,22.5,571,,,,(标配)十年或25万公里,,,,,,,,,,,,
68264,奔驰GLC新能源,(标配)磷酸铁锂电池,115,30.9,选装,0.5,4.5,10-80,0-100,车右后侧,车左后侧,(标配)弗迪,液冷,21.6,,,60,,,,,,,,,,,,,,
71117,奔驰S级AMG新能源,,,13.14,,,,,,车左后侧,,,,21.4,,,,,,,,,,,,,,,,,
67865,奔驰S级AMG新能源,,,13.14,,,,,,车左后侧,,,,21.4,,,,,,,,,,,,,,,,,
65986,奔驰S级新能源,,108,28.6,支持,0.33,3.25,80,,车右后侧,车右后侧,,,19.7,,,,,,,,,,,,,,,,,
71822,奔驰S级新能源,,108,28.6,支持,0.33,3.25,80,,车右后侧,车右后侧,,,19.7,,,,,,,,,,,,,,,,,
68011,迈巴赫EQS SUV,,,111.8,支持,0.61,,10-80,,车右后侧,车右后侧,,液冷,19.2,611,,,,,,,,,,,,,,,,
68012,迈巴赫EQS SUV,,,111.8,支持,0.61,,10-80,,车右后侧,车右后侧,,液冷,19.2,611,,,,,,,,,,,,,,,,
67866,奔驰C级AMG新能源,(标配)锂离子电池,,,,,,,,,,,液冷,,,,,,,,,,,,,,,,,,
71311,AMG GT新能源,(标配)三元锂电池,,6.1,,,,,,,,,液冷,6.9,13,,,,,,,,,,,,,,,,
61518,迈巴赫S级新能源,(标配)三元锂电池,94,,,,,,,,,,液冷,,,,,,,,,,,,,,,,,,
61039,奔驰EQS SUV,(标配)三元锂电池,,111.8,支持,0.62,16,80,,,,,液冷,16.2,742,,145,不支持,,,,,,,,,,,,,
61040,奔驰EQS SUV,(标配)三元锂电池,,111.8,支持,0.62,16,80,,,,,液冷,17.9,673,,145,不支持,,,,,,,,,,,,,
61041,奔驰EQS SUV,(标配)三元锂电池,,111.8,支持,0.62,16,80,,,,,液冷,17.9,670,,145,不支持,,,,,,,,,,,,,
69663,奔驰EQE SUV AMG,(标配)三元锂电池,,96.1,支持,0.58,,10-80,,车右后侧,车右后侧,(标配)孚能科技,液冷,21,490,,,,,,,,,,,,,,,,
62689,奔驰EQE AMG,(标配)三元锂电池,,96.1,支持,,,,,,,,,18.5,568,,,,,,,,,,,,,,,,
61343,奔驰EQS AMG,(标配)三元锂电池,,111.8,支持,0.62,,80,,,,,液冷,20,601,,145,,,,,,,,,,,,,,
60653,奔驰GLE轿跑新能源,(标配)锂离子电池,,31.2,支持,0.33,3.5,80,,,,,,21.4,,,,,,88,,,,,,,,,,,
68372,宝马i3,(标配)三元锂电池,,70,支持,0.52,10.75,10-80,0-100,,,(标配)宁德时代,液冷,14.3,526,138,,不支持,(标配)八年或16万公里,,,,,,,,,,,,
68371,宝马i3,(标配)三元锂电池,,79.05,支持,0.53,12.25,10-80,0-100,,,(标配)宁德时代,液冷,14.1,592,140,,不支持,(标配)八年或16万公里,,,,,,,,,,,,
68373,宝马i3,(标配)三元锂电池,,79.05,支持,0.53,12.25,10-80,0-100,,,(标配)宁德时代,液冷,14.1,592,140,,不支持,(标配)八年或16万公里,,,,,,,,,,,,
66608,宝马iX3,(标配)三元锂电池,,80,支持,0.75,7.5,80,,,,(标配)华晨宝马,液冷,15.2,540,154,,不支持,(标配)八年或16万公里,,,,,,,,,,,,
66549,宝马iX3,(标配)三元锂电池,,80,支持,0.75,7.5,80,,,,(标配)华晨宝马,液冷,15.5,530,154,,不支持,(标配)八年或16万公里,,,,,,,,,,,,
71929,宝马i5,(标配)三元锂电池,,81.6,支持,0.55,13,10-80,0-100,车左前侧,车右后侧,(标配)宁德时代,液冷,14.4,618,,,,(标配)八年或16万公里,,,,,,,,,,,,
65490,宝马i5,(标配)三元锂电池,,81.6,支持,0.55,13,10-80,0-100,车左前侧,车右后侧,(标配)宁德时代,液冷,14.4,618,,,,(标配)八年或16万公里,,,,,,,,,,,,
69425,宝马i5,(标配)三元锂电池,,96.96,支持,0.55,15.5,10-80,0-100,车左前侧,车右后侧,(标配)宁德时代,液冷,14.7,713,,,,(标配)八年或16万公里,,,,,,,,,,,,
66249,宝马i5,(标配)三元锂电池,,96.96,支持,0.55,15.5,10-80,0-100,车左前侧,车右后侧,(标配)宁德时代,液冷,14.7,713,,,,(标配)八年或16万公里,,,,,,,,,,,,
69426,宝马i5,(标配)三元锂电池,,96.96,支持,0.55,15.5,10-80,0-100,车左前侧,车右后侧,(标配)宁德时代,液冷,16,651,,,,(标配)八年或16万公里,,,,,,,,,,,,
66503,宝马i5,(标配)三元锂电池,,96.96,支持,0.55,15.5,10-80,0-100,车左前侧,车右后侧,(标配)宁德时代,液冷,16,651,,,,(标配)八年或16万公里,,,,,,,,,,,,
64091,宝马i5,(标配)三元锂电池,,79.05,支持,0.53,8.25,10-80,0-100,车左前侧,车右后侧,(标配)宁德时代,液冷,14.8,567,,200,,(标配)八年或16万公里,,,,,,,,,,,,
66521,宝马i5,(标配)三元锂电池,,79.05,支持,0.53,8.25,10-80,0-100,车左前侧,车右后侧,(标配)宁德时代,液冷,14.8,567,,200,,(标配)八年或16万公里,,,,,,,,,,,,
66262,宝马i5,(标配)三元锂电池,,79.05,支持,0.53,8.25,10-80,0-100,车左前侧,车右后侧,(标配)宁德时代,液冷,15.6,536,,200,,(标配)八年或16万公里,,,,,,,,,,,,
71928,宝马i5,(标配)三元锂电池,,79.05,支持,0.53,8.25,10-80,0-100,车左前侧,车右后侧,(标配)宁德时代,液冷,15.6,536,,200,,(标配)八年或16万公里,,,,,,,,,,,,
62550,宝马iX1,(标配)三元锂电池,,,支持,0.53,10.5,10-80,0-100,车左前侧,车右后侧,(标配)亿纬动力,液冷,14.2,510,,,,(标配)八年或16万公里,,,,,,,,,,,,
64433,宝马iX1,(标配)三元锂电池,,,支持,0.53,10.5,10-80,0-100,车左前侧,车右后侧,(标配)亿纬动力,液冷,14.2,510,,,,(标配)八年或16万公里,,,,,,,,,,,,
64434,宝马iX1,(标配)三元锂电池,,66.45,支持,0.53,7,10-80,0-100,车左前侧,车右后侧,(标配)亿纬动力,液冷,16.3,450,,,,(标配)八年或16万公里,,,,,,,,,,,,
64455,宝马iX1,(标配)三元锂电池,,66.45,支持,0.53,7,10-80,0-100,车左前侧,车右后侧,(标配)亿纬动力,液冷,16.3,450,,,,(标配)八年或16万公里,,,,,,,,,,,,
63899,宝马iX,(标配)三元锂电池,,76.6,支持,0.68,7.5,80,,,,"(标配)宁德时代,(标配)亿纬锂能,(标配)三星SDI",液冷,17.7,471,,,,(标配)八年或16万公里,,,,,,,,,,,,
63896,宝马iX,(标配)三元锂电池,,111.5,支持,0.82,11,80,,,,"(标配)宁德时代,(标配)亿纬锂能,(标配)三星SDI",液冷,18,665,,,,(标配)八年或16万公里,,,,,,,,,,,,
62587,宝马M760Le,(标配)三元锂电池,82,18.7,,,,,,,,,液冷,,,,,,(标配)八年或12万公里,,,,,,,,,,,,
62417,宝马i7,(标配)三元锂电池,,101.7,支持,0.93,10.5,80%,100%,,,,液冷,18.2,640,,,,(标配)八年或16万公里,,,,,,,,,,,,
62416,宝马i7,(标配)三元锂电池,,101.7,支持,0.93,10.5,80%,100%,,,,液冷,18.2,640,,,,(标配)八年或16万公里,,,,,,,,,,,,
56703,宝马i7,(标配)三元锂电池,,101.7,支持,0.93,10.5,80%,100%,,,,液冷,18.2,640,,,,(标配)八年或16万公里,,,,,,,,,,,,
62415,宝马i7,(标配)三元锂电池,,101.7,支持,0.93,10.5,80%,100%,,,,液冷,18.2,640,,,,(标配)八年或16万公里,,,,,,,,,,,,
60892,宝马i7,(标配)三元锂电池,,105.7,支持,0.93,10.5,80%,100%,,,,液冷,17.9,650,,,,(标配)八年或16万公里,,,,,,,,,,,,
62414,宝马i7,(标配)三元锂电池,,105.7,支持,0.93,10.5,80%,100%,,,,液冷,17.9,650,,,,(标配)八年或16万公里,,,,,,,,,,,,
57156,宝马XM,(标配)三元锂电池,80,25.7,,,4.25,,,,,,液冷,,,,,,(标配)八年或12万公里,,,,,,,,,,,,
62420,宝马XM,(标配)三元锂电池,78,25.7,,,4.25,,,,,,液冷,,,,,,(标配)八年或12万公里,,,,,,,,,,,,
62467,宝马XM,(标配)三元锂电池,78,25.7,,,4.25,,,,,,液冷,,,,,,(标配)八年或12万公里,,,,,,,,,,,,
68817,宝马i4,(标配)三元锂电池,,70,支持,0.53,7.25,10-80,0-100,,,"(标配)宁德时代,(标配)亿纬锂能,(标配)三星SDI",液冷,14.4,526,,,,(标配)八年或16万公里,,,,,,,,,,,,
61699,宝马i4,(标配)三元锂电池,,83.9,支持,0.5,8.75,10-80,0-100,,,"(标配)宁德时代,(标配)亿纬锂能,(标配)三星SDI",液冷,14.7,633,,,,(标配)八年或16万公里,,,,,,,,,,,,
68076,宝马i4,(标配)三元锂电池,,70,支持,0.53,7,10-80,0-100,,,"(标配)宁德时代,(标配)亿纬锂能,(标配)三星SDI",液冷,14.7,511,,,不支持,(标配)八年或16万公里,,,,,,,,,,,,
70764,宝马i4,(标配)三元锂电池,,83.9,支持,0.52,8.25,10-80,0-100,,,"(标配)宁德时代,(标配)亿纬锂能,(标配)三星SDI",液冷,14.7,625,,,不支持,(标配)八年或16万公里,,,,,,,,,,,,
68878,宝马M5新能源,(标配)三元锂电池,66,22.06,,,2.15,,,车左前侧,,,,23.2,,,,,,,,,,,,,,,,,
63217,宝马i5 M60,(标配)三元锂电池,,81.2,支持,0.5,8.75,10-80,0-100,车左前侧,车右后侧,,液冷,16.3,570,,,,(标配)八年或16万公里,,,,,,,,,,,,
63897,宝马iX M60,(标配)三元锂电池,,111.5,支持,0.82,5.5,80,,,,"(标配)宁德时代,(标配)亿纬锂能,(标配)三星SDI",液冷,19.3,625,,,,(标配)八年或16万公里,,,,,,,,,,,,
66922,宝马i4 M50,(标配)三元锂电池,,83.9,支持,0.52,8.25,10-80,0-100,,,"(标配)宁德时代,(标配)亿纬锂能,(标配)三星SDI",液冷,16.4,560,,,不支持,(标配)八年或16万公里,,,,,,,,,,,,
62588,宝马i7 M70L,(标配)三元锂电池,,101.7,支持,0.57,5.5,10-80,0-100,,,,液冷,19.2,610,,,,(标配)八年或16万公里,,,,,,,,,,,,
66500,秦L,(标配)磷酸铁锂电池,60,10.08,,,3.42,,15-100,车右后侧,,(标配)弗迪,直冷,11.1,80,,,,,,刀片电池,,,,,,,,,,
71472,秦L,(标配)磷酸铁锂电池,60,10.08,,,3.42,,15-100,车右后侧,,(标配)弗迪,直冷,11.1,80,,,,,,刀片电池,,,,,,,,,,
71455,秦L,(标配)磷酸铁锂电池,90,15.87,支持,0.42,2.5,30-80,15-100,车右后侧,车右后侧,(标配)弗迪,直冷,13.6,120,,23,,,,刀片电池,,,,,,,,,,
72526,秦L,(标配)磷酸铁锂电池,90,15.87,支持,0.42,2.5,30-80,15-100,车右后侧,车右后侧,(标配)弗迪,直冷,13.6,120,,23,,,,刀片电池,,,,,,,,,,
66646,秦L,(标配)磷酸铁锂电池,90,15.87,支持,0.42,2.5,30-80,15-100,车右后侧,车右后侧,(标配)弗迪,直冷,13.6,120,,23,,,,刀片电池,,,,,,,,,,
71490,秦L,(标配)磷酸铁锂电池,90,15.87,支持,0.42,2.5,30-80,15-100,车右后侧,车右后侧,(标配)弗迪,直冷,13.6,120,,23,,,,刀片电池,,,,,,,,,,
70666,秦L,(标配)磷酸铁锂电池,,46.08,支持,0.4,,30-80,,车右后侧,车右后侧,(标配)弗迪,直冷,10.8,470,,84,,,,刀片电池,6,,,,,,,,,
71471,秦L,(标配)磷酸铁锂电池,,56.64,支持,0.4,,30-80,,车右后侧,车右后侧,(标配)弗迪,直冷,11.5,545,,103,,,,刀片电池,6,,,,,,,,,
68231,秦L,(标配)磷酸铁锂电池,,56.64,支持,0.4,,30-80,,车右后侧,车右后侧,(标配)弗迪,直冷,11.5,545,,103,,,,刀片电池,6,,,,,,,,,
72107,秦L,(标配)磷酸铁锂电池,60,10.08,,,3.42,,15-100,车右后侧,,(标配)弗迪,直冷,11.1,80,,,,,,刀片电池,,,,,,,,,,
67873,秦L,(标配)磷酸铁锂电池,60,10.08,,,3.42,,15-100,车右后侧,,(标配)弗迪,直冷,11.1,80,,,,,,刀片电池,,,,,,,,,,
71678,秦L,(标配)磷酸铁锂电池,90,15.87,支持,0.42,2.5,30-80,15-100,车右后侧,车右后侧,(标配)弗迪,直冷,13.6,120,,23,,,,刀片电池,,,,,,,,,,
66645,秦L,(标配)磷酸铁锂电池,90,15.87,支持,0.42,2.5,30-80,15-100,车右后侧,车右后侧,(标配)弗迪,直冷,13.6,120,,23,,,,刀片电池,,,,,,,,,,
71532,秦L,(标配)磷酸铁锂电池,90,15.87,支持,0.42,2.5,30-80,15-100,车右后侧,车右后侧,(标配)弗迪,直冷,13.6,120,,23,,,,刀片电池,,,,,,,,,,
66750,秦PLUS,(标配)磷酸铁锂电池,43,7.68,,,,,,车右后侧,,(标配)弗迪,直冷,11.1,55,,,,,,刀片电池,,,,,,,,,,
72524,秦PLUS,(标配)磷酸铁锂电池,43,7.68,,,,,,车右后侧,,(标配)弗迪,直冷,11.1,55,,,,,,刀片电池,,,,,,,,,,
66746,秦PLUS,(标配)磷酸铁锂电池,90,15.8,支持,,,,,车右后侧,车右后侧,(标配)弗迪,直冷,13.6,120,,15,,,,刀片电池,3.3,,,,,,,,,
66751,秦PLUS,(标配)磷酸铁锂电池,,48,支持,0.5,,30-80,,车右后侧,车右后侧,(标配)弗迪,直冷,11.6,420,,60,,,,刀片电池,3.3,,,,,,,,,
66747,秦PLUS,(标配)磷酸铁锂电池,,57.6,支持,0.5,,30-80,,车右后侧,车右后侧,(标配)弗迪,直冷,11.9,510,,70,,,,刀片电池,3.3,,,,,,,,,
65656,秦PLUS,(标配)磷酸铁锂电池,,57.6,支持,0.5,,30-80,,车右后侧,车右后侧,(标配)弗迪,直冷,11.9,510,,70,,,,刀片电池,3.3,,,,,,,,,
71504,秦PLUS,(标配)磷酸铁锂电池,,57.6,支持,0.5,,30-80,,车右后侧,车右后侧,(标配)弗迪,直冷,11.9,510,,70,,,,刀片电池,3.3,,,,,,,,,
71686,秦PLUS,(标配)磷酸铁锂电池,,57.6,支持,0.5,,30-80,,,,(标配)弗迪,液冷,,510,,,不支持,,,刀片电池,,,,,,,,,,
67266,秦PLUS,(标配)磷酸铁锂电池,,57.6,支持,0.5,,30-80,,,,(标配)弗迪,液冷,,510,,,不支持,,,刀片电池,,,,,,,,,,
72442,秦PLUS,(标配)磷酸铁锂电池,46,8.32,,,,,,,,(标配)弗迪,直冷,11.4,,,,,,55,刀片电池,,,,,,,,,,
63012,秦PLUS,(标配)磷酸铁锂电池,46,8.32,,,,,,,,(标配)弗迪,直冷,11.4,,,,,,55,刀片电池,,,,,,,,,,
71689,秦PLUS,(标配)磷酸铁锂电池,101,18.32,支持,,,,,,,(标配)弗迪,直冷,14.5,,,17,,,120,刀片电池,,,,,,,,,,
66745,秦PLUS,(标配)磷酸铁锂电池,101,18.32,支持,,,,,,,(标配)弗迪,直冷,14.5,,,17,,,120,刀片电池,,,,,,,,,,
66743,秦PLUS,(标配)磷酸铁锂电池,101,18.32,支持,,,,,,,(标配)弗迪,直冷,14.5,,,17,,,120,刀片电池,,,,,,,,,,
51966,秦PLUS,(标配)磷酸铁锂电池,101,18.32,支持,,,,,,,(标配)弗迪,直冷,14.5,,,17,,,120,刀片电池,,,,,,,,,,
71688,秦PLUS,(标配)磷酸铁锂电池,,48,支持,0.5,,30-80,,,,(标配)弗迪,直冷,11.60,420,140,60,,,,刀片电池,,,,,,,,,,
66744,秦PLUS,(标配)磷酸铁锂电池,,48,支持,0.5,,30-80,,,,(标配)弗迪,直冷,11.60,420,140,60,,,,刀片电池,,,,,,,,,,
66748,秦PLUS,(标配)磷酸铁锂电池,,57.6,支持,0.5,,30-80,,,,(标配)弗迪,直冷,11.90,510,140,70,,,,刀片电池,,,,,,,,,,
66733,秦PLUS,(标配)磷酸铁锂电池,,57.6,支持,0.5,,30-80,,,,(标配)弗迪,直冷,11.90,510,140,70,,,,刀片电池,,,,,,,,,,
71685,秦PLUS,(标配)磷酸铁锂电池,,57.6,支持,0.5,,30-80,,,,(标配)弗迪,直冷,11.90,510,140,70,,,,刀片电池,,,,,,,,,,
66749,秦PLUS,(标配)磷酸铁锂电池,,57.6,支持,0.5,,30-80,,,,(标配)弗迪,直冷,,510,,,,,,,,,,,,,,,,
72103,秦PLUS,(标配)磷酸铁锂电池,,47.5,支持,0.5,,30-80,,,,(标配)弗迪,直冷,,420,,,,,,,,,,,,,,,,
71687,秦PLUS,(标配)磷酸铁锂电池,,57.6,支持,0.5,,30-80,,,,(标配)弗迪,直冷,,510,,,,,,,,,,,,,,,,
69070,海鸥,(标配)磷酸铁锂电池,,30.08,支持,0.5,,30-80,,车右前侧,车右前侧,(标配)弗迪,风冷,9.9,305,,30,,,,刀片电池,2.2,,,,,,,,,
69068,海鸥,(标配)磷酸铁锂电池,,30.08,支持,0.5,,30-80,,车右前侧,车右前侧,(标配)弗迪,风冷,9.9,305,,30,,,,刀片电池,2.2,,,,,,,,,
71691,海鸥,(标配)磷酸铁锂电池,,38.88,支持,0.5,,30-80,,车右前侧,车右前侧,(标配)弗迪,直冷,10.1,405,,40,,,,刀片电池,2.2,,,,,,,,,
71065,海鸥,(标配)磷酸铁锂电池,,30.08,支持,0.5,,30-80,,车右前侧,车右前侧,(标配)弗迪,风冷,9.9,305,,30,,,,刀片电池,2.2,,,,,,,,,
69069,海鸥,(标配)磷酸铁锂电池,,30.08,支持,0.5,,30-80,,车右前侧,车右前侧,(标配)弗迪,风冷,9.9,305,,30,,,,刀片电池,2.2,,,,,,,,,
71690,海鸥,(标配)磷酸铁锂电池,,38.88,支持,0.5,,30-80,,车右前侧,车右前侧,(标配)弗迪,直冷,10.1,405,,40,,,,刀片电池,2.2,,,,,,,,,
71292,汉L,(标配)磷酸铁锂电池,,83.2,支持,0.1,,10-70,,车右后侧,车右后侧,(标配)弗迪,直冷,13.7,701,,1000,,,,刀片电池,6,支持,1000,,,,,,,
71392,汉L,(标配)磷酸铁锂电池,,83.2,支持,0.1,,10-70,,车右后侧,车右后侧,(标配)弗迪,直冷,13.7,701,,1000,,,,刀片电池,6,支持,1000,,,,,,,
72523,汉L,(标配)磷酸铁锂电池,,83.2,支持,0.1,,10-70,,车右后侧,车右后侧,(标配)弗迪,直冷,16.0,601,,1000,,,,刀片电池,6,支持,1000,,,,,,,
71393,汉L,(标配)磷酸铁锂电池,170,29.4,支持,,,,,车右后侧,车右后侧,(标配)弗迪,直冷,16.9,200,,64,,,,刀片电池,6,,,,,,,,,
71435,汉L,(标配)磷酸铁锂电池,170,29.4,支持,,,,,车右后侧,车右后侧,(标配)弗迪,直冷,16.9,200,,64,,,,刀片电池,6,,,,,,,,,
72209,汉L,(标配)磷酸铁锂电池,145,29.4,支持,,,,,车右后侧,车右后侧,(标配)弗迪,直冷,18.2,180,,64,,,,刀片电池,6,,,,,,,,,
71703,汉,(标配)磷酸铁锂电池,,72,支持,0.42,,80,,车右后侧,车右后侧,(标配)弗迪,直冷,13.3,605,150,130,,,,刀片电池,6,支持,800,,,,,,,
69813,汉,(标配)磷酸铁锂电池,,72,支持,0.42,,80,,车右后侧,车右后侧,(标配)弗迪,直冷,13.3,605,150,130,,,,刀片电池,6,支持,800,,,,,,,
71707,汉,(标配)磷酸铁锂电池,,72,支持,0.42,,80,,车右后侧,车右后侧,(标配)弗迪,直冷,13.3,605,150,130,,,,刀片电池,6,支持,800,,,,,,,
72515,汉,(标配)磷酸铁锂电池,,79.6,支持,0.5,,80,,车右后侧,车右后侧,(标配)弗迪,直冷,13.5,701,150,155,,,,刀片电池,6,支持,800,,,,,,,
71706,汉,(标配)磷酸铁锂电池,,79.6,支持,0.5,,80,,车右后侧,车右后侧,(标配)弗迪,直冷,13.5,701,150,155,,,,刀片电池,6,支持,800,,,,,,,
66906,汉,(标配)磷酸铁锂电池,,79.6,支持,0.5,,80,,车右后侧,车右后侧,(标配)弗迪,直冷,13.5,701,150,155,,,,刀片电池,6,支持,800,,,,,,,
71591,汉,(标配)磷酸铁锂电池,,79.6,支持,0.5,,80,,车右后侧,车右后侧,(标配)弗迪,直冷,13.5,701,150,155,,,,刀片电池,6,支持,800,,,,,,,
71534,汉,(标配)磷酸铁锂电池,,79.6,支持,0.5,,80,,车右后侧,车右后侧,(标配)弗迪,直冷,13.5,701,150,155,,,,刀片电池,6,支持,800,,,,,,,
45619,汉,(标配)磷酸铁锂电池,,,支持,,,,,车右后侧,车右后侧,(标配)弗迪,直冷,15.0,125,,40,,,,刀片电池,6,,,,,,,,,
72514,汉,(标配)磷酸铁锂电池,,,支持,,,,,车右后侧,车右后侧,(标配)弗迪,直冷,15.0,125,,40,,,,刀片电池,6,,,,,,,,,
71705,汉,(标配)磷酸铁锂电池,,,支持,,,,,车右后侧,车右后侧,(标配)弗迪,直冷,15.0,125,,40,,,,刀片电池,6,,,,,,,,,
69817,汉,(标配)磷酸铁锂电池,,,支持,,,,,车右后侧,车右后侧,(标配)弗迪,直冷,15.0,125,,40,,,,刀片电池,6,,,,,,,,,
69816,汉,(标配)磷酸铁锂电池,,,支持,,,,,车右后侧,车右后侧,(标配)弗迪,直冷,15.0,125,,40,,,,刀片电池,6,,,,,,,,,
69814,汉,(标配)磷酸铁锂电池,,,支持,,,,,车右后侧,车右后侧,(标配)弗迪,直冷,15.0,125,,40,,,,刀片电池,6,,,,,,,,,
69815,汉,(标配)磷酸铁锂电池,,,支持,,,,,车右后侧,车右后侧,(标配)弗迪,直冷,15.0,125,,40,,,,刀片电池,6,,,,,,,,,
71704,汉,(标配)磷酸铁锂电池,,,支持,,,,,车右后侧,车右后侧,(标配)弗迪,直冷,15.0,125,,40,,,,刀片电池,6,,,,,,,,,
71533,汉,(标配)磷酸铁锂电池,,,支持,,,,,车右后侧,车右后侧,(标配)弗迪,直冷,15.0,125,,40,,,,刀片电池,6,,,,,,,,,
71535,汉,(标配)磷酸铁锂电池,,,支持,,,,,车右后侧,车右后侧,(标配)弗迪,直冷,15.0,125,,40,,,,刀片电池,6,,,,,,,,,
52453,汉,(标配)磷酸铁锂电池,,,支持,,,,,车右后侧,车右后侧,(标配)弗迪,直冷,15.0,125,,40,,,,刀片电池,6,,,,,,,,,
66774,汉,(标配)磷酸铁锂电池,,60.48,支持,0.42,,80,,车右后侧,车右后侧,(标配)弗迪,直冷,13.2,506,150,110,,,,刀片电池,3.3,,,,,,,,,
66909,汉,(标配)磷酸铁锂电池,,60.48,支持,0.42,,80,,车右后侧,车右后侧,(标配)弗迪,直冷,13.2,506,150,110,,,,刀片电池,3.3,,,,,,,,,
66905,汉,(标配)磷酸铁锂电池,,18.316,支持,,,,,车右后侧,车右后侧,(标配)弗迪,直冷,,,,40,,,121,刀片电池,6,,,,,,,,,
71623,汉,(标配)磷酸铁锂电池,,18.316,支持,,,,,车右后侧,车右后侧,(标配)弗迪,直冷,,,,40,,,121,刀片电池,6,,,,,,,,,
66903,汉,(标配)磷酸铁锂电池,,18.316,支持,,,,,车右后侧,车右后侧,(标配)弗迪,直冷,,,,40,,,121,刀片电池,6,,,,,,,,,
67270,汉,(标配)磷酸铁锂电池,,18.316,支持,,,,,车右后侧,车右后侧,(标配)弗迪,直冷,,,,40,,,121,刀片电池,6,,,,,,,,,
69143,汉,(标配)磷酸铁锂电池,,30.772,支持,,,,,车右后侧,车右后侧,(标配)弗迪,直冷,,,,65,,,200,刀片电池,6,,,,,,,,,
66773,汉,(标配)磷酸铁锂电池,,36.01,支持,,,,,车右后侧,车右后侧,(标配)弗迪,直冷,,,,75,,,200,刀片电池,6,,,,,,,,,
66902,汉,(标配)磷酸铁锂电池,,18.316,支持,,,,,车右后侧,车右后侧,(标配)弗迪,直冷,,,,40,,,121,刀片电池,6,,,,,,,,,
69802,汉,(标配)磷酸铁锂电池,,60.48,支持,0.42,,80,,车右后侧,车右后侧,(标配)弗迪,直冷,13.20,506,150,110,不支持,,,刀片电池,3.3,,,,,,,,,
69142,汉,(标配)磷酸铁锂电池,,72,支持,0.42,,80,,车右后侧,车右后侧,(标配)弗迪,直冷,13.30,605,150,130,不支持,,,刀片电池,6,,,,,,,,,
69144,汉,(标配)磷酸铁锂电池,,85.44,支持,0.5,,80,,车右后侧,车右后侧,(标配)弗迪,直冷,13.50,715,150,155,不支持,,,刀片电池,6,,,,,,,,,
66753,汉,(标配)磷酸铁锂电池,,85.44,支持,0.5,,80,,车右后侧,车右后侧,(标配)弗迪,直冷,14.90,610,150,155,不支持,,,刀片电池,6,,,,,,,,,
66907,汉,(标配)磷酸铁锂电池,,64.8,,0.42,,80,,,,,直冷,13.9,,,,,,506,,,,,,,,,,,
66908,汉,(标配)磷酸铁锂电池,,76.9,,0.42,,80,,,,,直冷,14.1,,,,,,605,,,,,,,,,,,
69209,宋PLUS新能源,(标配)磷酸铁锂电池,60,12.9,不支持,,,,,车右后侧,,(标配)弗迪,直冷,,75,,,,,,刀片电池,3.3,,,1415,,,,,,
69254,宋PLUS新能源,(标配)磷酸铁锂电池,91,18.3,支持,0.38,,30-80,,车右后侧,车右后侧,(标配)弗迪,直冷,15.9,112,,26,,,,刀片电池,3.3,,,1450,,,,,,
71524,宋PLUS新能源,(标配)磷酸铁锂电池,91,18.3,支持,0.38,,30-80,,车右后侧,车右后侧,(标配)弗迪,直冷,15.9,112,,26,,,,刀片电池,3.3,,,1450,,,,,,
69253,宋PLUS新能源,(标配)磷酸铁锂电池,128,26.6,支持,0.28,,30-80,,车右后侧,车右后侧,(标配)弗迪,直冷,16.8,160,,54,,,,刀片电池,6,,,1500,,,,,,
71657,宋PLUS新能源,(标配)磷酸铁锂电池,128,26.6,支持,0.28,,30-80,,车右后侧,车右后侧,(标配)弗迪,直冷,16.8,160,,54,,,,刀片电池,6,,,1500,,,,,,
71656,宋PLUS新能源,(标配)磷酸铁锂电池,,71.8,支持,0.5,,30-80,,车右后侧,车左后侧,(标配)弗迪,液冷,13.7,520,,90,,,,刀片电池,3.3,,,,,,,,,
69513,宋PLUS新能源,(标配)磷酸铁锂电池,,71.8,支持,0.5,,30-80,,车右后侧,车左后侧,(标配)弗迪,液冷,13.7,520,,90,,,,刀片电池,3.3,,,,,,,,,
69210,宋PLUS新能源,(标配)磷酸铁锂电池,,87.04,支持,0.46,,30-80,,车右后侧,车左后侧,(标配)弗迪,液冷,14.1,605,,140,,,,刀片电池,3.3,,,,,,,,,
69252,宋PLUS新能源,(标配)磷酸铁锂电池,60,12.9,不支持,,,,,车右后侧,,(标配)弗迪,直冷,13.2,75,,,,,,刀片电池,3.3,,,1415,,,,,,
71481,宋PLUS新能源,(标配)磷酸铁锂电池,91,18.3,支持,0.38,,30-80,,车右后侧,车右后侧,(标配)弗迪,直冷,15.9,112,,26,,,,刀片电池,3.3,,,1450,,,,,,
71470,宋PLUS新能源,(标配)磷酸铁锂电池,91,18.3,支持,0.38,,30-80,,车右后侧,车右后侧,(标配)弗迪,直冷,15.9,112,,26,,,,刀片电池,3.3,,,1450,,,,,,
71520,宋PLUS新能源,(标配)磷酸铁锂电池,128,26.6,支持,0.28,,30-80,,车右后侧,车右后侧,(标配)弗迪,直冷,16.8,160,,54,,,,刀片电池,6,,,1500,,,,,,
69514,宋PLUS新能源,(标配)磷酸铁锂电池,128,26.6,支持,0.28,,30-80,,车右后侧,车右后侧,(标配)弗迪,直冷,16.8,160,,54,,,,刀片电池,6,,,1500,,,,,,
72520,宋PLUS新能源,(标配)磷酸铁锂电池,,71.8,支持,0.5,,30-80,,车右后侧,车左后侧,(标配)弗迪,液冷,13.7,520,,90,,,,刀片电池,3.3,,,,,,,,,
71525,宋PLUS新能源,(标配)磷酸铁锂电池,,71.8,支持,0.5,,30-80,,车右后侧,车左后侧,(标配)弗迪,液冷,13.7,520,,90,,,,刀片电池,3.3,,,,,,,,,
69512,宋PLUS新能源,(标配)磷酸铁锂电池,,87.04,支持,0.46,,30-80,,车右后侧,车左后侧,(标配)弗迪,液冷,14.1,605,,140,,,,刀片电池,3.3,,,,,,,,,
71480,宋PLUS新能源,(标配)磷酸铁锂电池,,71.8,支持,0.5,,30-80,,车右后侧,车左后侧,(标配)弗迪,液冷,13.7,520,,90,,,,刀片电池,3.3,,,,,,,,,
72208,唐L,(标配)磷酸铁锂电池,165,35.6,支持,,,,,车右后侧,车右后侧,(标配)弗迪,直冷,18.8,215,,71,,,,刀片电池,6,,,,,,,,,
72468,唐L,(标配)磷酸铁锂电池,150,35.6,支持,,,,,车右后侧,车右后侧,(标配)弗迪,直冷,20.1,200,,71,,,,刀片电池,6,,,,,,,,,
71390,唐L,(标配)磷酸铁锂电池,135,35.6,支持,,,,,车右后侧,车右后侧,(标配)弗迪,直冷,21.0,175,,71,,,,刀片电池,6,,,,,,,,,
71391,唐L,(标配)磷酸铁锂电池,,100.5,支持,0.1,,10-70,,车右后侧,车右后侧,(标配)弗迪,直冷,17.4,670,,1000,,,,刀片电池,6,支持,1000,,,,,,,
71291,唐L,(标配)磷酸铁锂电池,,100.5,支持,0.1,,10-70,,车右后侧,车右后侧,(标配)弗迪,直冷,17.4,670,,1000,,,,刀片电池,6,支持,1000,,,,,,,
71389,唐L,(标配)磷酸铁锂电池,,100.5,支持,0.1,,10-70,,车右后侧,车右后侧,(标配)弗迪,直冷,19.1,600,,1000,,,,刀片电池,6,支持,1000,,,,,,,
70346,夏,(标配)磷酸铁锂电池,80,20.39,支持,0.3,3.1,30-80,15-100,车右后侧,车右后侧,(标配)弗迪,直冷,18.5,100,102,41,,,,刀片电池,6,,,,,,,,,
72517,夏,(标配)磷酸铁锂电池,80,20.39,支持,0.3,3.1,30-80,15-100,车右后侧,车右后侧,(标配)弗迪,直冷,18.5,100,102,41,,,,刀片电池,6,,,,,,,,,
71228,夏,(标配)磷酸铁锂电池,145,36.6,支持,0.3,5.4,30-80,15-100,车右后侧,车右后侧,(标配)弗迪,直冷,22.1,180,111,73,,,,刀片电池,6,,,1060,,,,,,
69726,夏,(标配)磷酸铁锂电池,145,36.6,支持,0.3,5.4,30-80,15-100,车右后侧,车右后侧,(标配)弗迪,直冷,22.1,180,111,73,,,,刀片电池,6,,,1060,,,,,,
71227,夏,(标配)磷酸铁锂电池,80,20.39,支持,0.3,3.1,30-80,15-100,车右后侧,车右后侧,(标配)弗迪,直冷,18.5,100,102,41,,,,刀片电池,6,,,,,,,,,
71489,海豹06新能源,(标配)磷酸铁锂电池,60,10.08,,,3.42,,15-100,车右后侧,,(标配)弗迪,直冷,11.1,80,,,,,,刀片电池,3.3,,,,,,,,,
66640,海豹06新能源,(标配)磷酸铁锂电池,60,10.08,,,3.42,,15-100,车右后侧,,(标配)弗迪,直冷,11.1,80,,,,,,刀片电池,3.3,,,,,,,,,
66680,海豹06新能源,(标配)磷酸铁锂电池,90,15.87,支持,0.42,2.5,30-80,15-100,车右后侧,车右后侧,(标配)弗迪,直冷,13.6,120,,23,,,,刀片电池,3.3,,,,,,,,,
68514,海豹06新能源,(标配)磷酸铁锂电池,90,15.87,支持,0.42,2.5,30-80,15-100,车右后侧,车右后侧,(标配)弗迪,直冷,13.6,120,,23,,,,刀片电池,3.3,,,,,,,,,
71468,海豹06新能源,(标配)磷酸铁锂电池,90,15.87,支持,0.42,2.5,30-80,15-100,车右后侧,车右后侧,(标配)弗迪,直冷,13.6,120,,23,,,,刀片电池,3.3,,,,,,,,,
71469,海豹06新能源,(标配)磷酸铁锂电池,60,10.08,,,3.42,,15-100,车右后侧,,(标配)弗迪,直冷,11.1,80,,,,,,刀片电池,,,,,,,,,,
71467,海豹06新能源,(标配)磷酸铁锂电池,60,10.08,,,3.42,,15-100,车右后侧,,(标配)弗迪,直冷,11.1,80,,,,,,刀片电池,,,,,,,,,,
68516,海豹06新能源,(标配)磷酸铁锂电池,90,15.87,支持,0.42,2.5,30-80,15-100,车右后侧,车右后侧,(标配)弗迪,直冷,13.6,120,,23,,,,刀片电池,,,,,,,,,,
71675,海豹06新能源,(标配)磷酸铁锂电池,90,15.87,支持,0.42,2.5,30-80,15-100,车右后侧,车右后侧,(标配)弗迪,直冷,13.6,120,,23,,,,刀片电池,,,,,,,,,,
68515,海豹06新能源,(标配)磷酸铁锂电池,90,15.87,支持,0.42,2.5,30-80,15-100,车右后侧,车右后侧,(标配)弗迪,直冷,13.6,120,,23,,,,刀片电池,,,,,,,,,,
71700,唐新能源,(标配)磷酸铁锂电池,95,21.504,支持,,,,,车右后侧,车右后侧,(标配)弗迪,液冷,17.8,115,,40,,,,刀片电池,6,,,,,15,,,,
67875,唐新能源,(标配)磷酸铁锂电池,95,21.504,支持,,,,,车右后侧,车右后侧,(标配)弗迪,液冷,17.8,115,,40,,,,刀片电池,6,,,,,15,,,,
67874,唐新能源,(标配)磷酸铁锂电池,95,21.504,支持,,,,,车右后侧,车右后侧,(标配)弗迪,液冷,17.8,115,,40,,,,刀片电池,6,,,,,15,,,,
67879,唐新能源,(标配)磷酸铁锂电池,95,21.504,支持,,,,,车右后侧,车右后侧,(标配)弗迪,液冷,17.8,115,,40,,,,刀片电池,6,,,,,15,,,,
71699,唐新能源,(标配)磷酸铁锂电池,95,21.504,支持,,,,,车右后侧,车右后侧,(标配)弗迪,液冷,,115,,40,,,,刀片电池,6,,,,,15,,,,
67877,唐新能源,(标配)磷酸铁锂电池,95,21.504,支持,,,,,车右后侧,车右后侧,(标配)弗迪,液冷,,115,,40,,,,刀片电池,6,,,,,15,,,,
66835,唐新能源,(标配)磷酸铁锂电池,95,21.504,支持,,,,,车右后侧,车右后侧,(标配)弗迪,液冷,,115,,40,,,,刀片电池,6,,,,,15,,,,
67878,唐新能源,(标配)磷酸铁锂电池,95,21.504,支持,,,,,车右后侧,车右后侧,(标配)弗迪,液冷,,115,,40,,,,刀片电池,6,,,,,15,,,,
66858,唐新能源,(标配)磷酸铁锂电池,,90.3,支持,0.5,,80,,车右后侧,车左后侧,(标配)弗迪,,15.7,600,147,140,,,,刀片电池,,,,,,,,,,
70476,唐新能源,(标配)磷酸铁锂电池,,108.8,支持,0.5,,80,,车右后侧,车左后侧,(标配)弗迪,,15.6,730,150,170,,,,刀片电池,,,,,,,,,,
66857,唐新能源,(标配)磷酸铁锂电池,,108.8,支持,0.5,,80,,车右后侧,车左后侧,(标配)弗迪,,17.6,635,150,170,,,,刀片电池,,,,,,,,,,
71701,唐新能源,(标配)磷酸铁锂电池,189,45.8,支持,0.33,,80,,车右后侧,车右后侧,(标配)弗迪,,24.8,,,90,,,215,刀片电池,6,,,,1020,15,,,,
67876,唐新能源,(标配)磷酸铁锂电池,189,45.8,支持,0.33,,80,,车右后侧,车右后侧,(标配)弗迪,,24.8,,,90,,,215,刀片电池,6,,,,1020,15,,,,
70475,唐新能源,(标配)磷酸铁锂电池,189,45.8,支持,0.33,,80,,车右后侧,车右后侧,(标配)弗迪,,24.8,,,90,,,215,刀片电池,6,,,,1020,15,,,,
71702,唐新能源,(标配)磷酸铁锂电池,95,21.504,支持,,,,,车右后侧,车右后侧,(标配)弗迪,液冷,18.2,,,40,,,112,刀片电池,6,,,,1050,15,,,,
70416,唐新能源,(标配)磷酸铁锂电池,95,21.504,支持,,,,,车右后侧,车右后侧,(标配)弗迪,液冷,18.2,,,40,,,112,刀片电池,6,,,,1050,15,,,,
70454,唐新能源,(标配)磷酸铁锂电池,95,21.504,支持,,,,,车右后侧,车右后侧,(标配)弗迪,液冷,18.2,,,40,,,112,刀片电池,6,,,,1050,15,,,,
66775,唐新能源,(标配)磷酸铁锂电池,150,35.03,支持,,,,,车右后侧,车右后侧,(标配)弗迪,液冷,18.2,,,70,,,200,刀片电池,6,,,,1100,15,,,,
71682,宋Pro新能源,(标配)磷酸铁锂电池,,12.9,,,,,,车右后侧,,(标配)弗迪,,13.1,75,,,,,,刀片电池,3.3,,,,,,,,,
70059,宋Pro新能源,(标配)磷酸铁锂电池,,12.9,,,,,,车右后侧,,(标配)弗迪,,13.1,75,,,,,,刀片电池,3.3,,,,,,,,,
69112,宋Pro新能源,(标配)磷酸铁锂电池,,18.3,支持,,,,,车右后侧,车右后侧,(标配)弗迪,,15.8,115,,18,,,,刀片电池,3.3,,,,,,,,,
71681,宋Pro新能源,(标配)磷酸铁锂电池,,18.3,支持,,,,,车右后侧,车右后侧,(标配)弗迪,,15.8,115,,18,,,,刀片电池,3.3,,,,,,,,,
66963,宋Pro新能源,(标配)磷酸铁锂电池,,12.9,,,,,,车右后侧,,(标配)弗迪,,,75,,,,,,刀片电池,3.3,,,,,,,,,
69113,宋Pro新能源,(标配)磷酸铁锂电池,,12.9,,,,,,车右后侧,,(标配)弗迪,,,75,,,,,,刀片电池,3.3,,,,,,,,,
71627,宋Pro新能源,(标配)磷酸铁锂电池,,18.3,支持,,,,,车右后侧,车右后侧,(标配)弗迪,,15.8,115,,18,,,,刀片电池,3.3,,,,,,,,,
66965,宋Pro新能源,(标配)磷酸铁锂电池,,18.3,支持,,,,,车右后侧,车右后侧,(标配)弗迪,,15.8,115,,18,,,,刀片电池,3.3,,,,,,,,,
71680,宋Pro新能源,(标配)磷酸铁锂电池,59,12.9,,,,,,车右后侧,,(标配)弗迪,,,,,18,,,71,刀片电池,,,,,,,,,,
66964,宋Pro新能源,(标配)磷酸铁锂电池,59,12.9,,,,,,车右后侧,,(标配)弗迪,,,,,18,,,71,刀片电池,,,,,,,,,,
66966,宋Pro新能源,(标配)磷酸铁锂电池,59,12.9,,,,,,车右后侧,,(标配)弗迪,,,,,18,,,71,刀片电池,,,,,,,,,,
70060,宋Pro新能源,(标配)磷酸铁锂电池,85,18.3,,,,,,车右后侧,,(标配)弗迪,,,,,18,,,110,刀片电池,,,,,,,,,,
66951,宋Pro新能源,(标配)磷酸铁锂电池,85,18.3,支持,,,,,车右后侧,车右后侧,(标配)弗迪,,,,,18,,,110,刀片电池,,,,,,,,,,
72031,元PLUS,(标配)磷酸铁锂电池,,49.92,支持,0.5,7.13,30-80,,车右前侧,车右前侧,(标配)弗迪,直冷,12.2,430,140,70,,,,刀片电池,3.3,,,,,,,,,
71852,元PLUS,(标配)磷酸铁锂电池,,49.92,支持,0.5,7.13,30-80,,车右前侧,车右前侧,(标配)弗迪,直冷,12.2,430,140,70,,,,刀片电池,3.3,,,,,,,,,
71817,元PLUS,(标配)磷酸铁锂电池,,60.48,支持,0.5,8.64,30-80,,车右前侧,车右前侧,(标配)弗迪,直冷,12.5,510,150,80,,,,刀片电池,3.3,,,,,,,,,
66988,元PLUS,(标配)磷酸铁锂电池,,60.48,支持,0.5,8.64,30-80,,车右前侧,车右前侧,(标配)弗迪,直冷,12.5,510,150,80,,,,刀片电池,3.3,,,,,,,,,
71427,元PLUS,(标配)磷酸铁锂电池,,60.48,支持,0.5,8.64,30-80,,车右前侧,车右前侧,(标配)弗迪,直冷,12.5,510,150,80,,,,刀片电池,3.3,,,,,,,,,
71918,元PLUS,(标配)磷酸铁锂电池,,49.92,支持,0.5,7.13,30-80,,车右前侧,车右前侧,(标配)弗迪,直冷,12.2,430,140,70,,,,刀片电池,,,,,,,,,,
66991,元PLUS,(标配)磷酸铁锂电池,,49.92,支持,0.5,7.13,30-80,,车右前侧,车右前侧,(标配)弗迪,直冷,12.2,430,140,70,,,,刀片电池,3.3,,,,,,,,,
66992,元PLUS,(标配)磷酸铁锂电池,,60.48,支持,0.5,8.64,30-80,,车右前侧,车右前侧,(标配)弗迪,直冷,12.5,510,150,80,,,,刀片电池,3.3,,,,,,,,,
66990,元PLUS,(标配)磷酸铁锂电池,,60.48,支持,0.5,8.64,30-80,,车右前侧,车右前侧,(标配)弗迪,直冷,12.5,510,150,80,,,,刀片电池,3.3,,,,,,,,,
66989,元PLUS,(标配)磷酸铁锂电池,,60.48,支持,0.5,8.64,30-80,,车右前侧,车右前侧,(标配)弗迪,直冷,12.5,510,150,80,,,,刀片电池,3.3,,,,,,,,,
71603,宋L DM-i,(标配)磷酸铁锂电池,60,12.9,,,,,,车右后侧,,(标配)弗迪,直冷,13.2,75,,,,,,刀片电池,3.3,,,,,,,,,
71502,宋L DM-i,(标配)磷酸铁锂电池,91,18.3,支持,0.38,,30-80,,车右后侧,车右后侧,(标配)弗迪,直冷,15.9,112,,26,,,,刀片电池,3.3,,,,,,,,,
69065,宋L DM-i,(标配)磷酸铁锂电池,91,18.3,支持,0.38,,30-80,,车右后侧,车右后侧,(标配)弗迪,直冷,15.9,112,,26,,,,刀片电池,3.3,,,,,,,,,
68737,宋L DM-i,(标配)磷酸铁锂电池,128,26.6,支持,0.28,,30-80,,车右后侧,车右后侧,(标配)弗迪,直冷,16.8,160,,54,,,,刀片电池,6,,,,,,,,,
69066,宋L DM-i,(标配)磷酸铁锂电池,128,26.6,支持,0.28,,30-80,,车右后侧,车右后侧,(标配)弗迪,直冷,16.8,160,,54,,,,刀片电池,6,,,,,,,,,
69265,宋L DM-i,(标配)磷酸铁锂电池,60,12.9,,,,,,车右后侧,,(标配)弗迪,直冷,,75,,,,,,刀片电池,3.3,,,,,,,,,
71473,宋L DM-i,(标配)磷酸铁锂电池,91,18.3,支持,0.38,,30-80,,车右后侧,车右后侧,(标配)弗迪,直冷,15.9,112,,26,,,,刀片电池,3.3,,,,,,,,,
71628,宋L DM-i,(标配)磷酸铁锂电池,91,18.3,支持,0.38,,30-80,,车右后侧,车右后侧,(标配)弗迪,直冷,15.9,112,,26,,,,刀片电池,3.3,,,,,,,,,
69067,宋L DM-i,(标配)磷酸铁锂电池,128,26.6,支持,0.28,,30-80,,车右后侧,车右后侧,(标配)弗迪,直冷,16.8,160,,54,,,,刀片电池,6,,,,,,,,,
71676,宋L DM-i,(标配)磷酸铁锂电池,128,26.6,支持,0.28,,30-80,,车右后侧,车右后侧,(标配)弗迪,直冷,16.8,160,,54,,,,刀片电池,6,,,,,,,,,
71072,海狮05 EV,(标配)磷酸铁锂电池,,50.05,支持,0.3,,30-80,,车右后侧,车右后侧,(标配)弗迪,直冷,12.5,430,,130,,,,刀片电池,3.3,,,,,,,,,
71057,海狮05 EV,(标配)磷酸铁锂电池,,60.9,支持,0.3,,30-80,,车右后侧,车右后侧,(标配)弗迪,直冷,12.7,520,,156,,,,刀片电池,3.3,,,,,,,,,
72236,海狮05 EV,(标配)磷酸铁锂电池,,60.9,支持,0.3,,30-80,,车右后侧,车右后侧,(标配)弗迪,直冷,12.7,520,,156,,,,刀片电池,3.3,,,,,,,,,
69005,海豚,(标配)磷酸铁锂电池,,44.928,支持,0.5,,30-80,,车右前侧,车右前侧,(标配)弗迪,直冷,10.5,420,140.56,60,,,,刀片电池,2.2,,,,,,,,,
69004,海豚,(标配)磷酸铁锂电池,,44.928,支持,0.5,,30-80,,车右前侧,车右前侧,(标配)弗迪,直冷,11.2,420,140.56,60,,,,刀片电池,2.2,,,,,,,,,
69006,海豚,(标配)磷酸铁锂电池,,44.928,支持,0.5,,30-80,,车右前侧,车右前侧,(标配)弗迪,直冷,11.2,420,140.56,60,,,,刀片电池,2.2,,,,,,,,,
71049,海豚,(标配)磷酸铁锂电池,,60.48,支持,0.5,,30-80,,车右前侧,车右前侧,(标配)弗迪,直冷,13.1,520,150.6,80,,,,刀片电池,2.2,,,,,,,,,
66316,海豚,(标配)磷酸铁锂电池,,45.12,支持,0.42,,30-80,,车右前侧,车右前侧,(标配)弗迪,直冷,11.2,420,140.56,80,,,,刀片电池,2.2,,,,,,,,,
71050,海豚,(标配)磷酸铁锂电池,,45.12,支持,0.42,,30-80,,车右前侧,车右前侧,(标配)弗迪,直冷,11.3,410,140.56,80,,,,刀片电池,2.2,,,,,,,,,
71048,海豚,(标配)磷酸铁锂电池,,60.48,支持,0.42,,30-80,,车右前侧,车右前侧,(标配)弗迪,直冷,12.9,520,150.6,110,,,,刀片电池,2.2,,,,,,,,,
66930,海豹,(标配)磷酸铁锂电池,,61.44,支持,0.42,,10-80,,车右后侧,车右后侧,(标配)弗迪,直冷,13,510,,180,,,,刀片电池,,,,,,,,,,
69345,海豹,(标配)磷酸铁锂电池,,61.44,支持,0.42,,10-80,,车右后侧,车右后侧,(标配)弗迪,直冷,13,510,,180,,,,刀片电池,,,,,,,,,,
71665,海豹,(标配)磷酸铁锂电池,,80.64,支持,0.42,,10-80,,车右后侧,车右后侧,(标配)弗迪,直冷,13.4,650,,230,,,,刀片电池,,支持,800,,,,,,,
71664,海豹,(标配)磷酸铁锂电池,,80.64,支持,0.42,,10-80,,车右后侧,车右后侧,(标配)弗迪,直冷,13.4,650,,230,,,,刀片电池,,支持,800,,,,,,,
71666,海豹,(标配)磷酸铁锂电池,,80.64,支持,0.42,,10-80,,车右后侧,车右后侧,(标配)弗迪,直冷,13.4,650,,230,,,,刀片电池,,支持,800,,,,,,,
67384,海豹,(标配)磷酸铁锂电池,,80.64,支持,0.42,,10-80,,车右后侧,车右后侧,(标配)弗迪,直冷,13.4,650,,230,,,,刀片电池,,支持,800,,,,,,,
66926,海豹,(标配)磷酸铁锂电池,,80.64,支持,0.42,,10-80,,车右后侧,车右后侧,(标配)弗迪,直冷,14.9,600,,230,,,,刀片电池,,支持,800,,,,,,,
69394,海豹,(标配)磷酸铁锂电池,,80.64,支持,0.42,,10-80,,车右后侧,车右后侧,(标配)弗迪,直冷,14.9,600,,230,,,,刀片电池,,支持,800,,,,,,,
66927,海豹,(标配)磷酸铁锂电池,100,17.6,支持,,,,,车右后侧,车右后侧,(标配)弗迪,,,,,38,,,121,刀片电池,3.3,,,,,,,,,
67382,海豹,(标配)磷酸铁锂电池,100,17.6,支持,,,,,车右后侧,车右后侧,(标配)弗迪,,,,,38,,,121,刀片电池,3.3,,,,,,,,,
69392,海豹,(标配)磷酸铁锂电池,100,17.6,支持,,,,,车右后侧,车右后侧,(标配)弗迪,,,,,38,,,121,刀片电池,3.3,,,,,,,,,
71663,海豹,(标配)磷酸铁锂电池,100,17.6,支持,,,,,车右后侧,车右后侧,(标配)弗迪,,,,,38,,,121,刀片电池,3.3,,,,,,,,,
67383,海豹,(标配)磷酸铁锂电池,100,17.6,支持,,,,,车右后侧,车右后侧,(标配)弗迪,,,,,38,,,121,刀片电池,3.3,,,,,,,,,
67381,海豹,(标配)磷酸铁锂电池,160,30.7,支持,,,,,车右后侧,车右后侧,(标配)弗迪,,,,,69,,,200,刀片电池,6,,,,,,,,,
66928,海豹,(标配)磷酸铁锂电池,,61.4,支持,0.5,,80,,,,(标配)弗迪,,12.6,550,,110,,,,刀片电池,,,,,,,,,,
66925,海豹,(标配)磷酸铁锂电池,,61.4,支持,0.5,,80,,,,(标配)弗迪,,12.6,550,,110,,,,刀片电池,,,,,,,,,,
66929,海豹,(标配)磷酸铁锂电池,,82.5,支持,0.5,,80,,,,(标配)弗迪,,13,700,,150,,,,刀片电池,,,,,,,,,,
67380,海豹,(标配)磷酸铁锂电池,,82.5,支持,0.5,,80,,,,(标配)弗迪,,13,700,,150,,,,刀片电池,,,,,,,,,,
69393,海豹,(标配)磷酸铁锂电池,,82.5,支持,0.5,,80,,,,(标配)弗迪,,14.6,650,,150,,,,刀片电池,,,,,,,,,,
70392,海豹06GT,(标配)磷酸铁锂电池,,59.52,支持,0.37,,30-80,,车右后侧,车右后侧,(标配)弗迪,直冷,13,505,,100,,,,刀片电池,3.3,不支持,400,,,,,,,
71667,海豹06GT,(标配)磷酸铁锂电池,,59.52,支持,0.37,,30-80,,车右后侧,车右后侧,(标配)弗迪,直冷,13,505,,100,,,,刀片电池,3.3,不支持,400,,,,,,,
71668,海豹06GT,(标配)磷酸铁锂电池,,72.96,支持,0.33,,30-80,,车右后侧,车右后侧,(标配)弗迪,直冷,13.3,605,,200,,,,刀片电池,3.3,支持,800,,,,,,,
68312,海豹06GT,(标配)磷酸铁锂电池,,72.96,支持,0.33,,30-80,,车右后侧,车右后侧,(标配)弗迪,直冷,14.8,550,,200,,,,刀片电池,3.3,支持,800,,,,,,,
68311,海豹06GT,(标配)磷酸铁锂电池,,59.52,支持,0.37,,30-80,,车右后侧,车右后侧,(标配)弗迪,直冷,13,505,,100,,,,刀片电池,3.3,不支持,400,,,,,,,
68266,海豹06GT,(标配)磷酸铁锂电池,,59.52,支持,0.37,,30-80,,车右后侧,车右后侧,(标配)弗迪,直冷,13,505,,100,,,,刀片电池,3.3,不支持,400,,,,,,,
71670,海豹06GT,(标配)磷酸铁锂电池,,72.96,支持,0.33,,30-80,,车右后侧,车右后侧,(标配)弗迪,直冷,13.3,605,,200,,,,刀片电池,3.3,支持,800,,,,,,,
71669,海豹06GT,(标配)磷酸铁锂电池,,72.96,支持,0.33,,30-80,,车右后侧,车右后侧,(标配)弗迪,直冷,14.8,550,,200,,,,刀片电池,3.3,支持,800,,,,,,,
71684,元UP,(标配)磷酸铁锂电池,,45.12,支持,0.5,,30-80,,车右前侧,车右前侧,(标配)弗迪,直冷,12.2,401,,65,,,,刀片电池,3.3,,,,,,,,,
66139,元UP,(标配)磷酸铁锂电池,,45.12,支持,0.5,,30-80,,车右前侧,车右前侧,(标配)弗迪,直冷,12.2,401,,65,,,,刀片电池,3.3,,,,,,,,,
69175,元UP,(标配)磷酸铁锂电池,,45.12,支持,0.5,,30-80,,车右前侧,车右前侧,(标配)弗迪,直冷,12.2,401,,65,,,,刀片电池,3.3,,,,,,,,,
67007,元UP,(标配)磷酸铁锂电池,,32,支持,0.5,,30-80,,车右前侧,车右前侧,(标配)弗迪,直冷,12,301,,45,,,,刀片电池,3.3,,,,,,,,,
66138,元UP,(标配)磷酸铁锂电池,,45.12,支持,0.5,,30-80,,车右前侧,车右前侧,(标配)弗迪,直冷,12.2,401,,65,,,,刀片电池,,,,,,,,,,
71256,元UP,(标配)磷酸铁锂电池,,45.12,支持,0.5,,30-80,,车右前侧,车右前侧,(标配)弗迪,直冷,12.2,401,,65,,,,刀片电池,3.3,,,,,,,,,
71683,元UP,(标配)磷酸铁锂电池,,45.12,支持,0.5,,30-80,,车右前侧,车右前侧,(标配)弗迪,直冷,12.2,401,,65,,,,刀片电池,3.3,,,,,,,,,
71536,宋L EV,(标配)磷酸铁锂电池,,71.8,支持,0.42,,30-80,,车右后侧,车右后侧,(标配)弗迪,直冷,14.9,550,,115,,,,刀片电池,6,,,,,15,,,,
68095,宋L EV,(标配)磷酸铁锂电池,,87.04,支持,0.42,,30-80,,车右后侧,车右后侧,(标配)弗迪,直冷,14.8,662,,140,,,,刀片电池,6,,800,,,15,,,,
71508,宋L EV,(标配)磷酸铁锂电池,,87.04,支持,0.42,,30-80,,车右后侧,车右后侧,(标配)弗迪,直冷,14.8,662,,140,,,,刀片电池,6,,800,,,15,,,,
69743,宋L EV,(标配)磷酸铁锂电池,,87.04,支持,0.42,,30-80,,车右后侧,车右后侧,(标配)弗迪,直冷,16.5,602,,140,,,,刀片电池,6,,800,,,15,,,,
71503,宋L EV,(标配)磷酸铁锂电池,,71.8,支持,0.42,,30-80,,车右后侧,车右后侧,(标配)弗迪,直冷,14.9,550,,115,,,,刀片电池,6,,,,,15,,,,
69744,宋L EV,(标配)磷酸铁锂电池,,87.04,支持,0.42,,30-80,,车右后侧,车右后侧,(标配)弗迪,直冷,14.8,662,,140,,,,刀片电池,6,,800,,,15,,,,
69742,宋L EV,(标配)磷酸铁锂电池,,87.04,支持,0.42,,30-80,,车右后侧,车右后侧,(标配)弗迪,直冷,14.8,662,,140,,,,刀片电池,6,,800,,,15,,,,
71679,宋L EV,(标配)磷酸铁锂电池,,87.04,支持,0.42,,30-80,,车右后侧,车右后侧,(标配)弗迪,直冷,16.5,602,,140,,,,刀片电池,6,,800,,,15,,,,
66740,驱逐舰05,(标配)磷酸铁锂电池,46,8.3,不支持,,2.5,,,车右后侧,,(标配)弗迪,直冷,11.4,,,,,,55,刀片电池,,,,,,,,,,
69284,驱逐舰05,(标配)磷酸铁锂电池,46,8.3,不支持,,2.5,,,车右后侧,,(标配)弗迪,直冷,11.4,,,,,,55,刀片电池,,,,,,,,,,
66739,驱逐舰05,(标配)磷酸铁锂电池,101,18.3,支持,1.1,5.5,80,,车右后侧,车右后侧,(标配)弗迪,直冷,14.5,,,17,,,120,刀片电池,,,,,,,,,,
69283,驱逐舰05,(标配)磷酸铁锂电池,101,18.3,支持,1.1,5.5,80,,车右后侧,车右后侧,(标配)弗迪,直冷,14.5,,,17,,,120,刀片电池,,,,,,,,,,
66738,驱逐舰05,(标配)磷酸铁锂电池,101,18.3,支持,1.1,5.5,80,,车右后侧,车右后侧,(标配)弗迪,直冷,14.5,,,17,,,120,刀片电池,,,,,,,,,,
66741,驱逐舰05,(标配)磷酸铁锂电池,101,18.3,支持,1.1,5.5,80,,车右后侧,车右后侧,(标配)弗迪,直冷,14.5,,,17,,,120,刀片电池,,,,,,,,,,
66734,驱逐舰05,(标配)磷酸铁锂电池,46,8.3,不支持,,2.5,,,车右后侧,,(标配)弗迪,直冷,11.4,,,,,,55,刀片电池,,,,,,,,,,
66742,驱逐舰05,(标配)磷酸铁锂电池,101,18.3,支持,1.1,5.5,80,,车右后侧,车右后侧,(标配)弗迪,直冷,14.5,,,17,,,120,刀片电池,,,,,,,,,,
71052,海豹05 DM-i,(标配)磷酸铁锂电池,43,7.68,,,,,,车右后侧,,(标配)弗迪,直冷,11.1,55,,,,,,刀片电池,,,,,,,,,,
71313,海豹05 DM-i,(标配)磷酸铁锂电池,43,7.68,,,,,,车右后侧,,(标配)弗迪,直冷,11.1,55,,,,,,刀片电池,,,,,,,,,,
71314,海豹05 DM-i,(标配)磷酸铁锂电池,90,15.87,支持,,,,,车右后侧,车右后侧,(标配)弗迪,直冷,13.6,120,,15,,,,刀片电池,,,,,,,,,,
71695,海狮07 EV,(标配)磷酸铁锂电池,,71.8,支持,0.42,,10-80,,车右后侧,车右后侧,(标配)弗迪,液冷,15.0,550,,180,,,,刀片电池,,,,,,,,,,
71693,海狮07 EV,(标配)磷酸铁锂电池,,80.64,支持,0.42,,10-80,,车右后侧,车右后侧,(标配)弗迪,液冷,15.2,610,,240,,,,刀片电池,,支持,800,,,,,,,
68250,海狮07 EV,(标配)磷酸铁锂电池,,80.64,支持,0.42,,10-80,,车右后侧,车右后侧,(标配)弗迪,液冷,15.2,610,,240,,,,刀片电池,,支持,800,,,,,,,
66476,海狮07 EV,(标配)磷酸铁锂电池,,80.64,支持,0.42,,10-80,,车右后侧,车右后侧,(标配)弗迪,液冷,16.7,550,,240,,,,刀片电池,,支持,800,,,,,,,
71692,海狮07 EV,(标配)磷酸铁锂电池,,71.8,支持,0.42,,10-80,,车右后侧,车右后侧,(标配)弗迪,液冷,15.0,550,,180,,,,刀片电池,,,,,,,,,,
71694,海狮07 EV,(标配)磷酸铁锂电池,,80.64,支持,0.42,,10-80,,车右后侧,车右后侧,(标配)弗迪,液冷,15.2,610,,240,,,,刀片电池,,支持,800,,,,,,,
66475,海狮07 EV,(标配)磷酸铁锂电池,,80.64,支持,0.42,,10-80,,车右后侧,车右后侧,(标配)弗迪,液冷,15.2,610,,240,,,,刀片电池,,支持,800,,,,,,,
58503,海狮07 EV,(标配)磷酸铁锂电池,,80.64,支持,0.42,,10-80,,车右后侧,车右后侧,(标配)弗迪,液冷,16.7,550,,240,,,,刀片电池,,支持,800,,,,,,,
71658,海豹07 DM-i,(标配)磷酸铁锂电池,55,10.08,不支持,,,,,车右后侧,,(标配)弗迪,直冷,11.7,70,,,,,67,刀片电池,6,,,,,,,,,
69348,海豹07 DM-i,(标配)磷酸铁锂电池,100,17.6,支持,,,,,车右后侧,车右后侧,(标配)弗迪,直冷,14,125,,38,,,121,刀片电池,6,,,,,,,,,
69349,海豹07 DM-i,(标配)磷酸铁锂电池,100,17.6,支持,,,,,车右后侧,车右后侧,(标配)弗迪,直冷,14,125,,38,,,121,刀片电池,6,,,,,,,,,
69391,海豹07 DM-i,(标配)磷酸铁锂电池,100,17.6,支持,,,,,车右后侧,车右后侧,(标配)弗迪,直冷,14,125,,38,,,121,刀片电池,6,,,,,,,,,
71660,海豹07 DM-i,(标配)磷酸铁锂电池,100,17.6,支持,,,,,车右后侧,车右后侧,(标配)弗迪,直冷,14.2,125,,38,,,121,刀片电池,6,,,,,,,,,
71662,海豹07 DM-i,(标配)磷酸铁锂电池,55,10.08,不支持,,,,,车右后侧,,(标配)弗迪,直冷,11.7,70,,,,,67,刀片电池,6,,,,,,,,,
69390,海豹07 DM-i,(标配)磷酸铁锂电池,100,17.6,支持,,,,,车右后侧,车右后侧,(标配)弗迪,直冷,14,125,,38,,,121,刀片电池,6,,,,,,,,,
69347,海豹07 DM-i,(标配)磷酸铁锂电池,100,17.6,支持,,,,,车右后侧,车右后侧,(标配)弗迪,直冷,14,125,,38,,,121,刀片电池,6,,,,,,,,,
71659,海豹07 DM-i,(标配)磷酸铁锂电池,100,17.6,支持,,,,,车右后侧,车右后侧,(标配)弗迪,直冷,14,125,,38,,,121,刀片电池,6,,,,,,,,,
71661,海豹07 DM-i,(标配)磷酸铁锂电池,100,17.6,支持,,,,,车右后侧,车右后侧,(标配)弗迪,直冷,14.2,125,,38,,,121,刀片电池,6,,,,,,,,,
71673,海狮05 DM-i,(标配)磷酸铁锂电池,64,12.9,,,,,,车右后侧,,(标配)弗迪,直冷,13.1,75,,,,,,,3.3,,,1360,,,,,,
71671,海狮05 DM-i,(标配)磷酸铁锂电池,64,12.9,,,,,,车右后侧,,(标配)弗迪,直冷,13.1,75,,,,,,,3.3,,,1360,,,,,,
70058,海狮05 DM-i,(标配)磷酸铁锂电池,93,18.3,支持,0.57,,30-80,,车右后侧,车右后侧,(标配)弗迪,直冷,15.8,115,,18,,,,,3.3,,,1400,,,,,,
69114,海狮05 DM-i,(标配)磷酸铁锂电池,93,18.3,支持,0.57,,30-80,,车右后侧,车右后侧,(标配)弗迪,直冷,15.8,115,,18,,,,,3.3,,,1400,,,,,,
71672,海狮05 DM-i,(标配)磷酸铁锂电池,64,12.9,,,,,,车右后侧,,(标配)弗迪,直冷,13.1,75,,,,,,,3.3,,,1360,,,,,,
69115,海狮05 DM-i,(标配)磷酸铁锂电池,64,12.9,,,,,,车右后侧,,(标配)弗迪,直冷,13.1,75,,,,,,,3.3,,,1360,,,,,,
70057,海狮05 DM-i,(标配)磷酸铁锂电池,93,18.3,支持,0.57,,30-80,,车右后侧,车右后侧,(标配)弗迪,直冷,15.8,115,,18,,,,,3.3,,,1400,,,,,,
71674,海狮05 DM-i,(标配)磷酸铁锂电池,93,18.3,支持,0.57,,30-80,,车右后侧,车右后侧,(标配)弗迪,直冷,15.8,115,,18,,,,,3.3,,,1400,,,,,,
67273,护卫舰07,(标配)磷酸铁锂电池,82,18.3,支持,0.37,,80,,车右后侧,车右后侧,(标配)弗迪,液冷,21.5,,,40,,,100,刀片电池,6,,,,,,,,,
67272,护卫舰07,(标配)磷酸铁锂电池,82,18.3,支持,0.37,,80,,车右后侧,车右后侧,(标配)弗迪,液冷,21.5,,,40,,,100,刀片电池,6,,,,,,,,,
67271,护卫舰07,(标配)磷酸铁锂电池,82,18.3,支持,0.37,,80,,车右后侧,车右后侧,(标配)弗迪,液冷,21.5,,,40,,,100,刀片电池,6,,,,,,,,,
67274,护卫舰07,(标配)磷酸铁锂电池,170,36.8,支持,0.33,,80,,车右后侧,车右后侧,(标配)西安众迪,液冷,22.1,,,75,,,205,刀片电池,6,,,,,,,,,
67250,护卫舰07,(标配)磷酸铁锂电池,150,36.8,支持,0.33,,80,,车右后侧,车右后侧,(标配)西安众迪,液冷,22.8,,,75,,,175,刀片电池,6,,,,,,,,,
67156,比亚迪e2,(标配)磷酸铁锂电池,,43.2,支持,0.5,,80,,车右后侧,车右前侧,(标配)弗迪,液冷,10.3,405,140,40,不支持,,,,,,,,,,,,,
63011,比亚迪e2,(标配)磷酸铁锂电池,,43.2,支持,0.5,,80,,车右后侧,车右前侧,(标配)弗迪,液冷,10.3,405,140,40,不支持,,,,,,,,,,,,,
67157,比亚迪e2,(标配)磷酸铁锂电池,,43.2,支持,0.5,,80,,车右后侧,车右前侧,(标配)弗迪,液冷,10.3,405,140,40,不支持,,,,,,,,,,,,,
62376,元Pro,(标配)磷酸铁锂电池,,38,支持,0.5,,80,,,,(标配)弗迪,液冷,,320,,45,,,,刀片电池,,,,,,,,,,
62377,元Pro,(标配)磷酸铁锂电池,,47.04,支持,0.5,,80,,,,(标配)弗迪,液冷,,401,,60,,,,刀片电池,,,,,,,,,,
62378,元Pro,(标配)磷酸铁锂电池,,47.04,支持,0.5,,80,,,,(标配)弗迪,液冷,,401,,60,,,,刀片电池,,,,,,,,,,
69051,秦新能源,(标配)磷酸铁锂电池,,52.8,支持,0.5,,30-80,,,,(标配)弗迪,液冷,11.5,450,,60,,,,,,,,,,,,,,
69052,秦新能源,(标配)磷酸铁锂电池,,52.8,支持,0.5,,30-80,,,,(标配)弗迪,液冷,11.5,450,,60,,,,,,,,,,,,,,
55331,宋MAX新能源,(标配)磷酸铁锂电池,43,8.3,不支持,,,,,,,(标配)弗迪,,13.2,,,,,,51,刀片电池,,,,,,,,,,
55329,宋MAX新能源,(标配)磷酸铁锂电池,43,8.3,不支持,,,,,,,(标配)弗迪,,13.2,,,,,,51,刀片电池,,,,,,,,,,
55328,宋MAX新能源,(标配)磷酸铁锂电池,85,18.3,支持,0.5,,80,,,,(标配)弗迪,,15.9,,,18,,,105,刀片电池,,,,,,,,,,
55330,宋MAX新能源,(标配)磷酸铁锂电池,85,18.3,支持,0.5,,80,,,,(标配)弗迪,,15.9,,,18,,,105,刀片电池,,,,,,,,,,
55009,宋MAX新能源,(标配)磷酸铁锂电池,85,18.3,支持,0.5,,80,,,,(标配)弗迪,,15.9,,,18,,,105,刀片电池,,,,,,,,,,
60687,比亚迪e9,(标配)磷酸铁锂电池,,63.36,支持,0.5,,80,,,,(标配)弗迪,液冷,12.9,,150,,,,506,刀片电池,,,,,,,,,,
60414,比亚迪D1,(标配)磷酸铁锂电池,,53.6,支持,0.5,,80,,,,(标配)弗迪,液冷,,,,,,,418,刀片电池,,,,,,,,,,
63696,比亚迪D1,(标配)磷酸铁锂电池,,53.6,支持,0.58,,80,,,,(标配)弗迪,液冷,12.3,,140,,,,418,刀片电池,,,,,,,,,,
70469,比亚迪e6,(标配)磷酸铁锂电池,,71.7,支持,1.5,,30-80,,,,(标配)弗迪,直冷,13.6,500,,60,,,,,,,,,,,,,,
70470,比亚迪e6,(标配)磷酸铁锂电池,,71.8,支持,1.5,,30-80,,,,(标配)弗迪,液冷,13.7,500,,60,,,,,,,,,,,,,,
51306,比亚迪e3,(标配)磷酸铁锂电池,,43.2,,,,,,车右后侧,车正前,(标配)弗迪,,11.4,,,,,,401,,,,,,,,,,,
52635,比亚迪e3,(标配)磷酸铁锂电池,,43.2,,,,,,车右后侧,车正前,(标配)弗迪,,11.4,,,,,,401,,,,,,,,,,,
69272,大众ID.3,(标配)磷酸铁锂电池,,53.6,支持,0.75,9.5,0-80,0-100,车右后侧,车右后侧,(标配)时代上汽,液冷,13.4,451,,100,,,,,,,,,,,,,,
71677,大众ID.3,(标配)磷酸铁锂电池,,53.6,支持,0.75,9.5,0-80,0-100,车右后侧,车右后侧,(标配)时代上汽,液冷,13.4,451,,100,,,,,,,,,,,,,,
71654,大众ID.3,(标配)磷酸铁锂电池,,53.6,支持,0.75,9.5,0-80,0-100,车右后侧,车右后侧,(标配)时代上汽,液冷,13.4,451,,100,,,,,,,,,,,,,,
69271,大众ID.3,(标配)三元锂电池,,52.8,支持,0.67,8.5,0-80,0-100,车右后侧,车右后侧,(标配)时代上汽,液冷,13.1,450,155,100,,,,,,,,,,,,,,
69273,大众ID.3,(标配)三元锂电池,,52.8,支持,0.67,8.5,0-80,0-100,车右后侧,车右后侧,(标配)时代上汽,液冷,13.1,450,155,100,,,,,,,,,,,,,,
70354,大众ID.3,(标配)三元锂电池,,52.8,支持,0.67,8.5,0-80,0-100,车右后侧,车右后侧,(标配)时代上汽,液冷,13.1,450,155,100,,,,,,,,,,,,,,
69297,大众ID.3,(标配)三元锂电池,,52.8,支持,0.67,8.5,0-80,0-100,车右后侧,车右后侧,(标配)时代上汽,液冷,13.1,450,155,100,,,,,,,,,,,,,,
69298,大众ID.3,(标配)三元锂电池,,52.8,支持,0.67,8.5,0-80,0-100,车右后侧,车右后侧,(标配)时代上汽,液冷,13.1,450,155,100,,,,,,,,,,,,,,
70812,ID.4 CROZZ,(标配)三元锂电池,,55.7,支持,0.67,8.5,80,,车右后侧,车右后侧,(标配)宁德时代,液冷,13.1,442,165,100,不支持,,,,,,,,,,,,,
71288,ID.4 CROZZ,(标配)三元锂电池,,80.4,支持,0.67,12.5,80,,车右后侧,车右后侧,(标配)时代一汽,液冷,14.2,601,175,100,不支持,,,,,,,,,,,,,
71287,ID.4 CROZZ,(标配)三元锂电池,,80.4,支持,0.67,12.5,80,,车右后侧,车右后侧,(标配)时代一汽,液冷,14.2,601,175,100,不支持,,,,,,,,,,,,,
71289,ID.4 CROZZ,(标配)三元锂电池,,80.4,支持,0.67,12.5,80,,车右后侧,车右后侧,(标配)时代一汽,液冷,15.2,560,175,100,不支持,,,,,,,,,,,,,
66302,ID.4 X,(标配)三元锂电池,,52.8,支持,0.67,8.5,0-80,0-100,车右后侧,车右后侧,(标配)宁德时代,液冷,14,425,,,,,,,,,,,,,,,,
66304,ID.4 X,(标配)三元锂电池,,52.8,支持,0.67,8.5,0-80,0-100,车右后侧,车右后侧,(标配)宁德时代,液冷,14,425,,,,,,,,,,,,,,,,
69275,ID.4 X,(标配)三元锂电池,,80.2,支持,0.67,12.5,0-80,0-100,车右后侧,车右后侧,(标配)宁德时代,液冷,14.5,601,,,,,,,,,,,,,,,,
69274,ID.4 X,(标配)三元锂电池,,80.2,支持,0.67,12.5,0-80,0-100,车右后侧,车右后侧,(标配)宁德时代,液冷,14.5,601,,,,,,,,,,,,,,,,
66305,ID.4 X,(标配)三元锂电池,,52.8,支持,0.67,8.5,0-80,0-100,车右后侧,车右后侧,(标配)宁德时代,液冷,14,425,,,,,,,,,,,,,,,,
69276,ID.4 X,(标配)三元锂电池,,80.2,支持,0.67,12.5,0-80,0-100,车右后侧,车右后侧,(标配)宁德时代,液冷,14.5,601,,,,,,,,,,,,,,,,
72043,ID.4 X,(标配)三元锂电池,,80.2,支持,0.67,12.5,0-80,0-100,车右后侧,车右后侧,(标配)宁德时代,液冷,14.5,601,,,,,,,,,,,,,,,,
66303,ID.4 X,(标配)三元锂电池,,80.2,支持,0.67,12.5,0-80,0-100,车右后侧,车右后侧,(标配)宁德时代,液冷,15.8,555,,,,,,,,,,,,,,,,
65987,大众ID.7 VIZZION,(标配)三元锂电池,,84.8,支持,,,,,车右后侧,车右后侧,(标配)时代一汽,液冷,13.7,642,,100,,,,,,,,,,,,,,
62442,大众ID.7 VIZZION,(标配)三元锂电池,,84.8,支持,,,,,车右后侧,车右后侧,(标配)时代一汽,液冷,13.7,642,,100,,,,,,,,,,,,,,
62621,大众ID.7 VIZZION,(标配)三元锂电池,,84.8,支持,,,,,车右后侧,车右后侧,(标配)时代一汽,液冷,13.7,642,,100,,,,,,,,,,,,,,
66190,大众ID.7 VIZZION,(标配)三元锂电池,,84.8,支持,,,,,车右后侧,车右后侧,(标配)时代一汽,液冷,15.4,570,,100,,,,,,,,,,,,,,
67824,ID.6 CROZZ,(标配)三元锂电池,,62.6,支持,0.67,9.5,80,,,,(标配)宁德时代,液冷,,480,170,,不支持,,,,,,,,,,,,,
67826,ID.6 CROZZ,(标配)三元锂电池,,80.4,支持,0.67,12.5,80,,,,(标配)宁德时代,液冷,,601,,,不支持,,,,,,,,,,,,,
67825,ID.6 CROZZ,(标配)三元锂电池,,80.4,支持,0.67,12.5,80,,,,(标配)宁德时代,液冷,,601,,,不支持,,,,,,,,,,,,,
64678,ID.6 CROZZ,(标配)三元锂电池,,80.4,支持,0.67,12.5,80,,,,(标配)宁德时代,液冷,,560,,,不支持,,,,,,,,,,,,,
62714,ID.6 X,(标配)三元锂电池,,63.2,支持,0.67,9.5,0-80,0-100,车右后侧,车右后侧,(标配)宁德时代,液冷,14.6,460,172,,,,,,,,,,,,,,,
62716,ID.6 X,(标配)三元锂电池,,83.4,支持,0.67,12.5,0-80,0-100,车右后侧,车右后侧,(标配)宁德时代,液冷,14.6,617,175,,,,,,,,,,,,,,,
62715,ID.6 X,(标配)三元锂电池,,83.4,支持,0.67,12.5,0-80,0-100,车右后侧,车右后侧,(标配)宁德时代,液冷,14.6,617,175,,,,,,,,,,,,,,,
70633,ID.UNYX 与众,(标配)三元锂电池,,80.2,支持,,,,,车右后侧,车右后侧,(标配)宁德时代,液冷,14.1,614,,100,,,,,,,,,,,,,,
69174,ID.UNYX 与众,(标配)三元锂电池,,80.2,支持,,,,,车右后侧,车右后侧,(标配)宁德时代,液冷,14.1,614,,100,,,,,,,,,,,,,,
69173,ID.UNYX 与众,(标配)三元锂电池,,80.2,支持,,,,,车右后侧,车右后侧,(标配)宁德时代,液冷,15.5,555,,100,,,,,,,,,,,,,,
59533,帕萨特新能源,(标配)三元锂电池,52,13,,,,,,,,(标配)上汽大众,液冷,18.2,,,,,,63,,,,,,,,,,,
59532,帕萨特新能源,(标配)三元锂电池,52,13,,,,,,,,(标配)上汽大众,液冷,18.2,,,,,,63,,,,,,,,,,,
54800,迈腾GTE插电混动,(标配)三元锂电池,,13,,,,,,,,(标配)宁德时代,,15.1,,104,,,,63,,,,,,,,,,,
54801,迈腾GTE插电混动,(标配)三元锂电池,,13,,,,,,,,(标配)宁德时代,,15.1,,104,,,,63,,,,,,,,,,,
59087,途观L新能源,(标配)三元锂电池,,13,,,,,,,,(标配)上汽大众,,16.2,,,,,,55,,,,,,,,,,,
59086,途观L新能源,(标配)三元锂电池,,13,,,,,,,,(标配)上汽大众,,16.2,,,,,,55,,,,,,,,,,,
55512,途锐新能源,(标配)三元锂电池,,18,支持,2.5,10.8,,,,,,,,,,,,,58,,,,,,,,,,,
66573,探岳GTE插电混动,(标配)三元锂电池,46,13,,,,,,,,(标配)宁德时代,液冷,,,,,,,,,,,,,,,,,,
62273,奥迪Q5 e-tron,(标配)三元锂电池,,83.4,支持,,,,,,,(标配)上汽大众,液冷,16.2,550,175,,不支持,,,,,,,,,,,,,
62272,奥迪Q5 e-tron,(标配)三元锂电池,,83.4,支持,,,,,,,(标配)上汽大众,液冷,16.2,550,175,,不支持,,,,,,,,,,,,,
62271,奥迪Q5 e-tron,(标配)三元锂电池,,83.4,支持,,,,,,,(标配)上汽大众,液冷,15.9,560,175,,不支持,,,,,,,,,,,,,
68572,奥迪Q5 e-tron,(标配)三元锂电池,,83.4,支持,,,,,,,(标配)上汽大众,液冷,15.9,560,175,,不支持,,,,,,,,,,,,,
62270,奥迪Q5 e-tron,(标配)三元锂电池,,83.4,支持,,,,,,,(标配)上汽大众,液冷,15.9,560,175,,不支持,,,,,,,,,,,,,
62267,奥迪Q5 e-tron,(标配)三元锂电池,,83.4,支持,,,,,,,(标配)上汽大众,液冷,15.9,560,175,,不支持,,,,,,,,,,,,,
68571,奥迪Q5 e-tron,(标配)三元锂电池,,83.4,支持,,,,,,,(标配)上汽大众,液冷,15.9,560,175,,不支持,,,,,,,,,,,,,
62274,奥迪Q5 e-tron,(标配)三元锂电池,,83.4,支持,,,,,,,(标配)上汽大众,液冷,15.9,560,175,,不支持,,,,,,,,,,,,,
62268,奥迪Q5 e-tron,(标配)三元锂电池,,83.4,支持,,,,,,,(标配)上汽大众,液冷,15.9,560,175,,不支持,,,,,,,,,,,,,
62269,奥迪Q5 e-tron,(标配)三元锂电池,,83.4,支持,,,,,,,(标配)上汽大众,液冷,16.2,550,175,,不支持,,,,,,,,,,,,,
62278,奥迪Q5 e-tron,(标配)三元锂电池,,83.4,支持,,,,,,,(标配)上汽大众,液冷,16.2,550,175,,不支持,,,,,,,,,,,,,
62277,奥迪Q5 e-tron,(标配)三元锂电池,,83.4,支持,,,,,,,(标配)上汽大众,液冷,16.2,550,175,,不支持,,,,,,,,,,,,,
62276,奥迪Q5 e-tron,(标配)三元锂电池,,83.4,支持,,,,,,,(标配)上汽大众,液冷,16.2,550,175,,不支持,,,,,,,,,,,,,
62275,奥迪Q5 e-tron,(标配)三元锂电池,,83.4,支持,,,,,,,(标配)上汽大众,液冷,16.2,550,175,,不支持,,,,,,,,,,,,,
65049,奥迪Q4 e-tron,(标配)三元锂电池,,84.8,,0.68,12,5-80,,,,(标配)一汽动力,,14.4,605,165,,,,,,,,,,,,,,,
65051,奥迪Q4 e-tron,(标配)三元锂电池,,84.8,,0.68,12,5-80,,,,(标配)一汽动力,,14.4,605,165,,,,,,,,,,,,,,,
65050,奥迪Q4 e-tron,(标配)三元锂电池,,84.8,,0.68,12,5-80,,,,(标配)一汽动力,,15.5,560,165,,,,,,,,,,,,,,,
65047,奥迪Q4 e-tron,(标配)三元锂电池,,84.8,,0.68,12,5-80,,,,(标配)一汽动力,,15.5,560,165,,,,,,,,,,,,,,,
63692,奥迪e-tron GT,(标配)三元锂电池,,93.4,支持,0.5,,5-80,,车左前侧,车右前侧,,液冷,20.4,480,,270,,,,,,,,,,,,,,
55144,奥迪Q2L e-tron,(标配)三元锂电池,,44.1,支持,0.62,17,80,,,,(标配)宁德时代,,13.5,325,135,,,,,,,,,,,,,,,
60410,奥迪RS e-tron GT,(标配)三元锂电池,,93.4,支持,0.5,9.5,80,,,,,液冷,20.1,495,,,,,,,,,,,,,,,,
71939,本田CR-V,(标配)锂离子电池,,,,,,,,,,,,,,,,,(标配)十年或20万公里,,,,,,,,,,,,
63479,本田CR-V,(标配)锂离子电池,,,,,,,,,,,,,,,,,(标配)十年或20万公里,,,,,,,,,,,,
71936,本田CR-V,,,,,,,,,,,,,,,,,,,,,,,,,,,,,,
63480,本田CR-V,,,,,,,,,,,,,,,,,,,,,,,,,,,,,,
67569,本田CR-V,,,,,,,,,,,,,,,,,,,,,,,,,,,,,,
61271,本田CR-V,,,,,,,,,,,,,,,,,,,,,,,,,,,,,,
71938,本田CR-V,,,,,,,,,,,,,,,,,,,,,,,,,,,,,,
71942,本田CR-V,,,,,,,,,,,,,,,,,,,,,,,,,,,,,,
71937,本田CR-V,,,,,,,,,,,,,,,,,,,,,,,,,,,,,,
71941,本田CR-V,(标配)锂离子电池,,,,,,,,,,,,,,,,,(标配)十年或20万公里,,,,,,,,,,,,
71940,本田CR-V,(标配)锂离子电池,,,,,,,,,,,,,,,,,(标配)十年或20万公里,,,,,,,,,,,,
67568,本田CR-V,(标配)锂离子电池,,,,,,,,,,,,,,,,,(标配)十年或20万公里,,,,,,,,,,,,
60767,思域,,,,,,,,,,,,,,,,,,,,,,,,,,,,,,
59054,思域,(标配)三元锂电池,,,,,,,,,,,,,,,,,,,,,,,,,,,,,
58217,思域,(标配)三元锂电池,,,,,,,,,,,,,,,,,,,,,,,,,,,,,
53177,思域,(标配)三元锂电池,,,,,,,,,,,,,,,,,,,,,,,,,,,,,
59067,思域,(标配)三元锂电池,,,,,,,,,,,,,,,,,,,,,,,,,,,,,
72008,思域,,,,,,,,,,,,,,,,,,,,,,,,,,,,,,
71955,思域,,,,,,,,,,,,,,,,,,,,,,,,,,,,,,
53219,思域,,,,,,,,,,,,,,,,,,,,,,,,,,,,,,
72011,思域,(标配)三元锂电池,,,,,,,,,,,,,,,,,,,,,,,,,,,,,
53268,思域,(标配)三元锂电池,,,,,,,,,,,,,,,,,,,,,,,,,,,,,
69138,思域,(标配)三元锂电池,,,,,,,,,,,,,,,,,,,,,,,,,,,,,
53266,思域,(标配)三元锂电池,,,,,,,,,,,,,,,,,,,,,,,,,,,,,
59069,思域,(标配)三元锂电池,,,,,,,,,,,,,,,,,,,,,,,,,,,,,
58216,思域,,,,,,,,,,,,,,,,,,,,,,,,,,,,,,
72009,思域,,,,,,,,,,,,,,,,,,,,,,,,,,,,,,
59068,思域,,,,,,,,,,,,,,,,,,,,,,,,,,,,,,
71954,思域,,,,,,,,,,,,,,,,,,,,,,,,,,,,,,
61020,思域,,,,,,,,,,,,,,,,,,,,,,,,,,,,,,
53267,思域,,,,,,,,,,,,,,,,,,,,,,,,,,,,,,
57610,思域,,,,,,,,,,,,,,,,,,,,,,,,,,,,,,
56676,思域,,,,,,,,,,,,,,,,,,,,,,,,,,,,,,
62373,思域,,,,,,,,,,,,,,,,,,,,,,,,,,,,,,
57576,思域,,,,,,,,,,,,,,,,,,,,,,,,,,,,,,
53265,思域,,,,,,,,,,,,,,,,,,,,,,,,,,,,,,
57577,思域,,,,,,,,,,,,,,,,,,,,,,,,,,,,,,
69140,思域,,,,,,,,,,,,,,,,,,,,,,,,,,,,,,
72010,思域,,,,,,,,,,,,,,,,,,,,,,,,,,,,,,
63458,奥德赛,(标配)锂离子电池,,,,,,,,,,,,,,,,,,,,,,,,,,,,,
63455,奥德赛,(标配)锂离子电池,,,,,,,,,,,,,,,,,,,,,,,,,,,,,
63453,奥德赛,(标配)锂离子电池,,,,,,,,,,,,,,,,,,,,,,,,,,,,,
63457,奥德赛,(标配)锂离子电池,,,,,,,,,,,,,,,,,,,,,,,,,,,,,
63454,奥德赛,(标配)锂离子电池,,,,,,,,,,,,,,,,,,,,,,,,,,,,,
63459,奥德赛,(标配)锂离子电池,,,,,,,,,,,,,,,,,,,,,,,,,,,,,
63456,奥德赛,(标配)锂离子电池,,,,,,,,,,,,,,,,,,,,,,,,,,,,,
70326,皓影,,,,,,,,,,,,,,,,,,,,,,,,,,,,,,
70317,皓影,,,,,,,,,,,,,,,,,,,,,,,,,,,,,,
70319,皓影,,,,,,,,,,,,,,,,,,,,,,,,,,,,,,
70322,皓影,,,,,,,,,,,,,,,,,,,,,,,,,,,,,,
70325,皓影,,,,,,,,,,,,,,,,,,,,,,,,,,,,,,
70324,皓影,(标配)锂离子电池,,,,,,,,,,,,,,,,,,,,,,,,,,,,,
70323,皓影,(标配)锂离子电池,,,,,,,,,,,,,,,,,,,,,,,,,,,,,
70321,皓影,(标配)锂离子电池,,,,,,,,,,,,,,,,,,,,,,,,,,,,,
70320,皓影,(标配)锂离子电池,,,,,,,,,,,,,,,,,,,,,,,,,,,,,
70318,皓影,(标配)锂离子电池,,,,,,,,,,,,,,,,,,,,,,,,,,,,,
63833,艾力绅,(标配)锂离子电池,,,,,,,,,,,,,,,,,,,,,,,,,,,,,
63832,艾力绅,(标配)锂离子电池,,,,,,,,,,,,,,,,,,,,,,,,,,,,,
63830,艾力绅,(标配)锂离子电池,,,,,,,,,,,,,,,,,,,,,,,,,,,,,
63831,艾力绅,(标配)锂离子电池,,,,,,,,,,,,,,,,,,,,,,,,,,,,,
58225,型格,(标配)锂离子电池,,,,,,,,,,,,,,,,,,,,,,,,,,,,,
60060,型格,(标配)锂离子电池,,,,,,,,,,,,,,,,,,,,,,,,,,,,,
62353,型格,(标配)锂离子电池,,,,,,,,,,,,,,,,,,,,,,,,,,,,,
65960,型格,,,,,,,,,,,,,,,,,,,,,,,,,,,,,,
60057,型格,,,,,,,,,,,,,,,,,,,,,,,,,,,,,,
61495,型格,,,,,,,,,,,,,,,,,,,,,,,,,,,,,,
60062,型格,,,,,,,,,,,,,,,,,,,,,,,,,,,,,,
72192,型格,,,,,,,,,,,,,,,,,,,,,,,,,,,,,,
72258,型格,(标配)锂离子电池,,,,,,,,,,,,,,,,,,,,,,,,,,,,,
72259,型格,(标配)锂离子电池,,,,,,,,,,,,,,,,,,,,,,,,,,,,,
62348,型格,(标配)锂离子电池,,,,,,,,,,,,,,,,,,,,,,,,,,,,,
62347,型格,(标配)锂离子电池,,,,,,,,,,,,,,,,,,,,,,,,,,,,,
58226,型格,(标配)锂离子电池,,,,,,,,,,,,,,,,,,,,,,,,,,,,,
62352,型格,,,,,,,,,,,,,,,,,,,,,,,,,,,,,,
72260,型格,,,,,,,,,,,,,,,,,,,,,,,,,,,,,,
60058,型格,,,,,,,,,,,,,,,,,,,,,,,,,,,,,,
72123,型格,,,,,,,,,,,,,,,,,,,,,,,,,,,,,,
62350,型格,,,,,,,,,,,,,,,,,,,,,,,,,,,,,,
58227,型格,,,,,,,,,,,,,,,,,,,,,,,,,,,,,,
62351,型格,,,,,,,,,,,,,,,,,,,,,,,,,,,,,,
72261,型格,,,,,,,,,,,,,,,,,,,,,,,,,,,,,,
72122,型格,,,,,,,,,,,,,,,,,,,,,,,,,,,,,,
60061,型格,,,,,,,,,,,,,,,,,,,,,,,,,,,,,,
62346,型格,,,,,,,,,,,,,,,,,,,,,,,,,,,,,,
62349,型格,,,,,,,,,,,,,,,,,,,,,,,,,,,,,,
58208,本田HR-V,,,,,,,,,,,,,,,,,,,,,,,,,,,,,,
58207,本田HR-V,(标配)三元锂电池,,,,,,,,,,,,,,,,,,,,,,,,,,,,,
62493,本田HR-V,(标配)三元锂电池,,,,,,,,,,,,,,,,,,,,,,,,,,,,,
62490,本田HR-V,(标配)三元锂电池,,,,,,,,,,,,,,,,,,,,,,,,,,,,,
62492,本田HR-V,(标配)三元锂电池,,,,,,,,,,,,,,,,,,,,,,,,,,,,,
62494,本田HR-V,,,,,,,,,,,,,,,,,,,,,,,,,,,,,,
58209,本田HR-V,,,,,,,,,,,,,,,,,,,,,,,,,,,,,,
67567,本田HR-V,,,,,,,,,,,,,,,,,,,,,,,,,,,,,,
60968,本田HR-V,,,,,,,,,,,,,,,,,,,,,,,,,,,,,,
63162,雅阁新能源,(标配)三元锂电池,82,17.7,,,,,,车左前侧,,(标配)宁德时代,,14.1,,,,,,106,,,,,,,,,,,
66585,雅阁新能源,(标配)三元锂电池,82,17.7,,,,,,车左前侧,,(标配)宁德时代,,14.1,,,,,,106,,,,,,,,,,,
61278,雅阁新能源,(标配)三元锂电池,82,17.7,,,,,,车左前侧,,(标配)宁德时代,,14.1,,,,,,106,,,,,,,,,,,
63163,雅阁新能源,(标配)三元锂电池,82,17.7,,,,,,车左前侧,,(标配)宁德时代,,14.1,,,,,,106,,,,,,,,,,,
72619,广汽Honda P7,(标配)三元锂电池,,89.8,支持,0.6,13.3,30-80,5-100,车左前侧,车右前侧,(标配)宁德时代,液冷,14.6,650,,,,,,,3.5,,,,,,,,,
71067,广汽Honda P7,(标配)三元锂电池,,89.8,支持,0.6,13.3,30-80,5-100,车左前侧,车右前侧,(标配)宁德时代,液冷,14.6,650,,,,,,,3.5,,,,,,,,,
67766,广汽Honda P7,(标配)三元锂电池,,89.8,支持,0.6,13.3,30-80,5-100,车左前侧,车右前侧,(标配)宁德时代,液冷,15.5,620,,,,,,,3.5,,,,,,,,,
63257,凌派,,,,,,,,,,,,,,,,,,,,,,,,,,,,,,
63260,凌派,,,,,,,,,,,,,,,,,,,,,,,,,,,,,,
63259,凌派,,,,,,,,,,,,,,,,,,,,,,,,,,,,,,
63258,凌派,(标配)三元锂电池,,,,,,,,,,,,,,,,,,,,,,,,,,,,,
63255,凌派,(标配)三元锂电池,,,,,,,,,,,,,,,,,,,,,,,,,,,,,
63256,凌派,(标配)三元锂电池,,,,,,,,,,,,,,,,,,,,,,,,,,,,,
67767,东风本田S7,(标配)三元锂电池,,89.8,支持,0.6,13.3,30-80,5-100,车左前侧,车右前侧,(标配)宁德时代,液冷,14.6,650,,,,,,,3.5,,,,,,,,,
71976,东风本田S7,(标配)三元锂电池,,89.8,支持,0.6,13.3,30-80,5-100,车左前侧,车右前侧,(标配)宁德时代,液冷,15.5,620,,,,,,,3.5,,,,,,,,,
59442,本田CR-V新能源,(标配)三元锂电池,73,17.7,,,,,,,,(标配)宁德时代,液冷,,,,,,(标配)八年或15万公里,,,,,,,,,916,,,
59426,本田CR-V新能源,(标配)三元锂电池,73,17.7,,,,,,,,(标配)宁德时代,液冷,,,,,,(标配)八年或15万公里,,,,,,,,,916,,,
59443,本田CR-V新能源,(标配)三元锂电池,71,17.7,,,,,,,,(标配)宁德时代,液冷,,,,,,(标配)八年或15万公里,,,,,,,,,,,,
56263,享域,,,,,,,,,,,,,,,,,,,,,,,,,,,,,,
56261,享域,,,,,,,,,,,,,,,,,,,,,,,,,,,,,,
56245,享域,,,,,,,,,,,,,,,,,,,,,,,,,,,,,,
56264,享域,,,,,,,,,,,,,,,,,,,,,,,,,,,,,,
56262,享域,(标配)三元锂电池,,,,,,,,,,,,,,,,,,,,,,,,,,,,,
56266,享域,(标配)三元锂电池,,,,,,,,,,,,,,,,,,,,,,,,,,,,,
56265,享域,(标配)三元锂电池,,,,,,,,,,,,,,,,,,,,,,,,,,,,,
56243,享域,(标配)三元锂电池,,,,,,,,,,,,,,,,,,,,,,,,,,,,,
60089,ZR-V 致在,(标配)三元锂电池,,,,,,,,,,(标配)大连泰星,,,,,,,,,,,,,,,,,,,
61681,ZR-V 致在,(标配)三元锂电池,,,,,,,,,,(标配)大连泰星,,,,,,,,,,,,,,,,,,,
59200,ZR-V 致在,(标配)三元锂电池,,,,,,,,,,(标配)大连泰星,,,,,,,,,,,,,,,,,,,
56936,ZR-V 致在,(标配)三元锂电池,,,,,,,,,,(标配)大连泰星,,,,,,,,,,,,,,,,,,,
57092,ZR-V 致在,,,,,,,,,,,,,,,,,,,,,,,,,,,,,,
62515,ZR-V 致在,,,,,,,,,,,,,,,,,,,,,,,,,,,,,,
61680,ZR-V 致在,,,,,,,,,,,,,,,,,,,,,,,,,,,,,,
60088,ZR-V 致在,,,,,,,,,,,,,,,,,,,,,,,,,,,,,,
59188,ZR-V 致在,,,,,,,,,,,,,,,,,,,,,,,,,,,,,,
70327,皓影新能源,(标配)锂离子电池,73,17.7,,,,,,,,,,,,,,,,91,,,,,,,,,,,
70329,皓影新能源,(标配)锂离子电池,73,17.7,,,,,,,,,,,,,,,,91,,,,,,,,,,,
70328,皓影新能源,(标配)锂离子电池,71,17.7,,,,,,,,,,,,,,,,91,,,,,,,,,,,
66474,e:NP2 极湃2,(标配)三元锂电池,,68.8,支持,0.6,9.5,30-80,5-100,车左前侧,车左后侧,(标配)宁德时代,液冷,13.2,545,,,不支持,,,,,,,,,,,,,
63681,英仕派新能源,(标配)锂离子电池,82,,,,,,,车左前侧,,(标配)宁德时代,,,,,,,,,,,,,,,,963,,,
61886,英仕派新能源,(标配)锂离子电池,82,,,,,,,车左前侧,,(标配)宁德时代,,,,,,,,,,,,,,,,963,,,
53666,本田e:NS1,(标配)三元锂电池,,53.6,支持,0.67,9,80,,,,(标配)睿驰新能源,液冷,13.6,420,141,,不支持,,,,,,,,,,,,,
56138,本田e:NS1,(标配)三元锂电池,,53.6,支持,0.67,9,80,,,,(标配)睿驰新能源,液冷,13.6,420,141,,不支持,,,,,,,,,,,,,
56791,本田e:NS1,(标配)三元锂电池,,68.8,支持,0.67,9.5,80,,,,(标配)宁德时代(江苏时代),液冷,13.8,510,183,,不支持,,,,,,,,,,,,,
56565,本田e:NS1,(标配)三元锂电池,,68.8,支持,0.67,9.5,80,,,,(标配)宁德时代(江苏时代),液冷,13.8,510,183,,不支持,,,,,,,,,,,,,
57030,e:NP1 极湃1,(标配)三元锂电池,,53.6,支持,0.67,9,80,,,,(标配)睿驰新能源,液冷,13.6,420,141,,不支持,,,,,,,,,,,,,
57412,e:NP1 极湃1,(标配)三元锂电池,,53.6,支持,0.67,9,80,,,,(标配)睿驰新能源,液冷,13.6,420,141,,不支持,,,,,,,,,,,,,
57414,e:NP1 极湃1,(标配)三元锂电池,,68.8,支持,0.67,9.5,80,,,,(标配)宁德时代(江苏时代),液冷,13.8,510,183,,不支持,,,,,,,,,,,,,
57415,e:NP1 极湃1,(标配)三元锂电池,,68.8,支持,0.67,9.5,80,,,,(标配)宁德时代(江苏时代),液冷,13.8,510,183,,不支持,,,,,,,,,,,,,
68032,猎光e:NS2,(标配)三元锂电池,,68.8,支持,0.6,9.5,30-80,5-100,车左前侧,车左后侧,(标配)宁德时代,液冷,13.2,545,183.47,,,,,,2.2,,,,,,,,,
68031,猎光e:NS2,(标配)三元锂电池,,68.8,支持,0.6,9.5,30-80,5-100,车左前侧,车左后侧,(标配)宁德时代,液冷,13.2,545,183.47,,,,,,2.2,,,,,,,,,
68033,猎光e:NS2,(标配)三元锂电池,,68.8,支持,0.6,9.5,30-80,5-100,车左前侧,车左后侧,(标配)宁德时代,液冷,13.2,545,183.47,,,,,,2.2,,,,,,,,,
66473,猎光e:NS2,(标配)三元锂电池,,68.8,支持,0.6,9.5,30-80,5-100,车左前侧,车左后侧,(标配)宁德时代,液冷,13.2,545,183.47,,,,,,2.2,,,,,,,,,
68308,保时捷911,,,,,,,,,,,,,,,,,,,,,,,,,,,,,,
70029,保时捷911,,,,,,,,,,,,,,,,,,,,,,,,,,,,,,
68523,保时捷911,,,,,,,,,,,,,,,,,,,,,,,,,,,,,,
68526,保时捷911,,,,,,,,,,,,,,,,,,,,,,,,,,,,,,
57794,保时捷911,,,,,,,,,,,,,,,,,,,,,,,,,,,,,,
60599,保时捷911,,,,,,,,,,,,,,,,,,,,,,,,,,,,,,
57799,保时捷911,,,,,,,,,,,,,,,,,,,,,,,,,,,,,,
57793,保时捷911,,,,,,,,,,,,,,,,,,,,,,,,,,,,,,
68522,保时捷911,,,,,,,,,,,,,,,,,,,,,,,,,,,,,,
57800,保时捷911,,,,,,,,,,,,,,,,,,,,,,,,,,,,,,
70415,保时捷911,,,,,,,,,,,,,,,,,,,,,,,,,,,,,,
63210,保时捷911,,,,,,,,,,,,,,,,,,,,,,,,,,,,,,
57797,保时捷911,,,,,,,,,,,,,,,,,,,,,,,,,,,,,,
57801,保时捷911,,,,,,,,,,,,,,,,,,,,,,,,,,,,,,
60167,保时捷911,,,,,,,,,,,,,,,,,,,,,,,,,,,,,,
70553,保时捷911,,,,,,,,,,,,,,,,,,,,,,,,,,,,,,
69490,保时捷911,,,,,,,,,,,,,,,,,,,,,,,,,,,,,,
57792,保时捷911,,,,,,,,,,,,,,,,,,,,,,,,,,,,,,
57798,保时捷911,,,,,,,,,,,,,,,,,,,,,,,,,,,,,,
68527,保时捷911,,,,,,,,,,,,,,,,,,,,,,,,,,,,,,
57796,保时捷911,,,,,,,,,,,,,,,,,,,,,,,,,,,,,,
57802,保时捷911,,,,,,,,,,,,,,,,,,,,,,,,,,,,,,
68524,保时捷911,,,,,,,,,,,,,,,,,,,,,,,,,,,,,,
57795,保时捷911,,,,,,,,,,,,,,,,,,,,,,,,,,,,,,
68520,保时捷911,,,,,,,,,,,,,,,,,,,,,,,,,,,,,,
57803,保时捷911,,,,,,,,,,,,,,,,,,,,,,,,,,,,,,
67097,Taycan,(标配)三元锂电池,,89,支持,0.3,9,10-80,0-100,车左前侧,车右前侧,,液冷,,604,,270,,,,,,支持,800,,,,,503,,
66694,Taycan,(标配)三元锂电池,,105,支持,0.3,11,10-80,0-100,车左前侧,车右前侧,,液冷,,676,,320,,,,,,支持,800,,,,,,,
66696,Taycan,(标配)三元锂电池,,105,支持,0.3,11,10-80,0-100,车左前侧,车右前侧,,液冷,,662,,320,,,,,,支持,800,,,,,,,
67096,Taycan,(标配)三元锂电池,,105,支持,0.3,11,10-80,0-100,车左前侧,车右前侧,,液冷,,,,320,,,,,,支持,800,,,,,557,,
70717,Taycan,(标配)三元锂电池,,105,支持,0.3,11,10-80,0-100,车左前侧,车右前侧,,液冷,,,,320,,,,,,支持,800,,,,,558,,
66697,Taycan,(标配)三元锂电池,,105,支持,0.3,11,10-80,0-100,车左前侧,车右前侧,,液冷,,,,320,,,,,,支持,800,,,,,555,,
67999,Taycan,(标配)三元锂电池,,105,支持,0.3,11,10-80,0-100,车左前侧,车右前侧,,液冷,,,,320,,,,,,支持,800,,,,,554,,
66590,Taycan,(标配)三元锂电池,,105,支持,0.3,11,10-80,0-100,车左前侧,车右前侧,,液冷,,,,320,,,,,,支持,800,,,,,517,,
67098,Taycan,(标配)三元锂电池,,105,支持,0.3,11,10-80,0-100,车左前侧,车右前侧,,液冷,,,,320,,,,,,支持,800,,,,,610,,
67099,Taycan,(标配)三元锂电池,,105,支持,0.3,11,10-80,0-100,车左前侧,车右前侧,,液冷,,,,320,,,,,,支持,800,,,,,515,,
68381,Cayenne新能源,(标配)锂离子电池,,,不支持,,8,,,车左后侧,,,,,,,,,,,,,,,,,,,,,
64514,Cayenne新能源,(标配)锂离子电池,,,不支持,,8,,,车左后侧,,,,,,,,,,,,,,,,,,,,,
68383,Cayenne新能源,(标配)锂离子电池,90,25.9,不支持,,8,,,车左后侧,,,,,,,,,,,,,,,,,,,,,
65016,Cayenne新能源,(标配)锂离子电池,90,25.9,不支持,,8,,,车左后侧,,,,,,,,,,,,,,,,,,,,,
68385,Cayenne新能源,(标配)锂离子电池,,25.9,不支持,,2.5,,,车左后侧,,,,,,,,,,82,,,,,,,,,,,
62501,Cayenne新能源,(标配)锂离子电池,,25.9,不支持,,2.5,,,车左后侧,,,,,,,,,,82,,,,,,,,,,,
64513,Cayenne新能源,(标配)锂离子电池,,,不支持,,8,,,车左后侧,,,,,,,,,,,,,,,,,,,,,
68382,Cayenne新能源,(标配)锂离子电池,,,不支持,,8,,,车左后侧,,,,,,,,,,,,,,,,,,,,,
68384,Cayenne新能源,(标配)锂离子电池,90,25.9,不支持,,8,,,车左后侧,,,,,,,,,,,,,,,,,,,,,
62500,Cayenne新能源,(标配)锂离子电池,90,25.9,不支持,,8,,,车左后侧,,,,,,,,,,,,,,,,,,,,,
65015,Cayenne新能源,(标配)锂离子电池,,25.9,不支持,,2.5,,,车左后侧,,,,,,,,,,82,,,,,,,,,,,
68386,Cayenne新能源,(标配)锂离子电池,,25.9,不支持,,2.5,,,车左后侧,,,,,,,,,,82,,,,,,,,,,,
60569,Macan新能源,(标配)三元锂电池,,100,支持,0.35,10,10-80,0-100,,,(标配)宁德时代,液冷,17.9,676,,270,,,,,,支持,800,,,,,613,,
72223,Macan新能源,(标配)三元锂电池,,100,支持,0.35,10,10-80,0-100,,,(标配)宁德时代,液冷,15.4,702,,270,,,,,,支持,800,,,,,,,
69233,Macan新能源,(标配)三元锂电池,,100,支持,0.35,10,10-80,0-100,,,(标配)宁德时代,液冷,17.9,676,,270,,,,,,支持,800,,,,,613,,
66569,Macan新能源,(标配)三元锂电池,,100,支持,0.35,10,10-80,0-100,,,(标配)宁德时代,液冷,18.8,683,,270,,,,,,支持,800,,,,,518,,
56918,Panamera新能源,(标配)锂离子电池,,25.9,,,2.7,,0-100,,,,,,,,,,,,,,,,,,,,96,,
67461,Panamera新能源,(标配)锂离子电池,,25.9,,,2.7,,0-100,,,,,,,,,,,,,,,,,,,,96,,
56917,Panamera新能源,(标配)锂离子电池,,25.9,,,2.7,,0-100,,,,,,,,,,,,,,,,,,,,96,,
67460,Panamera新能源,(标配)锂离子电池,,25.9,,,2.7,,0-100,,,,,,,,,,,,,,,,,,,,96,,
59233,Panamera新能源,(标配)锂离子电池,,25.9,,,2.39,,0-100,,,,,,,,,,,,,,,,,,,,96,,
56910,Panamera新能源,(标配)-,44,17.9,,,,,,,,,,,,,,,,,,,,,,,,,,,
56912,Panamera新能源,(标配)-,44,17.9,,,,,,,,,,,,,,,,,,,,,,,,,,,
67462,Panamera新能源,(标配)-,44,17.9,,,,,,,,,,,,,,,,,,,,,,,,,,,
66022,Panamera新能源,(标配)-,44,17.9,,,,,,,,,,,,,,,,,,,,,,,,,,,
59234,Panamera新能源,(标配)-,44,17.9,,,,,,,,,,,,,,,,,,,,,,,,,,,
64338,Panamera新能源,(标配)-,44,17.9,,,,,,,,,,,,,,,,64,,,,,,,,,,,
56913,Panamera新能源,(标配)-,44,17.9,,,,,,,,,,,,,,,,64,,,,,,,,,,,
56919,Panamera新能源,(标配)-,43,17.9,,,,,,,,,,,,,,,,,,,,,,,,,,,
72016,Model Y,(标配)磷酸铁锂电池,,62.5,支持,,,,,车左后侧,车左后侧,"(标配)宁德时代(福鼎时代),(标配)宁德时代(四川时代)",液冷,11.9,593,,170,,,,,,,,,,,,,,
72017,Model Y,(标配)三元锂电池,,78.4,支持,,,,,车左后侧,车左后侧,(标配)LG(爱尔集),液冷,12.4,719,,250,,,,,,,,,,,,,,
71369,Model 3,(标配)磷酸铁锂电池,,62.5,支持,,,,,车左后侧,车左后侧,"(标配)宁德时代(福鼎时代),(标配)宁德时代(四川时代)",液冷,11.2,634,,170,,,,,,,,,,,,,,
67550,Model 3,(标配)三元锂电池,,78.4,支持,,,,,车左后侧,车左后侧,(标配)LG(爱尔集),液冷,14.4,623,,250,,,,,,,,,,,,,,
64538,Model 3,(标配)三元锂电池,,78.4,支持,,,,,车左后侧,车左后侧,(标配)LG(爱尔集),液冷,12.5,713,,250,,,,,,,,,,,,,,
61092,Model S,(标配)三元锂电池,,100,支持,1,10,,,车左后侧,车左后侧,(标配)松下,液冷,,715,,,,,,,,,,,,,,,,
61210,Model S,(标配)三元锂电池,,100,支持,1,10,,,车左后侧,车左后侧,(标配)松下,液冷,,672,,,,,,,,,,,,,,,,
61211,Model X,(标配)三元锂电池,,100,支持,1,10,,,车左后侧,车左后侧,(标配)松下,,,700,,250,,,,,,,,,,,,,,
61093,Model X,(标配)三元锂电池,,100,支持,1,10,,,车左后侧,车左后侧,(标配)松下,,,664,,250,,,,,,,,,,,,,,
63903,红旗H5,,,,,,,,,,,,,,,,,,,,,,,,,,,,,,
69177,红旗H5,,,,,,,,,,,,,,,,,,,,,,,,,,,,,,
63902,红旗H5,,,,,,,,,,,,,,,,,,,,,,,,,,,,,,
63907,红旗H5,(标配)三元锂电池,,,,,,,,,,,,,,,,,,,,,,,,,,,,,
69340,红旗H5,(标配)三元锂电池,,,,,,,,,,,,,,,,,,,,,,,,,,,,,
69242,红旗H5,(标配)三元锂电池,,,,,,,,,,,,,,,,,,,,,,,,,,,,,
69321,红旗H5,,,,,,,,,,,,,,,,,,,,,,,,,,,,,,
70019,红旗H5,,,,,,,,,,,,,,,,,,,,,,,,,,,,,,
63905,红旗H5,,,,,,,,,,,,,,,,,,,,,,,,,,,,,,
63908,红旗H5,,,,,,,,,,,,,,,,,,,,,,,,,,,,,,
63909,红旗H5,,,,,,,,,,,,,,,,,,,,,,,,,,,,,,
70017,红旗H5,,,,,,,,,,,,,,,,,,,,,,,,,,,,,,
70015,红旗H5,(标配)三元锂电池,,,,,,,,,,,,,,,,,,,,,,,,,,,,,
63906,红旗H5,(标配)三元锂电池,,,,,,,,,,,,,,,,,,,,,,,,,,,,,
63904,红旗H5,(标配)三元锂电池,,,,,,,,,,,,,,,,,,,,,,,,,,,,,
70018,红旗H5,,,,,,,,,,,,,,,,,,,,,,,,,,,,,,
70016,红旗H5,,,,,,,,,,,,,,,,,,,,,,,,,,,,,,
69339,红旗H5,,,,,,,,,,,,,,,,,,,,,,,,,,,,,,
71604,红旗天工05,(标配)磷酸铁锂电池,,62,支持,0.33,,10-80,,,,"(标配)宁德时代,(标配)时代一汽",液冷,12.1,550,,200,,,,,3,,400,,,,,,,
71948,红旗天工05,(标配)磷酸铁锂电池,,62,支持,0.33,,10-80,,,,"(标配)宁德时代,(标配)时代一汽",液冷,12.1,550,,200,,,,,3,,400,,,,,,,
71947,红旗天工05,(标配)磷酸铁锂电池,,85,支持,0.33,,10-80,,,,"(标配)宁德时代,(标配)时代一汽",液冷,12.5,750,,265,,,,,3,,400,,,,,,,
70751,红旗天工05,(标配)磷酸铁锂电池,,85,支持,0.33,,10-80,,,,"(标配)宁德时代,(标配)时代一汽",液冷,12.5,750,,265,,,,,3,,400,,,,,,,
63687,红旗HS3,,,,,,,,,,,,,,,,,,,,,,,,,,,,,,
63841,红旗HS3,,,,,,,,,,,,,,,,,,,,,,,,,,,,,,
63607,红旗HS3,,,,,,,,,,,,,,,,,,,,,,,,,,,,,,
69593,红旗HS3,,,,,,,,,,,,,,,,,,,,,,,,,,,,,,
69591,红旗HS3,,,,,,,,,,,,,,,,,,,,,,,,,,,,,,
61560,红旗HS3,,,,,,,,,,,,,,,,,,,,,,,,,,,,,,
69590,红旗HS3,(标配)三元锂电池,,1.83,,,,,,,,(标配)宁德时代,,,,,,,,,,,,,,,,,,,
63436,红旗HS3,,,,,,,,,,,,,,,,,,,,,,,,,,,,,,
69592,红旗HS3,,,,,,,,,,,,,,,,,,,,,,,,,,,,,,
67736,红旗国雅,(标配)三元锂电池,,,,,,,,,,(标配)江苏正力,,,,,,,,,,,,,,,,,,,
67737,红旗国雅,(标配)三元锂电池,,,,,,,,,,(标配)江苏正力,,,,,,,,,,,,,,,,,,,
69707,红旗HS7 PHEV,(标配)三元锂电池,95,20.1,支持,0.42,,20-80,,车左后侧,车左后侧,(标配)宁德时代,液冷,17.4,110,,,,,,,3.3,,,1200,,,1045,,,
72395,红旗HS7 PHEV,(标配)三元锂电池,95,20.1,支持,0.42,,20-80,,车左后侧,车左后侧,(标配)宁德时代,液冷,17.4,110,,,,,,,3.3,,,1200,,,1045,,,
69706,红旗HS7 PHEV,(标配)三元锂电池,83,20.1,支持,0.42,,20-80,,车左后侧,车左后侧,(标配)宁德时代,液冷,18.7,100,,,,,,,3.3,,,1102,,,985,,,
69072,红旗HS7 PHEV,(标配)三元锂电池,83,20.1,支持,0.42,,20-80,,车左后侧,车左后侧,(标配)宁德时代,液冷,18.7,100,,,,,,,3.3,,,1102,,,985,,,
66660,红旗HS7 PHEV,(标配)三元锂电池,83,20.1,支持,0.42,,20-80,,车左后侧,车左后侧,(标配)宁德时代,液冷,18.7,100,,,,,,,3.3,,,1102,,,985,,,
72394,红旗HS7 PHEV,(标配)三元锂电池,83,20.1,支持,0.42,,20-80,,车左后侧,车左后侧,(标配)宁德时代,液冷,18.7,100,,,,,,,3.3,,,1102,,,985,,,
67710,红旗E-QM5,(标配)磷酸铁锂电池,,72,支持,0.53,,20-80,,,车左前侧,"(标配)宁德时代(四川时代),(标配)时代一汽,(标配)中创新航",液冷,13.1,560,150,,不支持,,,,,,,,,,,,,
67711,红旗E-QM5,(标配)磷酸铁锂电池,,60,支持,0.43,,20-80,,,车左前侧,"(标配)宁德时代,(标配)时代一汽",液冷,12.9,450,141,,不支持,,,,,,,,,,,,,
56058,红旗E-QM5,(标配)磷酸铁锂电池,,60,支持,0.43,,20-80,,,车左前侧,"(标配)宁德时代,(标配)时代一汽",液冷,12.7,500,141,,不支持,,,,,,,,,,,,,
67051,红旗E-QM5,(标配)磷酸铁锂电池,,72,支持,0.53,,20-80,,,车左前侧,"(标配)宁德时代(四川时代),(标配)时代一汽",液冷,12.3,610,150,,不支持,,,,,,,,,,,,,
67709,红旗E-QM5,(标配)三元锂电池,,56,,,,,,,,(标配)塔菲尔,,13.5,,160,,支持,,431,,,,,,,,,,,
67738,红旗HS3 PHEV,(标配)磷酸铁锂电池,93,18.4,支持,0.5,2.6,20-80,,车左后侧,车左后侧,(标配)宁德时代,,19.7,115,,55,,,107,,3.3,,,,,,,,,
66441,红旗天工08,(标配)磷酸铁锂电池,,85,支持,0.33,,10-80,,车右后侧,车右后侧,"(标配)宁德时代,(标配)时代一汽",液冷,15.7,605,,189,,,,,3,,,,,,,,,
72443,红旗天工08,(标配)磷酸铁锂电池,,85,支持,0.33,,10-80,,车右后侧,车右后侧,"(标配)宁德时代,(标配)时代一汽",液冷,16.9,565,,189,,,,,3,,,,,,,,,
71322,红旗天工08,(标配)磷酸铁锂电池,,75,支持,0.42,,10-80,,车右后侧,车右后侧,(标配)一汽弗迪,液冷,15.7,520,,189,,,,,3,,,,,,,,,
72444,红旗天工08,(标配)磷酸铁锂电池,,85,支持,0.33,,10-80,,车右后侧,车右后侧,"(标配)宁德时代,(标配)时代一汽",液冷,15.7,605,,189,,,,,3,,,,,,,,,
66466,红旗天工08,(标配)磷酸铁锂电池,,85,支持,0.33,,10-80,,车右后侧,车右后侧,"(标配)宁德时代,(标配)时代一汽",液冷,16.9,565,,189,,,,,3,,,,,,,,,
71321,红旗天工08,(标配)三元锂电池,,111,支持,0.33,,10-80,,车右后侧,车右后侧,"(标配)宁德时代,(标配)时代一汽",液冷,15.7,730,,189,,,,,3,,,,,,,,,
71320,红旗天工08,(标配)三元锂电池,,111,支持,0.33,,10-80,,车右后侧,车右后侧,"(标配)宁德时代,(标配)时代一汽",液冷,16.9,680,,189,,,,,3,,,,,,,,,
67052,红旗E-HS9,(标配)三元锂电池,,120,支持,,,,,车左前侧,车右后侧,(标配)宁德时代,液冷,18,,206,130,,,690,,,,,,,,,,,
69768,红旗E-HS9,(标配)三元锂电池,,120,支持,,,,,车左前侧,车右后侧,(标配)宁德时代,液冷,18,,206,130,,,690,,,,,,,,,,,
69770,红旗E-HS9,(标配)三元锂电池,,120,支持,,,,,车左前侧,车右后侧,(标配)宁德时代,液冷,19,,206,130,,,660,,,,,,,,,,,
67054,红旗E-HS9,(标配)三元锂电池,,120,支持,,,,,车左前侧,车右后侧,(标配)宁德时代,液冷,19,,206,130,,,660,,,,,,,,,,,
69769,红旗E-HS9,(标配)三元锂电池,,120,支持,,,,,车左前侧,车右后侧,(标配)宁德时代,液冷,18,,206,130,,,690,,,,,,,,,,,
67055,红旗E-HS9,(标配)三元锂电池,,120,支持,,,,,车左前侧,车右后侧,(标配)宁德时代,液冷,18,,206,130,,,690,,,,,,,,,,,
69767,红旗E-HS9,(标配)三元锂电池,,120,支持,,,,,车左前侧,车右后侧,(标配)宁德时代,液冷,19,,206,130,,,660,,,,,,,,,,,
67053,红旗E-HS9,(标配)三元锂电池,,120,支持,,,,,车左前侧,车右后侧,(标配)宁德时代,液冷,19,,206,130,,,660,,,,,,,,,,,
67489,红旗HQ9 PHEV,(标配)三元锂电池,73,20.14,支持,0.42,,20-80,,,车左后侧,(标配)宁德时代,,24.5,,,,,,,,,,,,,,833,,,
64594,红旗HQ9 PHEV,(标配)三元锂电池,73,20.14,支持,0.42,,20-80,,,车左后侧,(标配)宁德时代,,24.5,,,,,,,,,,,,,,833,,,
67490,红旗HQ9 PHEV,(标配)三元锂电池,73,20.14,支持,0.42,,20-80,,,车左后侧,(标配)宁德时代,,24.5,,,,,,,,,,,,,,833,,,
67297,红旗EH7,(标配)磷酸铁锂电池,,75,支持,0.42,11,10-80,,车右后侧,车右后侧,(标配)弗迪,液冷,13.9,600,,190,,,,,,,,,,,,,,
69710,红旗EH7,(标配)磷酸铁锂电池,,85,支持,0.33,13,10-80,,车右后侧,车右后侧,(标配)宁德时代,液冷,13.9,690,,280,,,,,,,,,,,,,,
69709,红旗EH7,(标配)磷酸铁锂电池,,85,支持,0.33,13,10-80,,车右后侧,车右后侧,(标配)宁德时代,液冷,15,640,,280,,,,,,,,,,,,,,
66954,红旗EH7,(标配)三元锂电池,,111,支持,0.33,17,10-80,,车右后侧,车右后侧,(标配)宁德时代,液冷,14,820,,365,,,,,,,,,,,,,,
67298,红旗EH7,(标配)三元锂电池,,111,支持,0.33,17,10-80,,车右后侧,车右后侧,(标配)宁德时代,液冷,15.1,760,,365,,,,,,,,,,,,,,
65254,红旗EH7,(标配)磷酸铁锂电池,,75,支持,0.42,11,10-80,,车右后侧,车右后侧,(标配)弗迪,液冷,13.9,600,,190,,,,,,,,,,,,,,
69713,红旗EH7,(标配)磷酸铁锂电池,,85,支持,0.33,13,10-80,,车右后侧,车右后侧,(标配)宁德时代,液冷,13.9,690,,280,,,,,,,,,,,,,,
65253,红旗EH7,(标配)磷酸铁锂电池,,85,支持,0.33,13,10-80,,车右后侧,车右后侧,(标配)宁德时代,液冷,15,640,,280,,,,,,,,,,,,,,
69711,红旗EH7,(标配)三元锂电池,,111,支持,0.33,17,10-80,,车右后侧,车右后侧,(标配)宁德时代,液冷,14,820,,365,,,,,,,,,,,,,,
69712,红旗EH7,(标配)三元锂电池,,111,支持,0.33,17,10-80,,车右后侧,车右后侧,(标配)宁德时代,液冷,15.1,760,,365,,,,,,,,,,,,,,
1020495,红旗国悦新能源,(标配)三元锂电池,,30,,,,,,车右后侧,车右后侧,(标配)江苏正力,液冷,,,,,,,82,,,,,,,,,,,
1020496,红旗国悦新能源,(标配)三元锂电池,,30,,,,,,车右后侧,车右后侧,(标配)江苏正力,液冷,,,,,,,82,,,,,,,,,,,
66312,凯美瑞,(标配)三元锂电池,,,,,,,,,,(标配)大连泰星,,,,,,,(标配)首任车主终身质保/非营运（责任免除条款以官方为准）,,,,,,,,,,,,
67022,凯美瑞,(标配)三元锂电池,,,,,,,,,,(标配)大连泰星,,,,,,,(标配)首任车主终身质保/非营运（责任免除条款以官方为准）,,,,,,,,,,,,
71194,凯美瑞,(标配)三元锂电池,,,,,,,,,,(标配)新中源丰田,,,,,,,(标配)首任车主终身质保/非营运（责任免除条款以官方为准）,,,,,,,,,,,,
66314,凯美瑞,(标配)三元锂电池,,,,,,,,,,(标配)新中源丰田,,,,,,,(标配)首任车主终身质保/非营运（责任免除条款以官方为准）,,,,,,,,,,,,
67023,凯美瑞,(标配)三元锂电池,,,,,,,,,,(标配)新中源丰田,,,,,,,(标配)首任车主终身质保/非营运（责任免除条款以官方为准）,,,,,,,,,,,,
71005,凯美瑞,(标配)三元锂电池,,,,,,,,,,(标配)新中源丰田,,,,,,,(标配)首任车主终身质保/非营运（责任免除条款以官方为准）,,,,,,,,,,,,
66313,凯美瑞,(标配)三元锂电池,,,,,,,,,,(标配)新中源丰田,,,,,,,(标配)首任车主终身质保/非营运（责任免除条款以官方为准）,,,,,,,,,,,,
66310,凯美瑞,(标配)三元锂电池,,,,,,,,,,(标配)新中源丰田,,,,,,,(标配)首任车主终身质保/非营运（责任免除条款以官方为准）,,,,,,,,,,,,
65877,凯美瑞,(标配)三元锂电池,,,,,,,,,,(标配)新中源丰田,,,,,,,(标配)首任车主终身质保/非营运（责任免除条款以官方为准）,,,,,,,,,,,,
66311,凯美瑞,,,,,,,,,,,,,,,,,,,,,,,,,,,,,,
65749,凯美瑞,,,,,,,,,,,,,,,,,,,,,,,,,,,,,,
65878,凯美瑞,,,,,,,,,,,,,,,,,,,,,,,,,,,,,,
72518,凯美瑞,,,,,,,,,,,,,,,,,,,,,,,,,,,,,,
65938,凯美瑞,(标配)三元锂电池,,,,,,,,,,(标配)新中源丰田,,,,,,,(标配)首任车主终身质保/非营运（责任免除条款以官方为准）,,,,,,,,,,,,
66647,凯美瑞,(标配)三元锂电池,,,,,,,,,,(标配)新中源丰田,,,,,,,(标配)首任车主终身质保/非营运（责任免除条款以官方为准）,,,,,,,,,,,,
72519,凯美瑞,(标配)三元锂电池,,,,,,,,,,(标配)新中源丰田,,,,,,,(标配)首任车主终身质保/非营运（责任免除条款以官方为准）,,,,,,,,,,,,
67254,赛那SIENNA,(标配)镍氢电池,,,,,,,,,,"(标配)科力美,(标配)PRIMEARTH",,,,,,,(标配)首任车主终身质保/非营运（责任免除条款以官方为准）,,,,,,,,,,,,
67252,赛那SIENNA,(标配)镍氢电池,,,,,,,,,,"(标配)科力美,(标配)PRIMEARTH",,,,,,,(标配)首任车主终身质保/非营运（责任免除条款以官方为准）,,,,,,,,,,,,
66455,赛那SIENNA,(标配)镍氢电池,,,,,,,,,,"(标配)科力美,(标配)PRIMEARTH",,,,,,,(标配)首任车主终身质保/非营运（责任免除条款以官方为准）,,,,,,,,,,,,
67256,赛那SIENNA,(标配)镍氢电池,,,,,,,,,,"(标配)科力美,(标配)PRIMEARTH",,,,,,,(标配)首任车主终身质保/非营运（责任免除条款以官方为准）,,,,,,,,,,,,
67257,赛那SIENNA,(标配)镍氢电池,,,,,,,,,,"(标配)科力美,(标配)PRIMEARTH",,,,,,,(标配)首任车主终身质保/非营运（责任免除条款以官方为准）,,,,,,,,,,,,
67251,赛那SIENNA,(标配)镍氢电池,,,,,,,,,,"(标配)科力美,(标配)PRIMEARTH",,,,,,,(标配)首任车主终身质保/非营运（责任免除条款以官方为准）,,,,,,,,,,,,
67253,赛那SIENNA,(标配)镍氢电池,,,,,,,,,,"(标配)科力美,(标配)PRIMEARTH",,,,,,,(标配)首任车主终身质保/非营运（责任免除条款以官方为准）,,,,,,,,,,,,
67930,赛那SIENNA,(标配)镍氢电池,,,,,,,,,,"(标配)科力美,(标配)PRIMEARTH",,,,,,,(标配)首任车主终身质保/非营运（责任免除条款以官方为准）,,,,,,,,,,,,
67255,赛那SIENNA,(标配)镍氢电池,,,,,,,,,,"(标配)科力美,(标配)PRIMEARTH",,,,,,,(标配)首任车主终身质保/非营运（责任免除条款以官方为准）,,,,,,,,,,,,
68219,汉兰达,(标配)镍氢电池,,,,,,,,,,"(标配)科力美,(标配)PRIMEARTH",,,,,,,(标配)首任车主终身质保/非营运（责任免除条款以官方为准）,,,,,,,,,,,,
68216,汉兰达,(标配)镍氢电池,,,,,,,,,,"(标配)科力美,(标配)PRIMEARTH",,,,,,,(标配)首任车主终身质保/非营运（责任免除条款以官方为准）,,,,,,,,,,,,
68555,汉兰达,(标配)镍氢电池,,,,,,,,,,"(标配)科力美,(标配)PRIMEARTH",,,,,,,(标配)首任车主终身质保/非营运（责任免除条款以官方为准）,,,,,,,,,,,,
68218,汉兰达,(标配)镍氢电池,,,,,,,,,,"(标配)科力美,(标配)PRIMEARTH",,,,,,,(标配)首任车主终身质保/非营运（责任免除条款以官方为准）,,,,,,,,,,,,
68217,汉兰达,(标配)镍氢电池,,,,,,,,,,"(标配)科力美,(标配)PRIMEARTH",,,,,,,(标配)首任车主终身质保/非营运（责任免除条款以官方为准）,,,,,,,,,,,,
68554,汉兰达,(标配)镍氢电池,,,,,,,,,,"(标配)科力美,(标配)PRIMEARTH",,,,,,,(标配)首任车主终身质保/非营运（责任免除条款以官方为准）,,,,,,,,,,,,
68556,汉兰达,(标配)镍氢电池,,,,,,,,,,"(标配)科力美,(标配)PRIMEARTH",,,,,,,(标配)首任车主终身质保/非营运（责任免除条款以官方为准）,,,,,,,,,,,,
68215,汉兰达,(标配)镍氢电池,,,,,,,,,,"(标配)科力美,(标配)PRIMEARTH",,,,,,,(标配)首任车主终身质保/非营运（责任免除条款以官方为准）,,,,,,,,,,,,
68553,汉兰达,,,,,,,,,,,,,,,,,,,,,,,,,,,,,,
68220,汉兰达,,,,,,,,,,,,,,,,,,,,,,,,,,,,,,
68221,汉兰达,,,,,,,,,,,,,,,,,,,,,,,,,,,,,,
68453,RAV4荣放,,,,,,,,,,,,,,,,,,,,,,,,,,,,,,
68451,RAV4荣放,,,,,,,,,,,,,,,,,,,,,,,,,,,,,,
68450,RAV4荣放,,,,,,,,,,,,,,,,,,,,,,,,,,,,,,
68454,RAV4荣放,,,,,,,,,,,,,,,,,,,,,,,,,,,,,,
68449,RAV4荣放,,,,,,,,,,,,,,,,,,,,,,,,,,,,,,
68456,RAV4荣放,(标配)三元锂电池,,,,,,,,,,(标配)新中源丰田,风冷,,,,,,,,,,,,,,,,,,
68457,RAV4荣放,(标配)三元锂电池,,,,,,,,,,(标配)新中源丰田,风冷,,,,,,,,,,,,,,,,,,
71930,普拉多,(标配)镍氢电池,,5.1,,,,,,,,(标配)PRIMEARTH,,,,,,,,,,,,,,,,,,,
66837,普拉多,(标配)镍氢电池,,5.1,,,,,,,,(标配)PRIMEARTH,,,,,,,,,,,,,,,,,,,
71959,普拉多,(标配)镍氢电池,,5.1,,,,,,,,(标配)PRIMEARTH,,,,,,,,,,,,,,,,,,,
66898,普拉多,(标配)镍氢电池,,5.1,,,,,,,,(标配)PRIMEARTH,,,,,,,,,,,,,,,,,,,
64019,普拉多,(标配)镍氢电池,,5.1,,,,,,,,(标配)PRIMEARTH,,,,,,,,,,,,,,,,,,,
71958,普拉多,(标配)镍氢电池,,,,,,,,,,(标配)PRIMEARTH,,,,,,,,,,,,,,,,,,,
66836,普拉多,(标配)镍氢电池,,,,,,,,,,(标配)PRIMEARTH,,,,,,,,,,,,,,,,,,,
71960,普拉多,(标配)镍氢电池,,,,,,,,,,(标配)PRIMEARTH,,,,,,,,,,,,,,,,,,,
66838,普拉多,(标配)镍氢电池,,,,,,,,,,(标配)PRIMEARTH,,,,,,,,,,,,,,,,,,,
67204,亚洲龙,,,,,,,,,,,,,,,,,,,,,,,,,,,,,,
68975,亚洲龙,,,,,,,,,,,,,,,,,,,,,,,,,,,,,,
68974,亚洲龙,,,,,,,,,,,,,,,,,,,,,,,,,,,,,,
68978,亚洲龙,(标配)三元锂电池,,,,,,,,,,(标配)新中源丰田,,,,,,,,,,,,,,,,,,,
67206,亚洲龙,(标配)三元锂电池,,,,,,,,,,(标配)新中源丰田,,,,,,,,,,,,,,,,,,,
68977,亚洲龙,(标配)三元锂电池,,,,,,,,,,(标配)新中源丰田,,,,,,,,,,,,,,,,,,,
68976,亚洲龙,(标配)三元锂电池,,,,,,,,,,(标配)新中源丰田,,,,,,,,,,,,,,,,,,,
68979,亚洲龙,(标配)三元锂电池,,,,,,,,,,(标配)新中源丰田,,,,,,,,,,,,,,,,,,,
67205,亚洲龙,(标配)三元锂电池,,,,,,,,,,(标配)新中源丰田,,,,,,,,,,,,,,,,,,,
63170,卡罗拉,(标配)镍钴锰酸锂电池,,,,,,,,,,(标配)比亚迪,,,,,,,,,,,,,,,,,,,
63173,卡罗拉,(标配)镍钴锰酸锂电池,,,,,,,,,,(标配)比亚迪,,,,,,,,,,,,,,,,,,,
68964,卡罗拉,(标配)镍钴锰酸锂电池,,,,,,,,,,(标配)比亚迪,,,,,,,,,,,,,,,,,,,
63177,卡罗拉,,,,,,,,,,,,,,,,,,,,,,,,,,,,,,
63175,卡罗拉,,,,,,,,,,,,,,,,,,,,,,,,,,,,,,
67629,卡罗拉,,,,,,,,,,,,,,,,,,,,,,,,,,,,,,
67631,卡罗拉,(标配)镍钴锰酸锂电池,,,,,,,,,,(标配)比亚迪,,,,,,,,,,,,,,,,,,,
67630,卡罗拉,(标配)镍钴锰酸锂电池,,,,,,,,,,(标配)比亚迪,,,,,,,,,,,,,,,,,,,
63174,卡罗拉,(标配)镍钴锰酸锂电池,,,,,,,,,,(标配)比亚迪,,,,,,,,,,,,,,,,,,,
60976,卡罗拉,,,,,,,,,,,,,,,,,,,,,,,,,,,,,,
63176,卡罗拉,,,,,,,,,,,,,,,,,,,,,,,,,,,,,,
68962,卡罗拉,,,,,,,,,,,,,,,,,,,,,,,,,,,,,,
68963,卡罗拉,,,,,,,,,,,,,,,,,,,,,,,,,,,,,,
63172,卡罗拉,,,,,,,,,,,,,,,,,,,,,,,,,,,,,,
63171,卡罗拉,,,,,,,,,,,,,,,,,,,,,,,,,,,,,,
68951,锋兰达,,,,,,,,,,,,,,,,,,,,,,,,,,,,,,
68930,锋兰达,,,,,,,,,,,,,,,,,,,,,,,,,,,,,,
68932,锋兰达,,,,,,,,,,,,,,,,,,,,,,,,,,,,,,
68931,锋兰达,,,,,,,,,,,,,,,,,,,,,,,,,,,,,,
68952,锋兰达,,,,,,,,,,,,,,,,,,,,,,,,,,,,,,
68953,锋兰达,,,,,,,,,,,,,,,,,,,,,,,,,,,,,,
71236,锋兰达,,,,,,,,,,,,,,,,,,,,,,,,,,,,,,
68950,锋兰达,(标配)三元锂电池,,,,,,,,,,(标配)宁德时代(江苏时代),,,,,,,(标配)首任车主终身质保/非营运（责任免除条款以官方为准）,,,,,,,,,,,,
68933,锋兰达,(标配)三元锂电池,,,,,,,,,,(标配)宁德时代(江苏时代),,,,,,,(标配)首任车主终身质保/非营运（责任免除条款以官方为准）,,,,,,,,,,,,
71250,锋兰达,(标配)三元锂电池,,,,,,,,,,(标配)宁德时代(江苏时代),,,,,,,(标配)首任车主终身质保/非营运（责任免除条款以官方为准）,,,,,,,,,,,,
68929,锋兰达,(标配)三元锂电池,,,,,,,,,,(标配)宁德时代(江苏时代),,,,,,,(标配)首任车主终身质保/非营运（责任免除条款以官方为准）,,,,,,,,,,,,
67133,格瑞维亚,(标配)镍氢电池,,,,,,,,,,"(标配)PRIMEARTH,(标配)新中源丰田",,,,,,,(标配)首任车主终身质保/非营运（责任免除条款以官方为准）,,,,,,,,,,,,
67129,格瑞维亚,(标配)镍氢电池,,,,,,,,,,"(标配)PRIMEARTH,(标配)新中源丰田",,,,,,,(标配)首任车主终身质保/非营运（责任免除条款以官方为准）,,,,,,,,,,,,
67130,格瑞维亚,(标配)镍氢电池,,,,,,,,,,"(标配)PRIMEARTH,(标配)新中源丰田",,,,,,,(标配)首任车主终身质保/非营运（责任免除条款以官方为准）,,,,,,,,,,,,
67131,格瑞维亚,(标配)镍氢电池,,,,,,,,,,"(标配)PRIMEARTH,(标配)新中源丰田",,,,,,,(标配)首任车主终身质保/非营运（责任免除条款以官方为准）,,,,,,,,,,,,
67132,格瑞维亚,(标配)镍氢电池,,,,,,,,,,"(标配)PRIMEARTH,(标配)新中源丰田",,,,,,,(标配)首任车主终身质保/非营运（责任免除条款以官方为准）,,,,,,,,,,,,
66456,格瑞维亚,(标配)镍氢电池,,,,,,,,,,"(标配)PRIMEARTH,(标配)新中源丰田",,,,,,,(标配)首任车主终身质保/非营运（责任免除条款以官方为准）,,,,,,,,,,,,
67134,格瑞维亚,(标配)镍氢电池,,,,,,,,,,"(标配)PRIMEARTH,(标配)新中源丰田",,,,,,,(标配)首任车主终身质保/非营运（责任免除条款以官方为准）,,,,,,,,,,,,
68314,皇冠陆放,,,,,,,,,,,,,,,,,,,,,,,,,,,,,,
68317,皇冠陆放,,,,,,,,,,,,,,,,,,,,,,,,,,,,,,
67586,皇冠陆放,(标配)镍氢电池,,,,,,,,,,(标配)新中源丰田,,,,,,,,,,,,,,,,,,,
68316,皇冠陆放,(标配)镍氢电池,,,,,,,,,,(标配)新中源丰田,,,,,,,,,,,,,,,,,,,
68315,皇冠陆放,(标配)镍氢电池,,,,,,,,,,(标配)新中源丰田,,,,,,,,,,,,,,,,,,,
68318,皇冠陆放,(标配)镍氢电池,,,,,,,,,,(标配)新中源丰田,,,,,,,,,,,,,,,,,,,
63241,卡罗拉锐放,(标配)三元锂电池,,,,,,,,,,(标配)宁德时代(江苏时代),,,,,,,,,,,,,,,,,,,
63020,卡罗拉锐放,(标配)三元锂电池,,,,,,,,,,(标配)宁德时代(江苏时代),,,,,,,,,,,,,,,,,,,
64034,卡罗拉锐放,(标配)三元锂电池,,,,,,,,,,(标配)宁德时代(江苏时代),,,,,,,,,,,,,,,,,,,
68733,卡罗拉锐放,(标配)三元锂电池,,,,,,,,,,(标配)宁德时代(江苏时代),,,,,,,,,,,,,,,,,,,
67632,卡罗拉锐放,,,,,,,,,,,,,,,,,,,,,,,,,,,,,,
64079,卡罗拉锐放,,,,,,,,,,,,,,,,,,,,,,,,,,,,,,
67628,卡罗拉锐放,,,,,,,,,,,,,,,,,,,,,,,,,,,,,,
63019,卡罗拉锐放,,,,,,,,,,,,,,,,,,,,,,,,,,,,,,
61460,卡罗拉锐放,(标配)锂离子电池,,,,,,,,,,(标配)宁德时代(江苏时代),,,,,,,,,,,,,,,,,,,
62996,卡罗拉锐放,(标配)锂离子电池,,,,,,,,,,(标配)宁德时代(江苏时代),,,,,,,,,,,,,,,,,,,
68732,卡罗拉锐放,(标配)锂离子电池,,,,,,,,,,(标配)宁德时代(江苏时代),,,,,,,,,,,,,,,,,,,
68734,卡罗拉锐放,(标配)锂离子电池,,,,,,,,,,(标配)宁德时代(江苏时代),,,,,,,,,,,,,,,,,,,
68728,卡罗拉锐放,(标配)锂离子电池,,,,,,,,,,(标配)宁德时代(江苏时代),,,,,,,,,,,,,,,,,,,
62733,卡罗拉锐放,(标配)锂离子电池,,,,,,,,,,(标配)宁德时代(江苏时代),,,,,,,,,,,,,,,,,,,
68729,卡罗拉锐放,,,,,,,,,,,,,,,,,,,,,,,,,,,,,,
62927,卡罗拉锐放,,,,,,,,,,,,,,,,,,,,,,,,,,,,,,
64033,卡罗拉锐放,,,,,,,,,,,,,,,,,,,,,,,,,,,,,,
68723,卡罗拉锐放,,,,,,,,,,,,,,,,,,,,,,,,,,,,,,
62731,卡罗拉锐放,,,,,,,,,,,,,,,,,,,,,,,,,,,,,,
64032,卡罗拉锐放,,,,,,,,,,,,,,,,,,,,,,,,,,,,,,
64078,卡罗拉锐放,,,,,,,,,,,,,,,,,,,,,,,,,,,,,,
68544,威兰达,,,,,,,,,,,,,,,,,,,,,,,,,,,,,,
68541,威兰达,,,,,,,,,,,,,,,,,,,,,,,,,,,,,,
68542,威兰达,,,,,,,,,,,,,,,,,,,,,,,,,,,,,,
68539,威兰达,,,,,,,,,,,,,,,,,,,,,,,,,,,,,,
68506,威兰达,,,,,,,,,,,,,,,,,,,,,,,,,,,,,,
68538,威兰达,,,,,,,,,,,,,,,,,,,,,,,,,,,,,,
68546,威兰达,(标配)三元锂电池,,,,,,,,,,,,,,,,,(标配)首任车主终身质保/非营运（责任免除条款以官方为准）,,,,,,,,,,,,
68540,威兰达,(标配)三元锂电池,,,,,,,,,,,,,,,,,(标配)首任车主终身质保/非营运（责任免除条款以官方为准）,,,,,,,,,,,,
68507,威兰达,(标配)三元锂电池,,,,,,,,,,,,,,,,,(标配)首任车主终身质保/非营运（责任免除条款以官方为准）,,,,,,,,,,,,
68545,威兰达,(标配)三元锂电池,,,,,,,,,,,,,,,,,(标配)首任车主终身质保/非营运（责任免除条款以官方为准）,,,,,,,,,,,,
68543,威兰达,(标配)三元锂电池,,,,,,,,,,,,,,,,,(标配)首任车主终身质保/非营运（责任免除条款以官方为准）,,,,,,,,,,,,
71586,铂智3X,(标配)磷酸铁锂电池,,50.03,支持,0.4,10,30-80,0-100,车右前侧,车右前侧,(标配)江苏正力,液冷,12.6,430,,,,,,,3.3,,,,,,,,,
71588,铂智3X,(标配)磷酸铁锂电池,,50.03,支持,0.4,10,30-80,0-100,车右前侧,车右前侧,(标配)江苏正力,液冷,12.6,430,,,,,,,3.3,,,,,,,,,
71013,铂智3X,(标配)磷酸铁锂电池,,58.37,支持,0.4,10,30-80,0-100,车右前侧,车右前侧,"(标配)中创新航,(标配)江苏正力",液冷,12.5,520,,,,,,,3.3,,,,,,,,,
68066,铂智3X,(标配)磷酸铁锂电池,,58.37,支持,0.4,10,30-80,0-100,车右前侧,车右前侧,"(标配)中创新航,(标配)江苏正力",液冷,12.5,520,,,,,,,3.3,,,,,,,,,
71589,铂智3X,(标配)磷酸铁锂电池,,58.37,支持,0.4,10,30-80,0-100,车右前侧,车右前侧,"(标配)中创新航,(标配)江苏正力",液冷,12.5,520,,,,,,,3.3,,,,,,,,,
71012,铂智3X,(标配)磷酸铁锂电池,,58.37,支持,0.4,10,30-80,0-100,车右前侧,车右前侧,"(标配)中创新航,(标配)江苏正力",液冷,12.5,520,,,,,,,3.3,,,,,,,,,
71587,铂智3X,(标配)磷酸铁锂电池,,67.92,支持,0.4,12,30-80,0-100,车右前侧,车右前侧,(标配)中创新航,液冷,12.8,610,,,,,,,3.3,,,,,,,,,
67982,皇冠(进口),(标配)锂离子电池,,,,,,,,,,,,,,,,,,,,,,,,,,,,,
67981,皇冠(进口),(标配)锂离子电池,,,,,,,,,,,,,,,,,,,,,,,,,,,,,
63539,埃尔法,,,,,,,,,,,,,,,,,,,,,,,,,,,,,,
71307,埃尔法,,,,,,,,,,,,,,,,,,,,,,,,,,,,,,
71306,埃尔法,,,,,,,,,,,,,,,,,,,,,,,,,,,,,,
63540,埃尔法,,,,,,,,,,,,,,,,,,,,,,,,,,,,,,
66667,雷凌,(标配)锂离子电池,,,,,,,,,,(标配)比亚迪,,,,,,,(标配)首任车主终身质保/非营运（责任免除条款以官方为准）,,,,,,,,,,,,
68949,雷凌,(标配)锂离子电池,,,,,,,,,,(标配)比亚迪,,,,,,,(标配)首任车主终身质保/非营运（责任免除条款以官方为准）,,,,,,,,,,,,
62134,雷凌,(标配)锂离子电池,,,,,,,,,,(标配)比亚迪,,,,,,,(标配)首任车主终身质保/非营运（责任免除条款以官方为准）,,,,,,,,,,,,
68947,雷凌,(标配)锂离子电池,,,,,,,,,,(标配)比亚迪,,,,,,,(标配)首任车主终身质保/非营运（责任免除条款以官方为准）,,,,,,,,,,,,
62136,雷凌,,,,,,,,,,,,,,,,,,,,,,,,,,,,,,
60635,雷凌,,,,,,,,,,,,,,,,,,,,,,,,,,,,,,
68948,雷凌,,,,,,,,,,,,,,,,,,,,,,,,,,,,,,
60634,雷凌,,,,,,,,,,,,,,,,,,,,,,,,,,,,,,
67326,雷凌,,,,,,,,,,,,,,,,,,,,,,,,,,,,,,
67325,雷凌,,,,,,,,,,,,,,,,,,,,,,,,,,,,,,
62133,雷凌,(标配)锂离子电池,,,,,,,,,,(标配)比亚迪,,,,,,,(标配)八年或20万公里,,,,,,,,,,,,
62135,雷凌,(标配)锂离子电池,,,,,,,,,,(标配)比亚迪,,,,,,,(标配)八年或20万公里,,,,,,,,,,,,
62132,雷凌,(标配)锂离子电池,,,,,,,,,,(标配)比亚迪,,,,,,,(标配)八年或20万公里,,,,,,,,,,,,
63227,凌放HARRIER,,,,,,,,,,,,,,,,,,,,,,,,,,,,,,
68447,凌放HARRIER,,,,,,,,,,,,,,,,,,,,,,,,,,,,,,
68441,凌放HARRIER,,,,,,,,,,,,,,,,,,,,,,,,,,,,,,
63230,凌放HARRIER,(标配)三元锂电池,,,,,,,,,,(标配)新中源丰田,,,,,,,,,,,,,,,,,,,
68442,凌放HARRIER,(标配)三元锂电池,,,,,,,,,,(标配)比亚迪,,,,,,,,,,,,,,,,,,,
63231,凌放HARRIER,(标配)三元锂电池,,,,,,,,,,(标配)比亚迪,,,,,,,,,,,,,,,,,,,
68446,凌放HARRIER,,,,,,,,,,,,,,,,,,,,,,,,,,,,,,
63228,凌放HARRIER,,,,,,,,,,,,,,,,,,,,,,,,,,,,,,
68443,凌放HARRIER,,,,,,,,,,,,,,,,,,,,,,,,,,,,,,
68444,凌放HARRIER,,,,,,,,,,,,,,,,,,,,,,,,,,,,,,
63225,凌放HARRIER,,,,,,,,,,,,,,,,,,,,,,,,,,,,,,
63229,凌放HARRIER,(标配)三元锂电池,,,,,,,,,,(标配)比亚迪,,,,,,,,,,,,,,,,,,,
63226,凌放HARRIER,(标配)三元锂电池,,,,,,,,,,(标配)比亚迪,,,,,,,,,,,,,,,,,,,
63232,凌放HARRIER,(标配)三元锂电池,,,,,,,,,,(标配)比亚迪,,,,,,,,,,,,,,,,,,,
61459,凌放HARRIER,(标配)三元锂电池,,,,,,,,,,(标配)比亚迪,,,,,,,,,,,,,,,,,,,
61121,皇冠SportCross,,,,,,,,,,,,,,,,,,,,,,,,,,,,,,
60295,皇冠SportCross,,,,,,,,,,,,,,,,,,,,,,,,,,,,,,
66470,丰田bZ3,(标配)磷酸铁锂电池,,49.92,支持,0.45,7,80,100,,,(标配)弗迪,液冷,11,517,146.39,70,,,,,,,,,,,,,,
66581,丰田bZ3,(标配)磷酸铁锂电池,,65.28,支持,0.45,9.5,80,100,,,(标配)弗迪,液冷,12,616,148.7,90,,,,,,,,,,,,,,
66582,丰田bZ3,(标配)磷酸铁锂电池,,65.28,支持,0.45,9.5,80,100,,,(标配)弗迪,液冷,12,616,148.7,90,,,,,,,,,,,,,,
62004,威飒,,,,,,,,,,,,,,,,,,,,,,,,,,,,,,
62008,威飒,,,,,,,,,,,,,,,,,,,,,,,,,,,,,,
68795,威飒,,,,,,,,,,,,,,,,,,,,,,,,,,,,,,
68793,威飒,,,,,,,,,,,,,,,,,,,,,,,,,,,,,,
68792,威飒,,,,,,,,,,,,,,,,,,,,,,,,,,,,,,
62005,威飒,(标配)三元锂电池,,4.9,,,,,,,,(标配)比亚迪,,,,,,,(标配)首任车主终身质保/非营运（责任免除条款以官方为准）,,,,,,,,,,,,
68797,威飒,(标配)三元锂电池,,4.9,,,,,,,,(标配)比亚迪,,,,,,,(标配)首任车主终身质保/非营运（责任免除条款以官方为准）,,,,,,,,,,,,
68618,威飒,(标配)三元锂电池,,4.9,,,,,,,,(标配)比亚迪,,,,,,,(标配)首任车主终身质保/非营运（责任免除条款以官方为准）,,,,,,,,,,,,
61995,威飒,(标配)三元锂电池,,4.9,,,,,,,,(标配)比亚迪,,,,,,,(标配)首任车主终身质保/非营运（责任免除条款以官方为准）,,,,,,,,,,,,
68799,威飒,(标配)三元锂电池,,4.9,,,,,,,,(标配)比亚迪,,,,,,,(标配)首任车主终身质保/非营运（责任免除条款以官方为准）,,,,,,,,,,,,
61996,威飒,,,,,,,,,,,,,,,,,,,,,,,,,,,,,,
62007,威飒,,,,,,,,,,,,,,,,,,,,,,,,,,,,,,
68794,威飒,,,,,,,,,,,,,,,,,,,,,,,,,,,,,,
62009,威飒,,,,,,,,,,,,,,,,,,,,,,,,,,,,,,
68798,威飒,(标配)三元锂电池,,,,,,,,,,(标配)比亚迪,,,,,,,(标配)八年或20万公里,,,,,,,,,,,,
68612,威飒,(标配)三元锂电池,,,,,,,,,,(标配)比亚迪,,,,,,,(标配)八年或20万公里,,,,,,,,,,,,
68796,威飒,(标配)三元锂电池,,,,,,,,,,(标配)比亚迪,,,,,,,(标配)八年或20万公里,,,,,,,,,,,,
62006,威飒,(标配)三元锂电池,,,,,,,,,,(标配)比亚迪,,,,,,,(标配)八年或20万公里,,,,,,,,,,,,
71299,威尔法,(标配)镍氢电池,,,,,,,,,,,,,,,,,,,,,,,,,,,,,
71298,威尔法,(标配)镍氢电池,,,,,,,,,,,,,,,,,,,,,,,,,,,,,
63535,威尔法,(标配)镍氢电池,,,,,,,,,,,,,,,,,,,,,,,,,,,,,
63534,威尔法,(标配)镍氢电池,,,,,,,,,,,,,,,,,,,,,,,,,,,,,
65874,铂智4X,(标配)三元锂电池,,66.7,支持,0.55,10,30-80,,车右前侧,车左前侧,(标配)宁德时代,液冷,11.6,615,155.48,,不支持,,,,,,,,,,,,,
70807,铂智4X,(标配)三元锂电池,,66.7,支持,0.55,10,30-80,,车右前侧,车左前侧,(标配)宁德时代,液冷,11.6,615,155.48,,不支持,,,,,,,,,,,,,
70805,铂智4X,(标配)三元锂电池,,66.7,支持,0.55,10,30-80,,车右前侧,车左前侧,(标配)宁德时代,液冷,11.6,615,155.48,,不支持,,,,,,,,,,,,,
65872,铂智4X,(标配)三元锂电池,,66.7,支持,0.55,10,30-80,,车右前侧,车左前侧,(标配)宁德时代,液冷,13.1,560,155.48,,不支持,,,,,,,,,,,,,
70808,铂智4X,(标配)三元锂电池,,66.7,支持,0.5,10,30-80,,,,(标配)宁德时代,液冷,11.6,615,155.48,,不支持,,,,,,,,,,,,,
70806,铂智4X,(标配)三元锂电池,,66.7,支持,0.5,10,30-80,,,,(标配)宁德时代,液冷,11.6,615,155.48,,不支持,,,,,,,,,,,,,
65875,铂智4X,(标配)三元锂电池,,66.7,支持,0.5,10,30-80,,,,(标配)宁德时代,液冷,11.6,615,155.48,,不支持,,,,,,,,,,,,,
65873,铂智4X,(标配)三元锂电池,,66.7,支持,0.5,10,30-80,,,,(标配)宁德时代,液冷,13.1,560,155.48,,不支持,,,,,,,,,,,,,
64037,亚洲狮,(标配)锂离子电池,,,,,,,,,,,,,,,,,,,,,,,,,,,,,
61892,亚洲狮,(标配)锂离子电池,,,,,,,,,,,,,,,,,,,,,,,,,,,,,
63250,亚洲狮,(标配)锂离子电池,,,,,,,,,,,,,,,,,,,,,,,,,,,,,
63249,亚洲狮,,,,,,,,,,,,,,,,,,,,,,,,,,,,,,
64036,亚洲狮,,,,,,,,,,,,,,,,,,,,,,,,,,,,,,
63251,亚洲狮,,,,,,,,,,,,,,,,,,,,,,,,,,,,,,
63248,亚洲狮,,,,,,,,,,,,,,,,,,,,,,,,,,,,,,
63244,亚洲狮,,,,,,,,,,,,,,,,,,,,,,,,,,,,,,
63836,凌尚,(标配)三元锂电池,,,,,,,,,,(标配)宁德时代(江苏时代),,,,,,,(标配)首任车主终身质保/非营运（责任免除条款以官方为准）,,,,,,,,,,,,
69027,凌尚,(标配)三元锂电池,,,,,,,,,,(标配)宁德时代(江苏时代),,,,,,,(标配)首任车主终身质保/非营运（责任免除条款以官方为准）,,,,,,,,,,,,
62159,凌尚,(标配)三元锂电池,,,,,,,,,,(标配)宁德时代(江苏时代),,,,,,,(标配)首任车主终身质保/非营运（责任免除条款以官方为准）,,,,,,,,,,,,
61105,凌尚,,,,,,,,,,,,,,,,,,,,,,,,,,,,,,
62158,凌尚,,,,,,,,,,,,,,,,,,,,,,,,,,,,,,
63835,凌尚,,,,,,,,,,,,,,,,,,,,,,,,,,,,,,
69032,凌尚,(标配)三元锂电池,,,,,,,,,,(标配)宁德时代(江苏时代),,,,,,,,,,,,,,,,,,,
69030,凌尚,(标配)三元锂电池,,,,,,,,,,(标配)宁德时代(江苏时代),,,,,,,,,,,,,,,,,,,
69031,凌尚,(标配)三元锂电池,,,,,,,,,,(标配)宁德时代(江苏时代),,,,,,,,,,,,,,,,,,,
62160,凌尚,,,,,,,,,,,,,,,,,,,,,,,,,,,,,,
69028,凌尚,,,,,,,,,,,,,,,,,,,,,,,,,,,,,,
69029,凌尚,,,,,,,,,,,,,,,,,,,,,,,,,,,,,,
61998,丰田C-HR,,,,,,,,,,,,,,,,,,,,,,,,,,,,,,
61997,丰田C-HR,,,,,,,,,,,,,,,,,,,,,,,,,,,,,,
62002,丰田C-HR,,,,,,,,,,,,,,,,,,,,,,,,,,,,,,
62000,丰田C-HR,(标配)镍氢电池,,,,,,,,,,,,,,,,,(标配)八年或20万公里,,,,,,,,,,,,
61999,丰田C-HR,(标配)镍氢电池,,,,,,,,,,,,,,,,,(标配)八年或20万公里,,,,,,,,,,,,
62003,丰田C-HR,(标配)镍氢电池,,,,,,,,,,,,,,,,,(标配)八年或20万公里,,,,,,,,,,,,
62001,丰田C-HR,(标配)镍氢电池,,,,,,,,,,,,,,,,,(标配)八年或20万公里,,,,,,,,,,,,
69868,RAV4荣放双擎E+,(标配)三元锂电池,78,15.984,,,9.5,,,,,(标配)新中源丰田,液冷,13.9,,,,,,95,,,,,,,,,,,
69870,RAV4荣放双擎E+,(标配)三元锂电池,73,15.984,,,9.5,,,,,(标配)新中源丰田,液冷,14.5,,,,,,87,,,,,,,,,,,
63240,奕泽IZOA,,,,,,,,,,,,,,,,,,,,,,,,,,,,,,
63233,奕泽IZOA,,,,,,,,,,,,,,,,,,,,,,,,,,,,,,
62891,奕泽IZOA,,,,,,,,,,,,,,,,,,,,,,,,,,,,,,
63238,奕泽IZOA,,,,,,,,,,,,,,,,,,,,,,,,,,,,,,
63234,奕泽IZOA,,,,,,,,,,,,,,,,,,,,,,,,,,,,,,
63235,奕泽IZOA,(标配)镍氢电池,,,,,,,,,,,,,,,,,,,,,,,,,,,,,
63237,奕泽IZOA,(标配)镍氢电池,,,,,,,,,,,,,,,,,,,,,,,,,,,,,
63236,奕泽IZOA,(标配)镍氢电池,,,,,,,,,,,,,,,,,,,,,,,,,,,,,
63239,奕泽IZOA,(标配)镍氢电池,,,,,,,,,,,,,,,,,,,,,,,,,,,,,
59751,Mirai,(标配)锂离子电池,,0.81,,,,,,,,,,,,,,,,781,,,,,,,,,,,
56233,一汽丰田bZ4X,(标配)三元锂电池,,50.3,支持,0.5,7,80,,,,(标配)宁德时代,液冷,12.3,400,117.25,100,不支持,,,,,,,,,,,,,
56475,一汽丰田bZ4X,(标配)三元锂电池,,66.7,支持,0.83,10,80,,,,(标配)宁德时代,液冷,11.6,615,155.48,100,不支持,,,,,,,,,,,,,
56849,一汽丰田bZ4X,(标配)三元锂电池,,66.7,支持,0.83,10,80,,,,(标配)宁德时代,液冷,11.6,615,155.48,100,不支持,,,,,,,,,,,,,
56067,一汽丰田bZ4X,(标配)三元锂电池,,66.7,支持,0.83,10,80,,,,(标配)宁德时代,液冷,13.1,560,155.48,100,不支持,,,,,,,,,,,,,
56850,一汽丰田bZ4X,(标配)三元锂电池,,66.7,支持,0.83,10,80,,,,(标配)宁德时代,液冷,14.7,500,155.48,100,不支持,,,,,,,,,,,,,
68623,威兰达新能源,(标配)三元锂电池,78,15.98,,,9.5,,,,,(标配)新中源丰田,液冷,13.2,,,,,(标配)八年或20万公里,,,,,,,,,,,,
68622,威兰达新能源,(标配)三元锂电池,73,15.98,,,9.5,,,,,(标配)新中源丰田,液冷,14.2,,,,,(标配)八年或20万公里,,,,,,,,,,,,
68621,威兰达新能源,(标配)三元锂电池,73,15.98,,,9.5,,,,,(标配)新中源丰田,液冷,14.2,,,,,(标配)八年或20万公里,,,,,,,,,,,,
67969,别克GL8新能源,(标配)磷酸铁锂电池,,24.4,,,,,,车右后侧,车右后侧,(标配)江苏正力,,,138,,,,,,,,支持,,1370,,,,,,
67915,别克GL8新能源,(标配)磷酸铁锂电池,,24.4,,,,,,车右后侧,车右后侧,(标配)江苏正力,,,138,,,,,,,,支持,,1370,,,,,,
67943,别克GL8新能源,(标配)磷酸铁锂电池,,24.4,,,,,,车右后侧,车右后侧,(标配)江苏正力,,,138,,,,,,,,支持,,1370,,,,,,
67968,别克GL8新能源,(标配)磷酸铁锂电池,,24.4,,,,,,车右后侧,车右后侧,(标配)江苏正力,,,138,,,,,,,,支持,,1370,,,,,,
62478,别克E5,(标配)磷酸铁锂电池,,65,支持,0.5,10.3,30-80,0-100,车左前侧,车左前侧,(标配)弗迪,液冷,13.7,515,,,,,,,,,,,,,,,,
68969,别克E5,(标配)三元锂电池,,68.4,支持,0.467,10.8,30-80,0-100,车左前侧,车左前侧,(标配)时代上汽,液冷,13.5,545,,,,,,,,,,,,,,,,
65330,别克E5,(标配)三元锂电池,,68.4,支持,0.467,10.8,30-80,0-100,车左前侧,车左前侧,(标配)时代上汽,液冷,13.5,545,,,,,,,,,,,,,,,,
60605,别克E5,(标配)三元锂电池,,68.4,支持,0.467,10.8,30-80,0-100,车左前侧,车左前侧,(标配)时代上汽,液冷,13.5,545,,,,,,,,,,,,,,,,
66832,别克E5,(标配)三元锂电池,,79.4,支持,0.45,12.9,30-80,0-100,车左前侧,车左前侧,(标配)时代上汽,液冷,13.5,620,,,,,,,,,,,,,,,,
68957,微蓝6,(标配)磷酸铁锂电池,,50.3,支持,0.5,8.5,30-80,,车右前侧,车正前,(标配)时代上汽,液冷,12.7,430,,,,,,,,,,,,,,,,
68958,微蓝6,(标配)磷酸铁锂电池,,50.3,支持,0.5,8.5,30-80,,车右前侧,车正前,(标配)时代上汽,液冷,12.7,430,,,,,,,,,,,,,,,,
68668,微蓝6,(标配)磷酸铁锂电池,,50.3,支持,0.5,8.5,30-80,,车右前侧,车正前,(标配)上汽时代,液冷,12.5,450,,,,,,,,,,,,,,,,
65234,微蓝6,(标配)磷酸铁锂电池,,50.3,支持,0.5,8.5,30-80,,车右前侧,车正前,(标配)时代上汽,液冷,12.5,450,,,,,,,,,,,,,,,,
65235,微蓝6,(标配)磷酸铁锂电池,,50.3,支持,0.5,8.5,30-80,,车右前侧,车正前,(标配)时代上汽,液冷,12.5,450,,,,,,,,,,,,,,,,
63393,别克E4,(标配)磷酸铁锂电池,,65,支持,0.5,,,,车左前侧,车左前侧,(标配)弗迪,液冷,13.4,530,,,,,,,,,,,,,,,,
63391,别克E4,(标配)磷酸铁锂电池,,65,支持,0.5,,,,车左前侧,车左前侧,(标配)弗迪,液冷,13.4,530,,,,,,,,,,,,,,,,
61260,别克E4,(标配)磷酸铁锂电池,,65,支持,0.5,,,,车左前侧,车左前侧,(标配)弗迪,液冷,13.4,530,,,,,,,,,,,,,,,,
63392,别克E4,(标配)三元锂电池,,79.7,支持,0.45,,,,车左前侧,车左前侧,(标配)时代上汽,液冷,13.5,620,,,,,,,,,,,,,,,,
65768,小米SU7,(标配)磷酸铁锂电池,,73.6,支持,0.42,,10-80,,车左后侧,车左后侧,"(标配)宁德时代,(标配)弗迪",液冷,12.3,700,,,,,,神行电池/刀片电池,3.5,,400,,,,,,3999,6.6
59881,小米SU7,(标配)磷酸铁锂电池,,94.3,支持,0.5,,10-80,,车左后侧,车左后侧,(标配)宁德时代,液冷,12.9,830,,,,,,神行电池,3.5,,400,,,,,,3999,6.6
67500,小米SU7,(标配)三元锂电池,,101,支持,0.32,,10-80,,车左后侧,车左后侧,(标配)宁德时代,液冷,13.7,800,,,,,,麒麟电池,3.5,支持,800,,,,,,3999,6.6
70554,小米SU7 Ultra,(标配)三元锂电池,,93.7,支持,0.183,,10-80,,车左后侧,车左后侧,(标配)宁德时代,液冷,16.5,630,,480,,,,麒麟II,3.5,支持,800,,,,,,3999,6.6
62223,帝豪,,,,,,,,,,,,,,,,,,,,,,,,,,,,,,
62222,帝豪,,,,,,,,,,,,,,,,,,,,,,,,,,,,,,
67664,帝豪,,,,,,,,,,,,,,,,,,,,,,,,,,,,,,
68502,帝豪,,,,,,,,,,,,,,,,,,,,,,,,,,,,,,
62421,帝豪,,,,,,,,,,,,,,,,,,,,,,,,,,,,,,
68428,帝豪,,,,,,,,,,,,,,,,,,,,,,,,,,,,,,
68499,帝豪,(标配)三元锂电池,,,,,,,,,,(标配)威睿电动,,,,,,,,,,,,,,,,,,,
68427,帝豪,(标配)三元锂电池,,,,,,,,,,(标配)威睿电动,,,,,,,,,,,,,,,,,,,
68430,帝豪,,,,,,,,,,,,,,,,,,,,,,,,,,,,,,
55960,帝豪,,,,,,,,,,,,,,,,,,,,,,,,,,,,,,
62422,帝豪,,,,,,,,,,,,,,,,,,,,,,,,,,,,,,
68429,帝豪,,,,,,,,,,,,,,,,,,,,,,,,,,,,,,
70704,帝豪,(标配)三元锂电池,,,,,,,,,,(标配)威睿电动,,,,,,,,,,,,,,,,,,,
70183,熊猫,(标配)磷酸铁锂电池,,17.03,支持,0.5,4.5,30-80,20-100,车正前,车正前,(标配)国轩高科,,,210,125.78,22,,,,,,,,,,,,,,
65703,星瑞L,(标配)三元锂电池,,,,,,,,,,(标配)欣旺达,,,,,,,,,,,,,,,,,,,
65255,星瑞L,(标配)三元锂电池,,,,,,,,,,(标配)欣旺达,,,,,,,,,,,,,,,,,,,
65702,星瑞L,(标配)三元锂电池,,,,,,,,,,(标配)欣旺达,,,,,,,,,,,,,,,,,,,
65701,星越L智擎,(标配)三元锂电池,,,,,,,,,,(标配)欣旺达,,,,,,,,,,,,,,1279,,,,,
65628,星越L智擎,(标配)三元锂电池,,,,,,,,,,(标配)欣旺达,,,,,,,,,,,,,,1279,,,,,
67062,星越L智擎,(标配)三元锂电池,,,,,,,,,,(标配)欣旺达,,,,,,,,,,,,,,1279,,,,,
66770,帝豪L HiP,(标配)三元锂电池,80,15.5,不支持,,2.5,,,车左前侧,,(标配)威睿电动,,,,,,不支持,,100,,,,,,1300,,,,,
66771,帝豪L HiP,(标配)三元锂电池,80,15.5,支持,0.67,2.5,30-80,,车左前侧,车左前侧,(标配)威睿电动,,,,,,不支持,,100,,,,,,1300,,,,,
58931,帝豪新能源,(标配)三元锂电池,,52.8,支持,0.5,9,30-80,,车左前侧,车左后侧,"(标配)宁德时代,(标配)威睿欣旺达",液冷,13.6,,160.35,,,,421,,,,,,,,,,,
58928,帝豪新能源,(标配)三元锂电池,,52.8,支持,0.5,9,30-80,,车左前侧,车左后侧,"(标配)宁德时代,(标配)威睿欣旺达",液冷,13.6,,160.35,,,,421,,,,,,,,,,,
58927,帝豪新能源,(标配)磷酸铁锂电池,,51.8,支持,0.5,,30-80,,车左前侧,车左后侧,(标配)宁德时代,液冷,13.8,430,141,,,,,,,,,,,,,,,
58930,帝豪新能源,(标配)磷酸铁锂电池,,51.8,支持,0.5,,30-80,,车左前侧,车左后侧,(标配)宁德时代,液冷,13.8,430,141,,,,,,,,,,,,,,,
