CAR_ID,品牌系列,扬声器品牌名称,扬声器数量,杜比全景声(Dolby Atmos),车内环境氛围灯,主动式环境氛围灯,触摸式阅读灯,车外扬声器数量
69962,奔驰E级,(选配)Burmester柏林之声,"(标配)8喇叭,(选配)21喇叭",(选配),(标配)64色,(选配),,
69963,奔驰E级,(选配)Burmester柏林之声,"(标配)8喇叭,(选配)21喇叭",(选配),(标配)64色,(选配),,
72179,奔驰E级,(选配)Burmester柏林之声,"(标配)8喇叭,(选配)21喇叭",(选配),(标配)64色,(选配),,
69966,奔驰E级,(选配)Burmester柏林之声,"(标配)8喇叭,(选配)21喇叭",(选配),(标配)64色,(选配),,
69969,奔驰E级,(选配)Burmester柏林之声,"(标配)8喇叭,(选配)21喇叭",(选配),(标配)64色,(选配),,
72177,奔驰E级,(选配)Burmester柏林之声,"(标配)8喇叭,(选配)21喇叭",(选配),(标配)64色,(选配),,
69968,奔驰E级,(选配)Burmester柏林之声,"(标配)8喇叭,(选配)21喇叭",(选配),(标配)64色,(选配),,
72176,奔驰E级,(标配)Burmester柏林之声,(标配)21喇叭,(标配),(标配)64色,(选配),,
72175,奔驰E级,(标配)Burmester柏林之声,(标配)21喇叭,(标配),(标配)64色,(选配),,
69970,奔驰E级,(标配)Burmester柏林之声,(标配)21喇叭,(标配),(标配)64色,(标配),,
72178,奔驰E级,(标配)Burmester柏林之声,(标配)21喇叭,(标配),(标配)64色,(标配),,
72174,奔驰E级,(选配)Burmester柏林之声,"(标配)8喇叭,(选配)21喇叭",(选配),(标配)64色,(选配),,
69967,奔驰E级,(选配)Burmester柏林之声,"(标配)8喇叭,(选配)21喇叭",(选配),(标配)64色,(选配),,
69965,奔驰E级,(选配)Burmester柏林之声,"(标配)8喇叭,(选配)21喇叭",(选配),(标配)64色,(选配),,
69971,奔驰E级,(选配)Burmester柏林之声,"(标配)8喇叭,(选配)21喇叭",(选配),(标配)64色,(选配),,
72181,奔驰E级,(选配)Burmester柏林之声,"(标配)8喇叭,(选配)21喇叭",(选配),(标配)64色,(选配),,
69964,奔驰E级,(标配)Burmester柏林之声,(标配)21喇叭,(标配),(标配)64色,(选配),,
72180,奔驰E级,(标配)Burmester柏林之声,(标配)21喇叭,(标配),(标配)64色,(选配),,
72173,奔驰E级,(标配)Burmester柏林之声,(标配)21喇叭,(标配),(标配)64色,(标配),,
72182,奔驰E级,(标配)Burmester柏林之声,(标配)21喇叭,(标配),(标配)64色,(标配),,
70200,奔驰GLC,(选配)Burmester柏林之声,"(标配)7喇叭,(选配)15喇叭",,(标配)64色,(标配),,
70197,奔驰GLC,(选配)Burmester柏林之声,"(标配)7喇叭,(选配)15喇叭",,(标配)64色,(标配),,
72169,奔驰GLC,(选配)Burmester柏林之声,"(标配)7喇叭,(选配)15喇叭",,(标配)64色,(标配),,
72172,奔驰GLC,(选配)Burmester柏林之声,"(标配)7喇叭,(选配)15喇叭",,(标配)64色,(标配),,
70193,奔驰GLC,(标配)Burmester柏林之声,(标配)15喇叭,,(标配)64色,(标配),,
70199,奔驰GLC,(标配)Burmester柏林之声,(标配)15喇叭,,(标配)64色,(标配),,
70198,奔驰GLC,(选配)Burmester柏林之声,"(标配)7喇叭,(选配)15喇叭",,(标配)64色,(标配),,
72170,奔驰GLC,(选配)Burmester柏林之声,"(标配)7喇叭,(选配)15喇叭",,(标配)64色,(标配),,
72168,奔驰GLC,(选配)Burmester柏林之声,"(标配)7喇叭,(选配)15喇叭",,(标配)64色,(标配),,
72167,奔驰GLC,(选配)Burmester柏林之声,"(标配)7喇叭,(选配)15喇叭",,(标配)64色,(标配),,
72171,奔驰GLC,(标配)Burmester柏林之声,(标配)15喇叭,,(标配)64色,(标配),,
70195,奔驰GLC,(标配)Burmester柏林之声,(标配)15喇叭,,(标配)64色,(标配),,
71972,奔驰C级,(选配)Burmester柏林之声,"(标配)5喇叭,(选配)15喇叭",,(标配)64色,,,
71962,奔驰C级,(选配)Burmester柏林之声,"(标配)5喇叭,(选配)15喇叭",,(标配)64色,,,
69626,奔驰C级,(选配)Burmester柏林之声,"(标配)5喇叭,(选配)15喇叭",,(标配)64色,,,
71923,奔驰C级,(选配)Burmester柏林之声,"(标配)5喇叭,(选配)15喇叭",,(标配)64色,,,
69596,奔驰C级,(标配)Burmester柏林之声,(标配)15喇叭,,(标配)64色,,,
69625,奔驰C级,(选配)Burmester柏林之声,"(标配)5喇叭,(选配)15喇叭",,(标配)64色,,,
69627,奔驰C级,(选配)Burmester柏林之声,"(标配)5喇叭,(选配)15喇叭",,(标配)64色,,,
69628,奔驰C级,(选配)Burmester柏林之声,"(标配)5喇叭,(选配)15喇叭",,(标配)64色,,,
71924,奔驰C级,(选配)Burmester柏林之声,"(标配)5喇叭,(选配)15喇叭",,(标配)64色,,,
71973,奔驰C级,(标配)Burmester柏林之声,(标配)15喇叭,,(标配)64色,,,
72315,奔驰GLE,(选配)Burmester柏林之声,"(标配)8喇叭,(选配)13喇叭",,(标配)64色,,,
70263,奔驰GLE,(选配)Burmester柏林之声,"(标配)8喇叭,(选配)13喇叭",,(标配)64色,,,
70262,奔驰GLE,(标配)Burmester柏林之声,(标配)13喇叭,,(标配)64色,,,
72316,奔驰GLE,(标配)Burmester柏林之声,(标配)13喇叭,,(标配)64色,,,
72313,奔驰GLE,(选配)Burmester柏林之声,"(标配)8喇叭,(选配)13喇叭",,(标配)64色,,,
70264,奔驰GLE,(选配)Burmester柏林之声,"(标配)8喇叭,(选配)13喇叭",,(标配)64色,,,
72314,奔驰GLE,(标配)Burmester柏林之声,(标配)13喇叭,,(标配)64色,,,
70265,奔驰GLE,(标配)Burmester柏林之声,(标配)13喇叭,,(标配)64色,,,
71821,奔驰S级,,(标配)9喇叭,,(标配)64色,(选配),(标配),
71819,奔驰S级,(标配)Burmester柏林之声,(标配)15喇叭,,(标配)64色,(选配),(标配),
71820,奔驰S级,(标配)Burmester柏林之声,(标配)15喇叭,,(标配)64色,(选配),(标配),
71818,奔驰S级,(标配)Burmester柏林之声,"(标配)15喇叭,(选配)31喇叭",(选配),(标配)64色,(标配),(标配),
67448,奔驰S级,,(标配)9喇叭,,(标配)64色,(选配),(标配),
67449,奔驰S级,(标配)Burmester柏林之声,(标配)15喇叭,,(标配)64色,(选配),(标配),
67450,奔驰S级,(标配)Burmester柏林之声,(标配)15喇叭,,(标配)64色,(选配),(标配),
67451,奔驰S级,(标配)Burmester柏林之声,"(标配)15喇叭,(选配)31喇叭",,(标配)64色,(标配),(标配),
70558,迈巴赫S级,(标配)Burmester柏林之声,(标配)15喇叭,,(标配)64色,(选配),(标配),
67444,迈巴赫S级,(标配)Burmester柏林之声,(标配)15喇叭,,(标配)64色,(选配),(标配),
70557,迈巴赫S级,(标配)Burmester柏林之声,"(标配)15喇叭,(选配)31喇叭",,(标配)64色,(标配),(标配),
68040,迈巴赫S级,(标配)Burmester柏林之声,"(标配)15喇叭,(选配)31喇叭",,(标配)64色,(标配),(标配),
72308,迈巴赫S级,(标配)Burmester柏林之声,(标配)31喇叭,,(标配)64色,(标配),(标配),
72306,迈巴赫S级,(标配)Burmester柏林之声,(标配)31喇叭,,(标配)64色,(标配),(标配),
68041,迈巴赫S级,(标配)Burmester柏林之声,(标配)31喇叭,,(标配)64色,(标配),(标配),
61337,迈巴赫S级,(标配)Burmester柏林之声,(标配)31喇叭,,(标配)64色,(标配),(标配),
67446,迈巴赫S级,(标配)Burmester柏林之声,(标配)15喇叭,,(标配)64色,(选配),(标配),
70555,迈巴赫S级,(标配)Burmester柏林之声,"(标配)15喇叭,(选配)31喇叭",,(标配)64色,(标配),(标配),
72307,迈巴赫S级,(标配)Burmester柏林之声,"(标配)15喇叭,(选配)31喇叭",,(标配)64色,(标配),(标配),
70556,迈巴赫S级,(标配)Burmester柏林之声,(标配)31喇叭,,(标配)64色,(标配),(标配),
54579,迈巴赫S级,(标配)Burmester柏林之声,(标配)31喇叭,,(标配)64色,(标配),(标配),
67445,迈巴赫S级,(标配)Burmester柏林之声,(标配)31喇叭,,(标配)64色,,(标配),
72305,迈巴赫S级,(标配)Burmester柏林之声,(标配)31喇叭,,(标配)64色,(标配),(标配),
72410,奔驰GLB,,(标配)7喇叭,,(选配)64色,,,
72409,奔驰GLB,,(标配)7喇叭,,(选配)64色,,,
68210,奔驰GLB,(选配)Burmester柏林之声,"(标配)7喇叭,(选配)12喇叭",,(标配)64色,,,
68208,奔驰GLB,(选配)Burmester柏林之声,"(标配)7喇叭,(选配)12喇叭",,(标配)64色,,,
68209,奔驰GLB,(选配)Burmester柏林之声,"(标配)7喇叭,(选配)12喇叭",,(标配)64色,,,
68970,奔驰GLB,,(标配)7喇叭,,(选配)64色,,,
72408,奔驰GLB,,(标配)7喇叭,,(选配)64色,,,
68207,奔驰GLB,(选配)Burmester柏林之声,"(标配)7喇叭,(选配)12喇叭",,(标配)64色,,,
68206,奔驰GLB,(选配)Burmester柏林之声,"(标配)7喇叭,(选配)12喇叭",,(标配)64色,,,
68996,奔驰GLB,(选配)Burmester柏林之声,"(标配)7喇叭,(选配)12喇叭",,(标配)64色,,,
69208,奔驰A级,,(标配)7喇叭,,,,,
69239,奔驰A级,(选配)Burmester柏林之声,"(标配)7喇叭,(选配)12喇叭",,(标配)64色,,,
65886,奔驰GLS,,(标配)10-11喇叭,,(标配)64色,,,
65918,奔驰GLS,(标配)Burmester柏林之声,(标配)13喇叭,,(标配)64色,,,
70560,奔驰GLS,(标配)Burmester柏林之声,(标配)13喇叭,,(标配)64色,,,
65978,奔驰G级,(标配)Burmester柏林之声,(标配)18喇叭,(标配),(标配)64色,,,
65977,奔驰G级,(标配)Burmester柏林之声,(标配)15喇叭,,(标配)64色,,,
66721,奔驰G级,(标配)Burmester柏林之声,(标配)15喇叭,,(标配)64色,,,
66524,奔驰G级,(标配)Burmester柏林之声,(标配)15喇叭,,(标配)64色,,,
67435,奔驰G级,(标配)Burmester柏林之声,(标配)15喇叭,,(标配)64色,,,
67805,奔驰V级,,(标配)8-9喇叭,,(标配)64色,,,
69449,奔驰V级,(标配)Burmester柏林之声,(标配)15喇叭,,(标配)64色,,,
67807,奔驰V级,(标配)Burmester柏林之声,(标配)15喇叭,,(标配)64色,,,
67806,奔驰V级,(标配)Burmester柏林之声,(标配)15喇叭,,(标配)64色,,,
68065,奔驰G级AMG,(标配)Burmester柏林之声,(标配)18喇叭,(标配),(标配)64色,,,
67436,奔驰G级AMG,(标配)Burmester柏林之声,(标配)15喇叭,,(标配)64色,,,
63735,奔驰G级AMG,(标配)Burmester柏林之声,(标配)15喇叭,,(标配)64色,,,
72405,奔驰GLA,,(标配)6-7喇叭,,(选配)64色,,,
72406,奔驰GLA,(选配)Burmester柏林之声,"(选配)12喇叭,(标配)6-7喇叭",,(标配)64色,,,
69235,奔驰GLA,(选配)Burmester柏林之声,"(选配)12喇叭,(标配)6-7喇叭",,(标配)64色,,,
72407,奔驰GLA,,(标配)6-7喇叭,,(选配)64色,,,
69237,奔驰GLA,(选配)Burmester柏林之声,"(选配)12喇叭,(标配)6-7喇叭",,(标配)64色,,,
69236,奔驰GLA,(选配)Burmester柏林之声,"(选配)12喇叭,(标配)6-7喇叭",,(标配)64色,,,
67809,威霆,,(标配)9喇叭,,,,,
67810,威霆,,(标配)9喇叭,,,,,
67808,威霆,,(标配)9喇叭,,,,,
67813,威霆,,(标配)9喇叭,,,,,
67811,威霆,,(标配)9喇叭,,,,,
67812,威霆,,(标配)9喇叭,,,,,
70926,迈巴赫GLS,(标配)Burmester柏林之声,"(标配)13喇叭,(选配)26喇叭",,(标配)64色,,,
66811,迈巴赫GLS,(标配)Burmester柏林之声,"(标配)13喇叭,(选配)26喇叭",,(标配)64色,,,
70927,迈巴赫GLS,(标配)Burmester柏林之声,"(标配)13喇叭,(选配)26喇叭",,(标配)64色,,,
62314,迈巴赫GLS,(标配)Burmester柏林之声,"(标配)13喇叭,(选配)26喇叭",,(标配)64色,,,
63209,迈巴赫GLS,(标配)Burmester柏林之声,"(标配)13喇叭,(选配)26喇叭",,(标配)64色,,,
70925,迈巴赫GLS,(标配)Burmester柏林之声,(标配)13喇叭,,(标配)64色,,,
69085,奔驰CLA(进口),(选配)Burmester柏林之声,"(选配)14喇叭,(标配)6-7喇叭",,,,,
68971,奔驰CLA(进口),(选配)Burmester柏林之声,"(选配)14喇叭,(标配)6-7喇叭",,,,,
72341,奔驰CLA(进口),(选配)Burmester柏林之声,"(选配)14喇叭,(标配)6-7喇叭",,(标配)64色,,,
69086,奔驰CLA(进口),(选配)Burmester柏林之声,"(选配)14喇叭,(标配)6-7喇叭",,,,,
72342,奔驰CLA(进口),(选配)Burmester柏林之声,"(选配)14喇叭,(标配)6-7喇叭",,,,,
72343,奔驰CLA(进口),(选配)Burmester柏林之声,"(选配)14喇叭,(标配)6-7喇叭",,(标配)64色,,,
69088,奔驰CLA(进口),(选配)Burmester柏林之声,"(选配)14喇叭,(标配)6-7喇叭",,(标配)64色,,,
69084,奔驰CLA(进口),(选配)Burmester柏林之声,"(选配)14喇叭,(标配)6-7喇叭",,,,,
71445,奔驰CLE,(选配)Burmester柏林之声,"(标配)8喇叭,(选配)13喇叭",,(标配)64色,(标配),,
71443,奔驰CLE,(选配)Burmester柏林之声,"(标配)8喇叭,(选配)13喇叭",,(标配)64色,(标配),,
65901,奔驰CLE,(标配)Burmester柏林之声,(标配)13喇叭,,(标配)64色,(标配),,
71442,奔驰CLE,(标配)Burmester柏林之声,(标配)13喇叭,,(标配)64色,(标配),,
67283,奔驰CLE,(标配)Burmester柏林之声,(标配)13喇叭,,(标配)64色,(标配),,
67439,奔驰CLE,,(标配)8喇叭,,(标配)64色,(标配),,
71444,奔驰CLE,(选配)Burmester柏林之声,"(标配)8喇叭,(选配)13喇叭",,(标配)64色,(标配),,
71441,奔驰CLE,(标配)Burmester柏林之声,(标配)13喇叭,,(标配)64色,(标配),,
69011,奔驰CLE,(标配)Burmester柏林之声,(标配)13喇叭,,(标配)64色,(标配),,
69012,奔驰CLE,(标配)Burmester柏林之声,(标配)13喇叭,,(标配)64色,(标配),,
60867,AMG GT,(标配)Burmester柏林之声,(标配)14喇叭,,(标配)64色,,,
67636,AMG GT,(选配)Burmester柏林之声,"(选配)14喇叭,(标配)10-11喇叭",,(标配)64色,,,
60868,AMG GT,(选配)Burmester柏林之声,"(选配)14喇叭,(标配)10-11喇叭",,(标配)64色,,,
63122,奔驰E级(进口),(选配)Burmester柏林之声,"(标配)8喇叭,(选配)21喇叭",(选配),(标配)64色,,,
70201,奔驰E级(进口),(标配)Burmester柏林之声,(标配)21喇叭,(标配),(标配)64色,,,
63123,奔驰E级(进口),(标配)Burmester柏林之声,(标配)21喇叭,(标配),(标配)64色,,,
70202,奔驰E级(进口),(选配)Burmester柏林之声,"(标配)8喇叭,(选配)13喇叭",,(标配)64色,,,
59860,奔驰E级(进口),(选配)Burmester柏林之声,"(标配)8喇叭,(选配)13喇叭",,(标配)64色,,,
70203,奔驰E级(进口),(选配)Burmester柏林之声,"(标配)8喇叭,(选配)13喇叭",,(标配)64色,,,
63124,奔驰E级(进口),(选配)Burmester柏林之声,"(标配)8喇叭,(选配)13喇叭",,(标配)64色,,,
63125,奔驰E级(进口),(选配)Burmester柏林之声,"(标配)8喇叭,(选配)13喇叭",,(标配)64色,,,
63004,奔驰CLS,(选配)Burmester柏林之声,"(选配)13喇叭,(标配)10-11喇叭",,(标配)64色,,,
63005,奔驰CLS,(标配)Burmester柏林之声,(标配)13喇叭,,(标配)64色,,,
63006,奔驰CLS,(标配)Burmester柏林之声,(标配)13喇叭,,(标配)64色,,,
61395,奔驰GLE AMG,(标配)Burmester柏林之声,(标配)13喇叭,,(标配)64色,,,
70923,奔驰GLE AMG,(标配)Burmester柏林之声,(标配)13喇叭,,(标配)64色,,,
70213,奔驰GLC轿跑,(选配)Burmester柏林之声,"(选配)13喇叭,(标配)8-9喇叭",,(标配)64色,,,
70214,奔驰GLC轿跑,(标配)Burmester柏林之声,(标配)13喇叭,,(标配)64色,,,
66516,奔驰C级AMG,(标配)Burmester柏林之声,,,(标配)多色,,,
66517,奔驰C级AMG,(标配)Burmester柏林之声,,,(标配)多色,,,
70273,奔驰GLE新能源,(选配)Burmester柏林之声,"(选配)13喇叭,(标配)10-11喇叭",,(标配)64色,,,
71115,奔驰A级AMG,(选配)Burmester柏林之声,"(标配)10喇叭,(选配)12喇叭",,(标配)64色,,,
71170,奔驰CLE AMG,(标配)Burmester柏林之声,(标配)13喇叭,,(标配)64色,,,
65910,奔驰GLB AMG,(选配)Burmester柏林之声,"(标配)7喇叭,(选配)12喇叭",,(标配)64色,,,
71116,奔驰A级AMG(进口),(选配)Burmester柏林之声,"(选配)12喇叭,(标配)8-9喇叭",,(标配)64色,,,
68606,奔驰A级AMG(进口),(选配)Burmester柏林之声,"(选配)12喇叭,(标配)8-9喇叭",,(标配)64色,,,
66533,奔驰A级AMG(进口),(选配)Burmester柏林之声,"(选配)12喇叭,(标配)8-9喇叭",,(标配)64色,,,
68559,奔驰E级新能源,(选配)Burmester柏林之声,"(标配)8喇叭,(选配)21喇叭",(选配),(标配)64色,(选配),,
65775,奔驰E级新能源,(选配)Burmester柏林之声,"(标配)8喇叭,(选配)21喇叭",(选配),(标配)64色,(选配),,
70754,奔驰EQE,(选配)Burmester柏林之声,"(选配)15喇叭,(标配)待查",,(标配)64色,,(标配),
70753,奔驰EQE,(选配)Burmester柏林之声,"(选配)15喇叭,(标配)待查",,(标配)64色,,(标配),
69750,奔驰EQE,(选配)Burmester柏林之声,"(选配)15喇叭,(标配)待查",,(标配)64色,(选配),(标配),
69333,奔驰EQB,(选配)Burmester柏林之声,(标配)待查,(选配),(标配)64色,,,
69332,奔驰EQB,(选配)Burmester柏林之声,(标配)待查,(选配),(标配)64色,,,
71114,奔驰CLA AMG,(选配)Burmester柏林之声,"(选配)12喇叭,(标配)8-9喇叭",,(标配)64色,,,
68688,奔驰CLA AMG,(选配)Burmester柏林之声,"(选配)12喇叭,(标配)8-9喇叭",,(标配)64色,,,
69334,奔驰EQA,(选配)Burmester柏林之声,"(选配)12喇叭,(标配)6-7喇叭",,(标配)64色,,,
63847,奔驰GLC AMG,(标配)Burmester柏林之声,(标配)15喇叭,,(标配)64色,(标配),,
62313,奔驰GLS AMG,(标配)Burmester柏林之声,,,(标配)64色,,,
70838,奔驰GLE轿跑,(选配)Burmester柏林之声,"(选配)13喇叭,(标配)10-11喇叭",,(标配)64色,,,
70837,奔驰GLE轿跑,(标配)Burmester柏林之声,(标配)13喇叭,,(标配)64色,,,
70836,奔驰GLE轿跑,(选配)Burmester柏林之声,"(选配)13喇叭,(标配)10-11喇叭",,(标配)64色,,,
70835,奔驰GLE轿跑,(标配)Burmester柏林之声,(标配)13喇叭,,(标配)64色,,,
59841,奔驰B级,,(标配)6-7喇叭,,(选配)64色,,,
59842,奔驰B级,,(标配)6-7喇叭,,(选配)64色,,,
59847,奔驰A级(进口),,(标配)6-7喇叭,,(选配)64色,,,
59846,奔驰A级(进口),,(标配)8-9喇叭,,(标配)64色,,,
60934,奔驰E级AMG,(标配)Burmester柏林之声,(标配)13喇叭,,(标配)64色,,,
69745,奔驰C级新能源,(选配)Burmester柏林之声,"(标配)5喇叭,(选配)15喇叭",,(标配)64色,,,
71974,奔驰C级新能源,(选配)Burmester柏林之声,"(标配)5喇叭,(选配)15喇叭",,(标配)64色,,,
64290,奔驰SL级AMG,(标配)Burmester柏林之声,,,(标配)多色,,,
61685,奔驰EQS,(选配)Burmester柏林之声,"(标配)9喇叭,(选配)15喇叭",,(标配)多色,,(标配),
61683,奔驰EQS,(选配)Burmester柏林之声,"(标配)9喇叭,(选配)15喇叭",,(标配)多色,,(标配),
61684,奔驰EQS,(标配)Burmester柏林之声,(标配)15喇叭,,(标配)多色,,(标配),
67883,奔驰G级新能源,(标配)Burmester柏林之声,(标配)18喇叭,(标配),(标配)64色,,,
68027,奔驰GLC轿跑 AMG,(标配)Burmester柏林之声,(标配)15喇叭,,(标配)64色,,,
68264,奔驰GLC新能源,(选配)Burmester柏林之声,"(标配)7喇叭,(选配)15喇叭",,(标配)64色,(标配),,
71117,奔驰S级AMG新能源,(标配)Burmester柏林之声,,,(标配)多色,(标配),,
67865,奔驰S级AMG新能源,(标配)Burmester柏林之声,,,(标配)多色,(标配),,
65986,奔驰S级新能源,(标配)Burmester柏林之声,(标配)15喇叭,,(标配)64色,,(标配),
71822,奔驰S级新能源,(标配)Burmester柏林之声,(标配)15喇叭,,(标配)64色,,(标配),
72446,奔驰GLA AMG,(标配)Burmester柏林之声,(标配)12喇叭,,(标配)64色,,,
65909,奔驰GLA AMG,(标配)Burmester柏林之声,(标配)12喇叭,,(标配)64色,,,
68011,迈巴赫EQS SUV,(标配)Burmester柏林之声,(标配)≥12喇叭,,(标配)64色,(标配),,
68012,迈巴赫EQS SUV,(标配)Burmester柏林之声,(标配)≥12喇叭,,(标配)64色,(标配),,
67866,奔驰C级AMG新能源,(标配)Burmester柏林之声,,,(标配)多色,,,
71311,AMG GT新能源,(标配)Burmester柏林之声,,,(标配)64色,,,
61518,迈巴赫S级新能源,(标配)Burmester柏林之声,"(标配)15喇叭,(选配)31喇叭",,(标配)64色,(标配),,
70924,奔驰GLE轿跑 AMG,(标配)Burmester柏林之声,(标配)13喇叭,,(标配)64色,,,
1016346,乌尼莫克U5023,,,,,,,
61039,奔驰EQS SUV,(选配)Burmester柏林之声,"(标配)9喇叭,(选配)15喇叭",,(标配)64色,(标配),(标配),
61040,奔驰EQS SUV,(选配)Burmester柏林之声,"(标配)9喇叭,(选配)15喇叭",,(标配)64色,(标配),(标配),
61041,奔驰EQS SUV,(标配)Burmester柏林之声,(标配)15喇叭,,(标配)64色,(标配),(标配),
1016347,乌尼莫克U4023,,,,,,,
69663,奔驰EQE SUV AMG,(标配)Burmester柏林之声,(标配)15喇叭,,(标配)64色,(标配),(标配),
62689,奔驰EQE AMG,(标配)Burmester柏林之声,(标配)15喇叭,,(标配)64色,(标配),,
61343,奔驰EQS AMG,(标配)Burmester柏林之声,(标配)15喇叭,,(标配)多色,(标配),(标配),
60653,奔驰GLE轿跑新能源,(选配)Burmester柏林之声,"(选配)13喇叭,(标配)10-11喇叭",,(标配)64色,,,
66162,宝马5系,"(选配)Harman/Kardon哈曼卡顿,(选配)Bowers & Wilkins宝华韦健","(选配)12喇叭,(选配)18喇叭,(标配)待查",,(标配)多色,,,
71245,宝马5系,"(选配)Harman/Kardon哈曼卡顿,(选配)Bowers & Wilkins宝华韦健","(选配)12喇叭,(选配)18喇叭,(标配)待查",,(标配)多色,,,
71240,宝马5系,"(标配)Harman/Kardon哈曼卡顿,(选配)Bowers & Wilkins宝华韦健","(标配)12喇叭,(选配)18喇叭",,(标配)多色,,,
65488,宝马5系,"(标配)Harman/Kardon哈曼卡顿,(选配)Bowers & Wilkins宝华韦健","(标配)12喇叭,(选配)18喇叭",,(标配)多色,,,
66537,宝马5系,"(标配)Harman/Kardon哈曼卡顿,(选配)Bowers & Wilkins宝华韦健","(标配)12喇叭,(选配)18喇叭",,(标配)多色,,,
66502,宝马5系,"(标配)Harman/Kardon哈曼卡顿,(选配)Bowers & Wilkins宝华韦健","(标配)12喇叭,(选配)18喇叭",,(标配)多色,,,
64199,宝马5系,(标配)Bowers & Wilkins宝华韦健,(标配)18喇叭,,(标配)多色,,,
66526,宝马5系,(标配)Bowers & Wilkins宝华韦健,(标配)18喇叭,,(标配)多色,,,
65489,宝马5系,"(标配)Harman/Kardon哈曼卡顿,(选配)Bowers & Wilkins宝华韦健","(标配)12喇叭,(选配)18喇叭",,(标配)多色,,,
71244,宝马5系,"(标配)Harman/Kardon哈曼卡顿,(选配)Bowers & Wilkins宝华韦健","(标配)12喇叭,(选配)18喇叭",,(标配)多色,,,
71246,宝马5系,"(标配)Harman/Kardon哈曼卡顿,(选配)Bowers & Wilkins宝华韦健","(标配)12喇叭,(选配)18喇叭",,(标配)多色,,,
71242,宝马5系,"(标配)Harman/Kardon哈曼卡顿,(选配)Bowers & Wilkins宝华韦健","(标配)12喇叭,(选配)18喇叭",,(标配)多色,,,
66538,宝马5系,"(标配)Harman/Kardon哈曼卡顿,(选配)Bowers & Wilkins宝华韦健","(标配)12喇叭,(选配)18喇叭",,(标配)多色,,,
71243,宝马5系,"(标配)Harman/Kardon哈曼卡顿,(选配)Bowers & Wilkins宝华韦健","(标配)12喇叭,(选配)18喇叭",,(标配)多色,,,
71241,宝马5系,(标配)Bowers & Wilkins宝华韦健,(标配)18喇叭,,(标配)多色,,,
71247,宝马5系,(标配)Bowers & Wilkins宝华韦健,(标配)18喇叭,,(标配)多色,,,
64898,宝马3系,(选配)Harman/Kardon哈曼卡顿,"(标配)6喇叭,(选配)10喇叭,(选配)16喇叭",,(标配)9色,,,
64901,宝马3系,(选配)Harman/Kardon哈曼卡顿,"(标配)6喇叭,(选配)10喇叭,(选配)16喇叭",,(标配)9色,,,
68593,宝马3系,(标配)Harman/Kardon哈曼卡顿,(标配)16喇叭,,(标配)9色,,,
68590,宝马3系,(标配)Harman/Kardon哈曼卡顿,(标配)16喇叭,,(标配)9色,,,
64902,宝马3系,(标配)Harman/Kardon哈曼卡顿,(标配)16喇叭,,(标配)9色,,,
68591,宝马3系,(选配)Harman/Kardon哈曼卡顿,"(标配)6喇叭,(选配)10喇叭,(选配)16喇叭",,(选配)9色,,,
64899,宝马3系,(选配)Harman/Kardon哈曼卡顿,"(标配)6喇叭,(选配)10喇叭,(选配)16喇叭",,(选配)9色,,,
64903,宝马3系,(选配)Harman/Kardon哈曼卡顿,"(标配)6喇叭,(选配)10喇叭,(选配)16喇叭",,(标配)9色,,,
68592,宝马3系,(标配)Harman/Kardon哈曼卡顿,(标配)16喇叭,,(标配)9色,,,
64897,宝马3系,(选配)Harman/Kardon哈曼卡顿,"(标配)6喇叭,(选配)10喇叭,(选配)16喇叭",,(标配)9色,,,
64900,宝马3系,(选配)Harman/Kardon哈曼卡顿,"(标配)6喇叭,(选配)10喇叭,(选配)16喇叭",,(标配)9色,,,
64896,宝马3系,(标配)Harman/Kardon哈曼卡顿,(标配)16喇叭,,(标配)9色,,,
64895,宝马3系,(标配)Harman/Kardon哈曼卡顿,(标配)16喇叭,,(标配)9色,,,
68594,宝马3系,(标配)Harman/Kardon哈曼卡顿,(标配)16喇叭,,(标配)9色,,,
69229,宝马X5,(标配)Harman/Kardon哈曼卡顿,(标配)16喇叭,,(标配)多色,,,
64451,宝马X5,(标配)Harman/Kardon哈曼卡顿,"(标配)12喇叭,(选配)16喇叭",,(标配)多色,,,
64453,宝马X5,(标配)Harman/Kardon哈曼卡顿,(标配)16喇叭,,(标配)多色,,,
64452,宝马X5,(标配)Harman/Kardon哈曼卡顿,(标配)16喇叭,,(标配)多色,,,
64454,宝马X5,(标配)Harman/Kardon哈曼卡顿,(标配)16喇叭,,(标配)多色,,,
64449,宝马X5,(标配)Harman/Kardon哈曼卡顿,(标配)16喇叭,,(标配)多色,,,
64450,宝马X5,(标配)Harman/Kardon哈曼卡顿,(标配)16喇叭,,(标配)多色,,,
65053,宝马X3,(选配)Harman/Kardon哈曼卡顿,"(标配)6喇叭,(选配)12喇叭",,(标配)多色,(标配),,
71573,宝马X3,(标配)Harman/Kardon哈曼卡顿,(标配)12喇叭,,(标配)多色,(标配),,
65054,宝马X3,(标配)Harman/Kardon哈曼卡顿,(标配)12喇叭,,(标配)多色,(标配),,
69371,宝马X3,(选配)Harman/Kardon哈曼卡顿,"(标配)6喇叭,(选配)16喇叭",,(标配)11色,,,
65385,宝马X3,(标配)Harman/Kardon哈曼卡顿,"(标配)12喇叭,(选配)16喇叭",,(标配)11色,,,
69387,宝马X3,(标配)Harman/Kardon哈曼卡顿,(标配)16喇叭,,(标配)11色,,,
70467,宝马X1,(选配)Harman/Kardon哈曼卡顿,"(标配)7喇叭,(选配)12喇叭",,(标配)多色,,,
62691,宝马X1,(标配)Harman/Kardon哈曼卡顿,(标配)12喇叭,,(标配)多色,,,
70466,宝马X1,(选配)Harman/Kardon哈曼卡顿,"(标配)7喇叭,(选配)12喇叭",,(标配)多色,,,
63253,宝马X1,(标配)Harman/Kardon哈曼卡顿,(标配)12喇叭,,(标配)多色,,,
66609,宝马X1,(标配)Harman/Kardon哈曼卡顿,(标配)12喇叭,,(标配)多色,,,
60974,宝马X1,(选配)Harman/Kardon哈曼卡顿,"(标配)7喇叭,(选配)12喇叭",,(标配)多色,,,
60975,宝马X1,(标配)Harman/Kardon哈曼卡顿,(标配)12喇叭,,(标配)多色,,,
60973,宝马X1,(选配)Harman/Kardon哈曼卡顿,"(标配)7喇叭,(选配)12喇叭",,(标配)多色,,,
66548,宝马X1,(标配)Harman/Kardon哈曼卡顿,(标配)12喇叭,,(标配)多色,,,
66572,宝马X1,(标配)Harman/Kardon哈曼卡顿,(标配)12喇叭,,(标配)多色,,,
60890,宝马7系,(标配)Bowers & Wilkins宝华韦健,(标配)18喇叭,,(标配)多色,,(标配),
56718,宝马7系,(标配)Bowers & Wilkins宝华韦健,(标配)18喇叭,,(标配)多色,,(标配),
60891,宝马7系,(标配)Bowers & Wilkins宝华韦健,(标配)18喇叭,,(标配)多色,,(标配),
60888,宝马7系,(标配)Bowers & Wilkins宝华韦健,(标配)18喇叭,,(标配)多色,,(标配),
60756,宝马7系,(标配)Bowers & Wilkins宝华韦健,"(标配)18喇叭,(选配)36喇叭",,(标配)多色,,(标配),
60889,宝马7系,(标配)Bowers & Wilkins宝华韦健,"(标配)18喇叭,(选配)36喇叭",,(标配)多色,,(标配),
68372,宝马i3,(选配)Harman/Kardon哈曼卡顿,"(标配)6喇叭,(选配)17喇叭",,(标配)多色,,,
68371,宝马i3,(选配)Harman/Kardon哈曼卡顿,"(标配)6喇叭,(选配)17喇叭",,(标配)多色,,,
68373,宝马i3,(标配)Harman/Kardon哈曼卡顿,(标配)17喇叭,,(标配)多色,,,
68089,宝马4系,(选配)Harman/Kardon哈曼卡顿,"(选配)≥12喇叭,(标配)8-9喇叭",,(标配)11色,,,
62545,宝马4系,(选配)Harman/Kardon哈曼卡顿,"(选配)≥12喇叭,(标配)8-9喇叭",,(标配)11色,,,
62537,宝马4系,(选配)Harman/Kardon哈曼卡顿,"(选配)≥12喇叭,(标配)8-9喇叭",,(标配)11色,,,
62543,宝马4系,(标配)Harman/Kardon哈曼卡顿,(标配)≥12喇叭,,(标配)11色,,,
62541,宝马4系,(标配)Harman/Kardon哈曼卡顿,(标配)≥12喇叭,,(标配)11色,,,
62542,宝马4系,(标配)Harman/Kardon哈曼卡顿,(标配)≥12喇叭,,(标配)11色,,,
62538,宝马4系,(选配)Harman/Kardon哈曼卡顿,"(选配)≥12喇叭,(标配)8-9喇叭",,(标配)11色,,,
62539,宝马4系,(选配)Harman/Kardon哈曼卡顿,"(选配)≥12喇叭,(标配)8-9喇叭",,(标配)11色,,,
62540,宝马4系,(选配)Harman/Kardon哈曼卡顿,"(选配)≥12喇叭,(标配)8-9喇叭",,(标配)11色,,,
68088,宝马4系,(选配)Harman/Kardon哈曼卡顿,"(选配)≥12喇叭,(标配)8-9喇叭",,(标配)11色,,,
68087,宝马4系,(选配)Harman/Kardon哈曼卡顿,"(选配)≥12喇叭,(标配)8-9喇叭",,(标配)11色,,,
68086,宝马4系,(选配)Harman/Kardon哈曼卡顿,"(选配)≥12喇叭,(标配)8-9喇叭",,(标配)11色,,,
69184,宝马4系,(标配)Harman/Kardon哈曼卡顿,(标配)≥12喇叭,,(标配)11色,,,
62544,宝马4系,(标配)Harman/Kardon哈曼卡顿,(标配)≥12喇叭,,(标配)11色,,,
69183,宝马4系,(标配)Harman/Kardon哈曼卡顿,(标配)≥12喇叭,,(标配)11色,,,
59249,宝马X7,"(标配)Harman/Kardon哈曼卡顿,(选配)Bowers & Wilkins宝华韦健","(标配)16喇叭,(选配)20喇叭",,(标配)多色,,,
59247,宝马X7,"(标配)Harman/Kardon哈曼卡顿,(选配)Bowers & Wilkins宝华韦健","(标配)16喇叭,(选配)20喇叭",,(标配)多色,,,
59248,宝马X7,"(标配)Harman/Kardon哈曼卡顿,(选配)Bowers & Wilkins宝华韦健","(标配)16喇叭,(选配)20喇叭",,(标配)多色,,,
59246,宝马X7,"(标配)Harman/Kardon哈曼卡顿,(选配)Bowers & Wilkins宝华韦健","(标配)16喇叭,(选配)20喇叭",,(标配)多色,,,
68903,宝马X7,"(标配)Harman/Kardon哈曼卡顿,(选配)Bowers & Wilkins宝华韦健","(标配)16喇叭,(选配)20喇叭",,(标配)多色,,,
68904,宝马X7,(标配)Bowers & Wilkins宝华韦健,(标配)20喇叭,,(标配)多色,,,
66608,宝马iX3,(选配)Harman/Kardon哈曼卡顿,"(标配)6喇叭,(选配)16喇叭",,(标配)11色,,,
66549,宝马iX3,(标配)Harman/Kardon哈曼卡顿,(标配)16喇叭,,(标配)11色,,,
65936,宝马X2(进口),(选配)Harman/Kardon哈曼卡顿,"(标配)6喇叭,(选配)12喇叭",,(标配)多色,,,
65937,宝马X2(进口),(标配)Harman/Kardon哈曼卡顿,(标配)12喇叭,,(标配)多色,,,
65130,宝马X6,(选配)Bowers & Wilkins宝华韦健,"(标配)12喇叭,(选配)20喇叭",,(标配)多色,,,
63347,宝马X6,(标配)Harman/Kardon哈曼卡顿,(标配)16喇叭,,(标配)多色,,,
63348,宝马X6,"(标配)Harman/Kardon哈曼卡顿,(选配)Bowers & Wilkins宝华韦健","(标配)16喇叭,(选配)20喇叭",,(标配)多色,,,
71261,宝马2系,(选配)Harman/Kardon哈曼卡顿,(标配)待查,,(标配)多色,(标配),,
69411,宝马2系,(标配)Harman/Kardon哈曼卡顿,(标配)待查,,(标配)多色,(标配),,
53749,宝马X4,(选配)Harman/Kardon哈曼卡顿,"(标配)9喇叭,(选配)16喇叭",,(标配)11色,,,
53748,宝马X4,(选配)Harman/Kardon哈曼卡顿,"(标配)9喇叭,(选配)16喇叭",,(标配)11色,,,
56579,宝马X4,(标配)Harman/Kardon哈曼卡顿,(标配)16喇叭,,(标配)11色,,,
66418,宝马5系(进口),"(选配)Harman/Kardon哈曼卡顿,(选配)Bowers & Wilkins宝华韦健","(标配)8喇叭,(选配)12喇叭,(选配)18喇叭",,(标配)多色,,,
68580,宝马5系(进口),"(选配)Harman/Kardon哈曼卡顿,(选配)Bowers & Wilkins宝华韦健","(标配)8喇叭,(选配)12喇叭,(选配)18喇叭",,(标配)多色,,,
68581,宝马5系(进口),(标配)Bowers & Wilkins宝华韦健,(标配)18喇叭,,(标配)多色,,,
71929,宝马i5,"(选配)Harman/Kardon哈曼卡顿,(选配)Bowers & Wilkins宝华韦健","(标配)8喇叭,(选配)12喇叭,(选配)18喇叭",,(标配)多色,,,
65490,宝马i5,"(选配)Harman/Kardon哈曼卡顿,(选配)Bowers & Wilkins宝华韦健","(标配)8喇叭,(选配)12喇叭,(选配)18喇叭",,(标配)多色,,,
69425,宝马i5,"(标配)Harman/Kardon哈曼卡顿,(选配)Bowers & Wilkins宝华韦健","(标配)12喇叭,(选配)18喇叭",,(标配)多色,,,
66249,宝马i5,"(标配)Harman/Kardon哈曼卡顿,(选配)Bowers & Wilkins宝华韦健","(标配)12喇叭,(选配)18喇叭",,(标配)多色,,,
69426,宝马i5,(标配)Bowers & Wilkins宝华韦健,(标配)18喇叭,,(标配)多色,,,
66503,宝马i5,(标配)Bowers & Wilkins宝华韦健,(标配)18喇叭,,(标配)多色,,,
64091,宝马i5,"(选配)Harman/Kardon哈曼卡顿,(选配)Bowers & Wilkins宝华韦健","(标配)8喇叭,(选配)12喇叭,(选配)18喇叭",,(标配)多色,,,
66521,宝马i5,"(选配)Harman/Kardon哈曼卡顿,(选配)Bowers & Wilkins宝华韦健","(标配)8喇叭,(选配)12喇叭,(选配)18喇叭",,(标配)多色,,,
66262,宝马i5,"(标配)Harman/Kardon哈曼卡顿,(选配)Bowers & Wilkins宝华韦健","(标配)12喇叭,(选配)18喇叭",,(标配)多色,,,
71928,宝马i5,"(标配)Harman/Kardon哈曼卡顿,(选配)Bowers & Wilkins宝华韦健","(标配)12喇叭,(选配)18喇叭",,(标配)多色,,,
58854,宝马6系GT,(标配)Bowers & Wilkins宝华韦健,(标配)16喇叭,,(标配)11色,,,
58851,宝马6系GT,"(选配)Harman/Kardon哈曼卡顿,(选配)Bowers & Wilkins宝华韦健","(标配)6喇叭,(选配)16喇叭",,(标配)11色,,,
69295,宝马6系GT,(标配)Bowers & Wilkins宝华韦健,(标配)16喇叭,,(标配)11色,,,
58852,宝马6系GT,"(标配)Harman/Kardon哈曼卡顿,(选配)Bowers & Wilkins宝华韦健",(标配)16喇叭,,(标配)11色,,,
67851,宝马M4,(标配)Harman/Kardon哈曼卡顿,(标配)≥12喇叭,,(标配)11色,,,
67850,宝马M4,(标配)Harman/Kardon哈曼卡顿,(标配)≥12喇叭,,(标配)11色,,,
62945,宝马M4,(标配)Harman/Kardon哈曼卡顿,(标配)≥12喇叭,,(标配)11色,,,
67852,宝马M4,(标配)Harman/Kardon哈曼卡顿,(标配)≥12喇叭,,(标配)11色,,,
62946,宝马M4,(标配)Harman/Kardon哈曼卡顿,(标配)≥12喇叭,,(标配)11色,,,
62944,宝马M4,(标配)Harman/Kardon哈曼卡顿,(标配)≥12喇叭,,(标配)11色,,,
58578,宝马M3,(标配)Harman/Kardon哈曼卡顿,(标配)≥12喇叭,,(标配)多色,,,
69061,宝马M3,(标配)Harman/Kardon哈曼卡顿,(标配)≥12喇叭,,(标配)多色,,,
57218,宝马M3,(标配)Harman/Kardon哈曼卡顿,(标配)≥12喇叭,,(标配)多色,,,
69060,宝马M3,(标配)Harman/Kardon哈曼卡顿,(标配)≥12喇叭,,(标配)多色,,,
62550,宝马iX1,(选配)Harman/Kardon哈曼卡顿,"(标配)6喇叭,(选配)12喇叭",,(标配)多色,,,
64433,宝马iX1,(选配)Harman/Kardon哈曼卡顿,"(标配)6喇叭,(选配)12喇叭",,(标配)多色,,,
64434,宝马iX1,(标配)Harman/Kardon哈曼卡顿,(标配)12喇叭,,(标配)多色,,,
64455,宝马iX1,(标配)Harman/Kardon哈曼卡顿,(标配)12喇叭,,(标配)多色,,,
65582,宝马2系(进口),(选配)Harman/Kardon哈曼卡顿,"(标配)6喇叭,(选配)9喇叭,(选配)12喇叭",,(标配)多色,,,
61604,宝马2系(进口),(选配)Harman/Kardon哈曼卡顿,"(标配)6喇叭,(选配)9喇叭,(选配)12喇叭",,(选配)6色,,,
59546,宝马2系(进口),(选配)Harman/Kardon哈曼卡顿,"(标配)9喇叭,(选配)12喇叭",,(标配)6色,,,
69025,宝马2系(进口),(选配)Harman/Kardon哈曼卡顿,"(标配)6喇叭,(选配)9喇叭,(选配)12喇叭",,(标配)多色,,,
57568,宝马8系,"(标配)Harman/Kardon哈曼卡顿,(选配)Bowers & Wilkins宝华韦健","(选配)16喇叭,(标配)10-11喇叭",,(标配)11色,,,
57567,宝马8系,(标配)Bowers & Wilkins宝华韦健,(标配)16喇叭,,(标配)11色,,,
57566,宝马8系,"(标配)Harman/Kardon哈曼卡顿,(选配)Bowers & Wilkins宝华韦健","(选配)≥12喇叭,(标配)10-11喇叭",,(标配)11色,,,
57569,宝马8系,"(标配)Harman/Kardon哈曼卡顿,(选配)Bowers & Wilkins宝华韦健","(选配)≥12喇叭,(标配)10-11喇叭",,(标配)11色,,,
63899,宝马iX,"(标配)Harman/Kardon哈曼卡顿,(选配)Bowers & Wilkins宝华韦健","(标配)18喇叭,(选配)30喇叭",,(标配)多色,,,
63896,宝马iX,"(标配)Harman/Kardon哈曼卡顿,(选配)Bowers & Wilkins宝华韦健","(标配)18喇叭,(选配)30喇叭",,(标配)多色,,,
60755,宝马M2,(标配)Harman/Kardon哈曼卡顿,(标配)12喇叭,,(标配)多色,,,
68928,宝马M2,(标配)Harman/Kardon哈曼卡顿,(标配)12喇叭,,(标配)多色,,,
63476,宝马X5 M,"(标配)Harman/Kardon哈曼卡顿,(选配)Bowers & Wilkins宝华韦健",(标配)16喇叭,,(标配)11色,,,
61599,宝马Z4,(选配)Harman/Kardon哈曼卡顿,"(标配)6-7喇叭,(选配)8-9喇叭",,(标配)11色,,,
61598,宝马Z4,(选配)Harman/Kardon哈曼卡顿,"(标配)6-7喇叭,(选配)8-9喇叭",,(标配)11色,,,
71352,宝马M240i,(标配)Harman/Kardon哈曼卡顿,(标配)12喇叭,,(标配)多色,,,
69026,宝马M240i,(标配)Harman/Kardon哈曼卡顿,(标配)12喇叭,,(标配)多色,,,
62587,宝马M760Le,(标配)Bowers & Wilkins宝华韦健,(标配)36喇叭,,(标配)多色,,(标配),
62417,宝马i7,(标配)Bowers & Wilkins宝华韦健,(标配)18喇叭,,(标配)多色,,(标配),
62416,宝马i7,(标配)Bowers & Wilkins宝华韦健,(标配)18喇叭,,(标配)多色,,(标配),
56703,宝马i7,(标配)Bowers & Wilkins宝华韦健,"(标配)18喇叭,(选配)35喇叭",,(标配)多色,,(标配),
62415,宝马i7,(标配)Bowers & Wilkins宝华韦健,"(标配)18喇叭,(选配)35喇叭",,(标配)多色,,(标配),
60892,宝马i7,(标配)Bowers & Wilkins宝华韦健,(标配)35喇叭,,(标配)多色,,(标配),
62414,宝马i7,(标配)Bowers & Wilkins宝华韦健,(标配)35喇叭,,(标配)多色,,(标配),
69412,宝马M235L,(标配)Harman/Kardon哈曼卡顿,(标配)待查,,(标配)多色,(标配),,
57156,宝马XM,(标配)Bowers & Wilkins宝华韦健,(标配)36喇叭,,(标配)多色,,(标配),
62420,宝马XM,(标配)Bowers & Wilkins宝华韦健,(标配)36喇叭,,(标配)多色,,(标配),
62467,宝马XM,(标配)Bowers & Wilkins宝华韦健,(标配)36喇叭,,(标配)多色,,(标配),
68817,宝马i4,(选配)Harman/Kardon哈曼卡顿,"(选配)≥12喇叭,(标配)8-9喇叭",,(标配)11色,,,
61699,宝马i4,(选配)Harman/Kardon哈曼卡顿,"(选配)≥12喇叭,(标配)8-9喇叭",,(标配)11色,,,
68076,宝马i4,(选配)Harman/Kardon哈曼卡顿,"(选配)≥12喇叭,(标配)8-9喇叭",,(标配)11色,,,
70764,宝马i4,(选配)Harman/Kardon哈曼卡顿,"(选配)≥12喇叭,(标配)8-9喇叭",,(标配)11色,,,
51645,宝马X3 M,(标配)Harman/Kardon哈曼卡顿,(标配)16喇叭,,(标配)11色,,,
68905,宝马X7 M60i,(标配)Bowers & Wilkins宝华韦健,(标配)20喇叭,,(标配)多色,,,
57279,宝马X3 M40i,(标配)Harman/Kardon哈曼卡顿,(标配)16喇叭,,(标配)11色,,,
67757,宝马X1 M35Li,(标配)Harman/Kardon哈曼卡顿,(标配)12喇叭,,(标配)多色,,,
63477,宝马X6 M,"(标配)Harman/Kardon哈曼卡顿,(选配)Bowers & Wilkins宝华韦健",(标配)16喇叭,,(标配)11色,,,
68878,宝马M5新能源,(标配)Bowers & Wilkins宝华韦健,(标配)18喇叭,,(标配)多色,,,
61600,宝马Z4 M40i,(标配)Harman/Kardon哈曼卡顿,(标配)8-9喇叭,,(标配)11色,,,
65091,宝马X2 M35i,(标配)Harman/Kardon哈曼卡顿,(标配)12喇叭,,(标配)多色,,,
51640,宝马X4 M40i,(标配)Harman/Kardon哈曼卡顿,(标配)16喇叭,,(标配)11色,,,
51644,宝马X4 M,(标配)Harman/Kardon哈曼卡顿,(标配)16喇叭,,(标配)11色,,,
63217,宝马i5 M60,(标配)Bowers & Wilkins宝华韦健,(标配)18喇叭,,(标配)多色,,,
63897,宝马iX M60,(标配)Bowers & Wilkins宝华韦健,(标配)30喇叭,,(标配)多色,,,
66922,宝马i4 M50,(标配)Harman/Kardon哈曼卡顿,(标配)≥12喇叭,,(标配)11色,,,
62588,宝马i7 M70L,(标配)Bowers & Wilkins宝华韦健,(标配)35喇叭,,(标配)多色,,(标配),
66500,秦L,,(标配)6喇叭,,,,,
71472,秦L,,(标配)6喇叭,,,,(标配),
71455,秦L,,(标配)6喇叭,,,,(标配),
72526,秦L,,(标配)8喇叭,,,,(标配),
66646,秦L,,(标配)8喇叭,,(标配)多色,,(标配),
71490,秦L,,(标配)6喇叭,,,,(标配),
70666,秦L,,(标配)6喇叭,,,,(标配),
71471,秦L,,(标配)8喇叭,,,,(标配),
68231,秦L,,(标配)8喇叭,,(标配)多色,,(标配),
72107,秦L,,(标配)6喇叭,,,,,
67873,秦L,,(标配)6喇叭,,,,(标配),
71678,秦L,,(标配)6喇叭,,,,(标配),
66645,秦L,,(标配)6喇叭,,,,(标配),
71532,秦L,,(标配)8喇叭,,(标配)多色,,(标配),
66750,秦PLUS,,(标配)6喇叭,,,,,
72524,秦PLUS,,(标配)6喇叭,,,,,
66746,秦PLUS,,(标配)6喇叭,,(标配),,,
66751,秦PLUS,,(标配)6喇叭,,,,,
66747,秦PLUS,,(标配)6喇叭,,,,,
65656,秦PLUS,,(标配)8喇叭,,(标配)多色,,,
71504,秦PLUS,,(标配)6喇叭,,,,,
71686,秦PLUS,,(标配)4喇叭,,,,,
67266,秦PLUS,,(标配)6喇叭,,,,,
72442,秦PLUS,,(标配)6喇叭,,,,,
63012,秦PLUS,,(标配)6喇叭,,,,,
71689,秦PLUS,,(标配)6喇叭,,,,,
66745,秦PLUS,,(标配)8喇叭,,,,,
66743,秦PLUS,,(标配)8喇叭,,(标配)多色,,,
51966,秦PLUS,,(标配)6喇叭,,,,,
71688,秦PLUS,,(标配)4喇叭,,,,,
66744,秦PLUS,,(标配)6喇叭,,,,,
66748,秦PLUS,,(标配)4喇叭,,,,,
66733,秦PLUS,,(标配)6喇叭,,,,,
71685,秦PLUS,,(标配)6喇叭,,(标配)多色,,,
66749,秦PLUS,,(标配)4喇叭,,,,,
72103,秦PLUS,,(标配)4喇叭,,,,,
71687,秦PLUS,,(标配)6喇叭,,,,,
69070,海鸥,,(标配)4喇叭,,,,,
69068,海鸥,,(标配)4喇叭,,,,,
71691,海鸥,,(标配)4喇叭,,,,,
71065,海鸥,,(标配)4喇叭,,,,,
69069,海鸥,,(标配)4喇叭,,,,,
71690,海鸥,,(标配)4喇叭,,,,,
71292,汉L,(标配)Dynaudio丹拿,(标配)12喇叭,,(标配)多色,(标配),(标配),
71392,汉L,(标配)Dynaudio丹拿,(标配)16喇叭,,(标配)多色,(标配),(标配),
72523,汉L,(标配)Dynaudio丹拿,(标配)16喇叭,,(标配)多色,(标配),(标配),
71393,汉L,(标配)Dynaudio丹拿,(标配)12喇叭,,(标配)多色,(标配),(标配),
71435,汉L,(标配)Dynaudio丹拿,(标配)16喇叭,,(标配)多色,(标配),(标配),
72209,汉L,(标配)Dynaudio丹拿,(标配)16喇叭,,(标配)多色,(标配),(标配),
71703,汉,(标配)Dynaudio丹拿,(标配)12喇叭,,(标配)多色,(标配),(标配),
69813,汉,(标配)Dynaudio丹拿,(标配)12喇叭,,(标配)多色,(标配),(标配),
71707,汉,(标配)Dynaudio丹拿,(标配)12喇叭,,(标配)多色,(标配),(标配),
72515,汉,(标配)Dynaudio丹拿,(标配)12喇叭,,(标配)多色,(标配),(标配),
71706,汉,(标配)Dynaudio丹拿,(标配)12喇叭,,(标配)多色,(标配),(标配),
66906,汉,(标配)Dynaudio丹拿,(标配)12喇叭,,(标配)多色,(标配),(标配),
71591,汉,(标配)Dynaudio丹拿,(标配)12喇叭,,(标配)多色,(标配),(标配),
71534,汉,(标配)Dynaudio丹拿,(标配)12喇叭,,(标配)多色,(标配),(标配),
45619,汉,,(标配)8喇叭,,,,(标配),
72514,汉,,(标配)8喇叭,,(标配)多色,(标配),(标配),
71705,汉,(标配)Dynaudio丹拿,(标配)12喇叭,,(标配)多色,(标配),(标配),
69817,汉,(标配)Dynaudio丹拿,(标配)12喇叭,,(标配)多色,(标配),(标配),
69816,汉,(标配)Dynaudio丹拿,(标配)12喇叭,,(标配)多色,(标配),(标配),
69814,汉,,(标配)8喇叭,,,,(标配),
69815,汉,,(标配)8喇叭,,,,(标配),
71704,汉,,(标配)8喇叭,,(标配)多色,(标配),(标配),
71533,汉,(标配)Dynaudio丹拿,(标配)12喇叭,,(标配)多色,(标配),(标配),
71535,汉,(标配)Dynaudio丹拿,(标配)12喇叭,,(标配)多色,(标配),(标配),
52453,汉,(标配)Dynaudio丹拿,(标配)12喇叭,,(标配)多色,(标配),(标配),
66774,汉,,(标配)8喇叭,,(标配)多色,(标配),(标配),
66909,汉,,(标配)8喇叭,,(标配)多色,(标配),(标配),
66905,汉,,(标配)8喇叭,,,,(标配),
71623,汉,,(标配)8喇叭,,(标配)多色,,(标配),
66903,汉,(标配)Dynaudio丹拿,(标配)12喇叭,,(标配)多色,,(标配),
67270,汉,(标配)Dynaudio丹拿,(标配)12喇叭,,(标配)多色,,(标配),
69143,汉,(标配)Dynaudio丹拿,(标配)12喇叭,,(标配)多色,,(标配),
66773,汉,(标配)Dynaudio丹拿,(标配)12喇叭,,(标配)多色,,(标配),
66902,汉,,(标配)8喇叭,,,,(标配),
69802,汉,,(标配)8喇叭,,(标配)多色,,(标配),
69142,汉,(标配)Dynaudio丹拿,(标配)12喇叭,,(标配)多色,,(标配),
69144,汉,(标配)Dynaudio丹拿,(标配)12喇叭,,(标配)多色,,(标配),
66753,汉,(标配)Dynaudio丹拿,(标配)12喇叭,,(标配)多色,,(标配),
66907,汉,,(标配)8喇叭,,,,(标配),
66908,汉,,(标配)8喇叭,,,,(标配),
69209,宋PLUS新能源,,(标配)6喇叭,,,,(标配),
69254,宋PLUS新能源,,(标配)9喇叭,,(标配)单色,,(标配),
71524,宋PLUS新能源,,(标配)9喇叭,,(标配)31色,,(标配),
69253,宋PLUS新能源,,(标配)9喇叭,,(标配)31色,,(标配),
71657,宋PLUS新能源,(标配)Infinity燕飞利仕,(标配)10喇叭,,(标配)31色,,(标配),
71656,宋PLUS新能源,,(标配)9喇叭,,,,(标配),
69513,宋PLUS新能源,,(标配)9喇叭,,(标配)31色,,(标配),
69210,宋PLUS新能源,,(标配)9喇叭,,(标配)31色,,(标配),
69252,宋PLUS新能源,,(标配)6喇叭,,,,(标配),
71481,宋PLUS新能源,,(标配)9喇叭,,(标配)单色,,(标配),
71470,宋PLUS新能源,,(标配)9喇叭,,(标配)31色,,(标配),
71520,宋PLUS新能源,,(标配)9喇叭,,(标配)31色,,(标配),
69514,宋PLUS新能源,(标配)Infinity燕飞利仕,(标配)10喇叭,,(标配)31色,,(标配),
72520,宋PLUS新能源,,(标配)9喇叭,,,,(标配),
71525,宋PLUS新能源,,(标配)9喇叭,,(标配)31色,,(标配),
69512,宋PLUS新能源,,(标配)9喇叭,,(标配)31色,,(标配),
71480,宋PLUS新能源,,(标配)9喇叭,,,,(标配),
72208,唐L,,(标配)21喇叭,,(标配)多色,(标配),(标配),
72468,唐L,,(标配)21喇叭,,(标配)多色,(标配),(标配),
71390,唐L,,(标配)21喇叭,,(标配)多色,(标配),(标配),
71391,唐L,,(标配)21喇叭,,(标配)多色,(标配),(标配),
71291,唐L,,(标配)21喇叭,,(标配)多色,(标配),(标配),
71389,唐L,,(标配)21喇叭,,(标配)多色,(标配),(标配),
70346,夏,,(标配)12喇叭,,(标配)单色,,(标配),
72517,夏,,(标配)12喇叭,,(标配)单色,,(标配),
71228,夏,,(标配)12喇叭,,(标配)128色,(标配),(标配),
69726,夏,,(标配)28喇叭,(标配),(标配)128色,(标配),(标配),
71227,夏,,(标配)12喇叭,,(标配)单色,,(标配),
71489,海豹06新能源,,(标配)6喇叭,,,,,
66640,海豹06新能源,,(标配)6喇叭,,,,(标配),
66680,海豹06新能源,,(标配)6喇叭,,,,(标配),
68514,海豹06新能源,,(标配)8喇叭,,,,(标配),
71468,海豹06新能源,,(标配)8喇叭,,(标配)多色,,(标配),
71469,海豹06新能源,,(标配)6喇叭,,,,,
71467,海豹06新能源,,(标配)6喇叭,,,,(标配),
68516,海豹06新能源,,(标配)6喇叭,,,,(标配),
71675,海豹06新能源,,(标配)6喇叭,,,,(标配),
68515,海豹06新能源,,(标配)8喇叭,,(标配)多色,,(标配),
71700,唐新能源,,(标配)9喇叭,,(标配)31色,,(标配),
67875,唐新能源,(标配)Dynaudio丹拿,(标配)12喇叭,,(标配)31色,,(标配),
67874,唐新能源,(标配)Dynaudio丹拿,(标配)12喇叭,,(标配)31色,,(标配),
67879,唐新能源,(标配)Dynaudio丹拿,(标配)12喇叭,,(标配)31色,,(标配),
71699,唐新能源,,(标配)8喇叭,,,,(标配),
67877,唐新能源,(标配)Dynaudio丹拿,(标配)12喇叭,,(标配)31色,,(标配),
66835,唐新能源,(标配)Dynaudio丹拿,(标配)12喇叭,,(标配)31色,,(标配),
67878,唐新能源,(标配)Dynaudio丹拿,(标配)12喇叭,,(标配)31色,,(标配),
66858,唐新能源,(标配)Dynaudio丹拿,(标配)12喇叭,,(标配)31色,,(标配),
70476,唐新能源,(标配)Dynaudio丹拿,(标配)12喇叭,,(标配)31色,,(标配),
66857,唐新能源,(标配)Dynaudio丹拿,(标配)12喇叭,,(标配)31色,,(标配),
71701,唐新能源,(标配)Dynaudio丹拿,(标配)12喇叭,,(标配)31色,,(标配),
67876,唐新能源,(标配)Dynaudio丹拿,(标配)12喇叭,,(标配)31色,,(标配),
70475,唐新能源,(标配)Dynaudio丹拿,(标配)12喇叭,,(标配)31色,,(标配),
71702,唐新能源,,(标配)9喇叭,,(标配)31色,,(标配),
70416,唐新能源,(标配)Dynaudio丹拿,(标配)12喇叭,,(标配)31色,,(标配),
70454,唐新能源,(标配)Dynaudio丹拿,(标配)12喇叭,,(标配)31色,,(标配),
66775,唐新能源,(标配)Dynaudio丹拿,(标配)12喇叭,,(标配)31色,,(标配),
71682,宋Pro新能源,,(标配)6喇叭,,,,(标配),
70059,宋Pro新能源,,(标配)6喇叭,,(标配)31色,(标配),(标配),
69112,宋Pro新能源,,(标配)6喇叭,,(标配)31色,(标配),(标配),
71681,宋Pro新能源,,(标配)8喇叭,,(标配)31色,(标配),(标配),
66963,宋Pro新能源,,(标配)6喇叭,,,,(标配),
69113,宋Pro新能源,,(标配)6喇叭,,,,(标配),
71627,宋Pro新能源,,(标配)6喇叭,,(标配)31色,(标配),(标配),
66965,宋Pro新能源,,(标配)8喇叭,,(标配)31色,(标配),(标配),
71680,宋Pro新能源,,(标配)6喇叭,,,,(标配),
66964,宋Pro新能源,,(标配)6喇叭,,,,(标配),
66966,宋Pro新能源,,(标配)6喇叭,,,,(标配),
70060,宋Pro新能源,,(标配)6喇叭,,,,(标配),
66951,宋Pro新能源,,(标配)9喇叭,,(标配)单色,,(标配),
72031,元PLUS,,(标配)8喇叭,,(标配)多色,,,
71852,元PLUS,,(标配)8喇叭,,(标配)多色,,,
71817,元PLUS,,(标配)8喇叭,,(标配)多色,,,
66988,元PLUS,,(标配)8喇叭,,(标配)多色,,,
71427,元PLUS,,(标配)8喇叭,,(标配)多色,(标配),,
71918,元PLUS,,(标配)8喇叭,,(标配)多色,,,
66991,元PLUS,,(标配)8喇叭,,(标配)多色,,,
66992,元PLUS,,(标配)8喇叭,,(标配)多色,,,
66990,元PLUS,,(标配)8喇叭,,(标配)多色,,,
66989,元PLUS,,(标配)8喇叭,,(标配)多色,,,
71603,宋L DM-i,,(标配)6喇叭,,,,(标配),
71502,宋L DM-i,,(标配)8喇叭,,,,(标配),
69065,宋L DM-i,,(标配)8喇叭,,(标配)31色,,(标配),
68737,宋L DM-i,,(标配)8喇叭,,(标配)31色,(标配),(标配),
69066,宋L DM-i,(标配)Infinity燕飞利仕,(标配)10喇叭,,(标配)31色,(标配),(标配),
69265,宋L DM-i,,(标配)6喇叭,,,,(标配),
71473,宋L DM-i,,(标配)8喇叭,,,,(标配),
71628,宋L DM-i,,(标配)8喇叭,,(标配)31色,,(标配),
69067,宋L DM-i,,(标配)8喇叭,,(标配)31色,,(标配),
71676,宋L DM-i,(标配)Infinity燕飞利仕,(标配)10喇叭,,(标配)31色,,(标配),
71072,海狮05 EV,,(标配)8喇叭,,,,,
71057,海狮05 EV,,(标配)8喇叭,,,,,
72236,海狮05 EV,,(标配)8喇叭,,(标配)多色,,,
69005,海豚,,(标配)4喇叭,,,,(标配),
69004,海豚,,(标配)6喇叭,,,,(标配),
69006,海豚,,(标配)6喇叭,,,,(标配),
71049,海豚,,(标配)6喇叭,,,,(标配),
66316,海豚,,(标配)6喇叭,,,,(标配),
71050,海豚,,(标配)6喇叭,,(标配)多色,,(标配),
71048,海豚,,(标配)6喇叭,,(标配)多色,,(标配),
66930,海豹,,(标配)10喇叭,,,,(标配),
69345,海豹,,(标配)10喇叭,,,,(标配),
71665,海豹,(标配)Dynaudio丹拿,(标配)12喇叭,,(标配)多色,,(标配),
71664,海豹,(标配)Dynaudio丹拿,(标配)12喇叭,,(标配)多色,,(标配),
71666,海豹,(标配)Dynaudio丹拿,(标配)12喇叭,,(标配)多色,,(标配),
67384,海豹,(标配)Dynaudio丹拿,(标配)12喇叭,,(标配)多色,,(标配),
66926,海豹,(标配)Dynaudio丹拿,(标配)12喇叭,,(标配)多色,,(标配),
69394,海豹,(标配)Dynaudio丹拿,(标配)12喇叭,,(标配)多色,,(标配),
66927,海豹,,(标配)6喇叭,,,,(标配),
67382,海豹,,(标配)8喇叭,,,,(标配),
69392,海豹,,(标配)8喇叭,,(标配)多色,,(标配),
71663,海豹,(标配)Dynaudio丹拿,(标配)12喇叭,,(标配)多色,,(标配),
67383,海豹,(标配)Dynaudio丹拿,(标配)12喇叭,,(标配)多色,,(标配),
67381,海豹,(标配)Dynaudio丹拿,(标配)12喇叭,,(标配)多色,,(标配),
66928,海豹,,(标配)10喇叭,,,,(标配),
66925,海豹,(标配)Dynaudio丹拿,(标配)12喇叭,,(标配)多色,,(标配),
66929,海豹,(标配)Dynaudio丹拿,(标配)12喇叭,,(标配)多色,,(标配),
67380,海豹,(标配)Dynaudio丹拿,(标配)12喇叭,,(标配)多色,,(标配),
69393,海豹,(标配)Dynaudio丹拿,(标配)12喇叭,,(标配)多色,,(标配),
70392,海豹06GT,,(标配)8喇叭,,,,,
71667,海豹06GT,,(标配)8喇叭,,(标配)多色,,,
71668,海豹06GT,,(标配)8喇叭,,(标配)多色,,,
68312,海豹06GT,(标配)Dynaudio丹拿,(标配)12喇叭,,(标配)多色,,,
68311,海豹06GT,,(标配)8喇叭,,,,,
68266,海豹06GT,,(标配)8喇叭,,(标配)多色,,,
71670,海豹06GT,,(标配)8喇叭,,(标配)多色,,,
71669,海豹06GT,(标配)Dynaudio丹拿,(标配)12喇叭,,(标配)多色,,,
71684,元UP,,(标配)4喇叭,,,,,
66139,元UP,,(标配)6喇叭,,,,,
69175,元UP,,(标配)6喇叭,,(标配)单色,,,
67007,元UP,,(标配)6喇叭,,,,,
66138,元UP,,(标配)4喇叭,,,,,
71256,元UP,,(标配)6喇叭,,,,,
71683,元UP,,"(标配)6喇叭,(选配)8喇叭",,(标配)单色,,,
71536,宋L EV,(标配)Dynaudio丹拿,(标配)12喇叭,,(标配)128色,,(标配),
68095,宋L EV,,(标配)8喇叭,,,,(标配),
71508,宋L EV,(标配)Dynaudio丹拿,(标配)12喇叭,,(标配)128色,,(标配),
69743,宋L EV,(标配)Dynaudio丹拿,(标配)12喇叭,,(标配)128色,,(标配),
71503,宋L EV,(标配)Dynaudio丹拿,(标配)12喇叭,,(标配)128色,,(标配),
69744,宋L EV,,(标配)8喇叭,,,,(标配),
69742,宋L EV,(标配)Dynaudio丹拿,(标配)12喇叭,,(标配)128色,,(标配),
71679,宋L EV,(标配)Dynaudio丹拿,(标配)12喇叭,,(标配)128色,,(标配),
66740,驱逐舰05,,(标配)6喇叭,,,,,
69284,驱逐舰05,,(标配)6喇叭,,,,,
66739,驱逐舰05,,(标配)6喇叭,,,,,
69283,驱逐舰05,,(标配)6喇叭,,,,,
66738,驱逐舰05,,(标配)8喇叭,,,,,
66741,驱逐舰05,,(标配)8喇叭,,(标配)多色,,,
66734,驱逐舰05,,(标配)6喇叭,,,,,
66742,驱逐舰05,,(标配)6喇叭,,,,,
71052,海豹05 DM-i,,(标配)6喇叭,,,,,
71313,海豹05 DM-i,,(标配)6喇叭,,,,,
71314,海豹05 DM-i,,(标配)6喇叭,,(标配),,,
71695,海狮07 EV,(标配)Dynaudio丹拿,(标配)12喇叭,,,,,
71693,海狮07 EV,(标配)Dynaudio丹拿,(标配)12喇叭,,(标配)128色,,,
68250,海狮07 EV,(标配)Dynaudio丹拿,(标配)12喇叭,,(标配)128色,,,
66476,海狮07 EV,(标配)Dynaudio丹拿,(标配)12喇叭,,(标配)128色,,,
71692,海狮07 EV,(标配)Dynaudio丹拿,(标配)12喇叭,,,,,
71694,海狮07 EV,(标配)Dynaudio丹拿,(标配)12喇叭,,(标配)128色,,,
66475,海狮07 EV,(标配)Dynaudio丹拿,(标配)12喇叭,,(标配)128色,,,
58503,海狮07 EV,(标配)Dynaudio丹拿,(标配)12喇叭,,(标配)128色,,,
71658,海豹07 DM-i,,(标配)8喇叭,,,,(标配),
69348,海豹07 DM-i,,(标配)8喇叭,,,,(标配),
69349,海豹07 DM-i,,(标配)8喇叭,,(标配)多色,,(标配),
69391,海豹07 DM-i,(标配)Dynaudio丹拿,(标配)12喇叭,,(标配)多色,,(标配),
71660,海豹07 DM-i,(标配)Dynaudio丹拿,(标配)12喇叭,,(标配)多色,,(标配),
71662,海豹07 DM-i,,(标配)8喇叭,,,,(标配),
69390,海豹07 DM-i,,(标配)8喇叭,,,,(标配),
69347,海豹07 DM-i,,(标配)8喇叭,,(标配)31色,,(标配),
71659,海豹07 DM-i,(标配)Dynaudio丹拿,(标配)12喇叭,,(标配)31色,,(标配),
71661,海豹07 DM-i,(标配)Dynaudio丹拿,(标配)12喇叭,,(标配)多色,,(标配),
71673,海狮05 DM-i,,(标配)6喇叭,,,,,
71671,海狮05 DM-i,,(标配)6喇叭,,,,,
70058,海狮05 DM-i,,(标配)6喇叭,,(标配)多色,,,
69114,海狮05 DM-i,,(标配)8喇叭,,(标配)多色,,,
71672,海狮05 DM-i,,(标配)6喇叭,,,,,
69115,海狮05 DM-i,,(标配)6喇叭,,(标配)多色,,,
70057,海狮05 DM-i,,(标配)6喇叭,,(标配)多色,,,
71674,海狮05 DM-i,,(标配)8喇叭,,(标配)多色,,,
67273,护卫舰07,,(标配)8喇叭,,(标配)单色,,,
67272,护卫舰07,,(标配)11喇叭,,(标配)多色,,,
67271,护卫舰07,(标配)Dynaudio丹拿,(标配)12喇叭,,(标配)多色,,,
67274,护卫舰07,(标配)Dynaudio丹拿,(标配)12喇叭,,(标配)多色,,,
67250,护卫舰07,(标配)Dynaudio丹拿,(标配)12喇叭,,(标配)多色,,,
67156,比亚迪e2,,(标配)4喇叭,,,,,
63011,比亚迪e2,,(标配)4喇叭,,,,,
67157,比亚迪e2,,(标配)4喇叭,,,,,
62376,元Pro,,(标配)4喇叭,,,,,
62377,元Pro,,(标配)4喇叭,,,,,
62378,元Pro,,(标配)6喇叭,,,,(标配),
69051,秦新能源,,(标配)2喇叭,,,,,
69052,秦新能源,,(标配)6喇叭,,,,,
55331,宋MAX新能源,,(标配)6喇叭,,,,,
55329,宋MAX新能源,,(标配)6喇叭,,(标配)单色,,,
55328,宋MAX新能源,,(标配)6喇叭,,,,,
55330,宋MAX新能源,,(标配)6喇叭,,,,,
55009,宋MAX新能源,,(标配)6喇叭,,(标配)单色,,,
60687,比亚迪e9,,(标配)4喇叭,,,,(标配),
60414,比亚迪D1,,(标配)4喇叭,,,,(标配),
63696,比亚迪D1,,(标配)4喇叭,,,,(标配),
70469,比亚迪e6,,(标配)4喇叭,,,,,
70470,比亚迪e6,,(标配)4喇叭,,,,,
51306,比亚迪e3,,(标配)2喇叭,,,,(标配),
52635,比亚迪e3,,(标配)2喇叭,,,,(标配),
69842,帕萨特,,(标配)8喇叭,,,,,
69730,帕萨特,,(标配)9喇叭,,(标配)30色,,(标配),
64997,帕萨特,,(标配)9喇叭,,(标配)30色,,(标配),
69851,帕萨特,,(标配)8喇叭,,,,(标配),
65369,帕萨特,,(标配)8喇叭,,,,(标配),
69760,帕萨特,,(标配)8喇叭,,,,(标配),
69854,帕萨特,,(标配)8喇叭,,,,(标配),
72550,帕萨特,,(标配)8喇叭,,(标配)10色,,(标配),
69848,帕萨特,,(标配)8喇叭,,(标配)10色,,(标配),
72549,帕萨特,,(标配)9喇叭,,(标配)30色,,(标配),
69855,帕萨特,,(标配)9喇叭,,(标配)30色,,(标配),
69850,帕萨特,(选配)Harman/Kardon哈曼卡顿,"(标配)9喇叭,(选配)16喇叭",,(标配)30色,,(标配),
69849,帕萨特,(选配)Harman/Kardon哈曼卡顿,"(标配)9喇叭,(选配)16喇叭",,(标配)30色,,(标配),
69853,帕萨特,(标配)Harman/Kardon哈曼卡顿,(标配)16喇叭,,(标配)30色,,(标配),
65144,帕萨特,(标配)Harman/Kardon哈曼卡顿,(标配)16喇叭,,(标配)30色,,(标配),
67732,帕萨特,,(标配)8喇叭,,,,,
69852,帕萨特,,(标配)8喇叭,,,,(标配),
69856,帕萨特,,(标配)8喇叭,,,,(标配),
66451,迈腾,,(标配)8喇叭,,,,,
70441,迈腾,,(标配)8喇叭,,,,,
68101,迈腾,,(标配)8喇叭,,,,,
66450,迈腾,,(标配)8喇叭,,(标配)30色,,,
69938,迈腾,,(标配)8喇叭,,(标配)30色,,,
70442,迈腾,,(标配)7喇叭,,,,(标配),
69937,迈腾,,(标配)7喇叭,,(标配)30色,,(标配),
71364,迈腾,,(标配)7喇叭,,(标配)30色,,(标配),
71926,迈腾,(选配)Harman/Kardon哈曼卡顿,"(标配)9喇叭,(选配)14喇叭",,(标配)30色,,(标配),
71927,迈腾,(标配)Harman/Kardon哈曼卡顿,(标配)14喇叭,,(标配)30色,,(标配),
64819,朗逸,,(标配)2喇叭,,,,,
64818,朗逸,,(标配)2喇叭,,,,,
64824,朗逸,,(标配)2喇叭,,,,,
64821,朗逸,,(标配)2喇叭,,,,,
64825,朗逸,,(标配)6喇叭,,,,,
64823,朗逸,,(标配)6喇叭,,(标配)单色,,,
67521,朗逸,,(标配)6喇叭,,(标配)单色,,,
64820,朗逸,,(标配)6喇叭,,(标配)单色,,,
63242,朗逸,,(标配)6喇叭,,(标配)单色,,,
70551,朗逸,,(标配)6喇叭,,(标配)单色,,,
64826,朗逸,,(标配)6喇叭,,(标配)单色,,,
70552,朗逸,,(标配)6喇叭,,(标配)单色,,,
69830,朗逸,,(标配)6喇叭,,(标配)单色,,,
64822,朗逸,,(标配)2喇叭,,,,,
61259,朗逸,,(标配)2喇叭,,,,,
69831,朗逸,,(标配)2喇叭,,,,,
67522,朗逸,,(标配)2喇叭,,,,,
67612,途昂,,(标配)8喇叭,,(标配)30色,,,
72135,途昂,,(标配)8喇叭,,(标配)30色,,,
67605,途昂,,(标配)9喇叭,,(标配)单色,,,
67606,途昂,(选配)Harman/Kardon哈曼卡顿,"(标配)9喇叭,(选配)14喇叭",,(标配)30色,,,
67603,途昂,(标配)Harman/Kardon哈曼卡顿,(标配)14喇叭,,(标配)30色,,,
72134,途昂,,(标配)8喇叭,,(标配)单色,,,
67611,途昂,,(标配)8喇叭,,(标配)单色,,,
71802,途昂,,(标配)8喇叭,,(标配)30色,,,
67609,途昂,,(标配)8喇叭,,(标配)30色,,,
67604,途昂,(标配)Harman/Kardon哈曼卡顿,(标配)12喇叭,,(标配)30色,,,
67607,途昂,,(标配)8喇叭,,(标配)单色,,,
71908,途昂,,(标配)8喇叭,,(标配)30色,,,
69914,途昂,,(标配)8喇叭,,(标配)30色,,,
67608,途昂,(标配)Harman/Kardon哈曼卡顿,(标配)12喇叭,,(标配)30色,,,
67602,途昂,,(标配)8喇叭,,(标配)30色,,,
67601,途昂,(标配)Harman/Kardon哈曼卡顿,(标配)12喇叭,,(标配)30色,,,
67610,途昂,(标配)Harman/Kardon哈曼卡顿,(标配)12喇叭,,(标配)30色,,,
70222,速腾,,(标配)6喇叭,,,,,
70218,速腾,,(标配)6喇叭,,,,,
72129,速腾,,(标配)6喇叭,,(标配)10色,,,
72128,速腾,,(标配)6喇叭,,(标配)10色,,,
70219,速腾,,(标配)6喇叭,,,,,
72130,速腾,,(标配)6喇叭,,(标配)10色,,,
68133,速腾,,(标配)6喇叭,,(标配)10色,,,
72411,速腾,,(标配)6喇叭,,(标配)10色,,,
70217,速腾,,(标配)6喇叭,,(标配)10色,,,
70220,速腾,,(标配)6喇叭,,(标配)10色,,,
70221,速腾,,(标配)6喇叭,,(标配)10色,,,
70715,探岳,,(标配)6喇叭,,(标配)单色,,,
69421,探岳,,(标配)6喇叭,,(标配)30色,,(标配),
71696,探岳,,(标配)6喇叭,,(标配)单色,,,
65179,探岳,,(标配)6喇叭,,(标配)30色,,(标配),
62194,探岳,(选配)Harman/Kardon哈曼卡顿,"(标配)6喇叭,(选配)12喇叭",,(标配)30色,,(标配),
69414,探岳,(选配)Harman/Kardon哈曼卡顿,"(标配)6喇叭,(选配)12喇叭",,(标配)30色,,(标配),
69413,探岳,(选配)Harman/Kardon哈曼卡顿,"(标配)6喇叭,(选配)12喇叭",,(标配)30色,,(标配),
62193,探岳,,(标配)6喇叭,,"(标配)单色,(选配)30色",,,
71951,探岳,,(标配)6喇叭,,"(标配)单色,(选配)30色",,,
65181,探岳,(选配)Harman/Kardon哈曼卡顿,"(标配)8喇叭,(选配)10喇叭",,(标配)30色,,,
65177,探岳,(选配)Harman/Kardon哈曼卡顿,"(标配)8喇叭,(选配)10喇叭",,(标配)30色,,,
71952,探岳,(标配)Harman/Kardon哈曼卡顿,(标配)10喇叭,,(标配)30色,,,
65178,探岳,,(标配)6喇叭,,"(标配)单色,(选配)30色",,,
65180,探岳,(选配)Harman/Kardon哈曼卡顿,"(标配)8喇叭,(选配)10喇叭",,(标配)30色,,,
60622,探岳,(标配)Harman/Kardon哈曼卡顿,(标配)10喇叭,,(标配)30色,,,
66454,途观L,,(标配)9喇叭,,(标配)30色,,(标配),
66453,途观L,,(标配)9喇叭,,(标配)30色,,(标配),
66452,途观L,,(标配)9喇叭,,(标配)30色,,(标配),
68468,途观L,,(标配)9喇叭,,(标配)30色,,(标配),
68467,途观L,(选配)Harman/Kardon哈曼卡顿,"(标配)9喇叭,(选配)12喇叭",,(标配)30色,,(标配),
68198,途观L,(选配)Harman/Kardon哈曼卡顿,"(标配)9喇叭,(选配)12喇叭",,(标配)30色,,(标配),
67287,途观L,,(标配)8喇叭,,,,,
67286,途观L,,(标配)8喇叭,,,,,
67285,途观L,,(标配)8喇叭,,,,,
67411,途岳,,(标配)4喇叭,,,,,
67414,途岳,,(标配)4喇叭,,,,,
67410,途岳,,(标配)4喇叭,,,,,
68750,途岳,,(标配)4喇叭,,(标配),,,
69573,途岳,,(标配)4喇叭,,,,,
67413,途岳,,(标配)6喇叭,,,,,
68749,途岳,,(标配)6喇叭,,,,,
69572,途岳,(选配)Beats,"(标配)6喇叭,(选配)7喇叭",,(标配),,,
67412,途岳,(选配)Beats,"(标配)6喇叭,(选配)7喇叭",,(标配),,,
69272,大众ID.3,,(标配)7喇叭,,,,(标配),
71677,大众ID.3,,(标配)7喇叭,,(标配)单色,,(标配),
71654,大众ID.3,,(标配)7喇叭,,(标配)30色,,(标配),
69271,大众ID.3,,(标配)7喇叭,,,,(标配),
69273,大众ID.3,,(标配)7喇叭,,(标配)单色,,(标配),
70354,大众ID.3,,(标配)7喇叭,,(标配)单色,,(标配),
69297,大众ID.3,,(标配)7喇叭,,(标配)30色,,(标配),
69298,大众ID.3,,(标配)7喇叭,,(标配)30色,,(标配),
68889,高尔夫,,(标配)5喇叭,,,,(标配),
70637,高尔夫,(选配)Harman/Kardon哈曼卡顿,"(标配)7喇叭,(选配)10喇叭",,(标配)10色,,(标配),
70965,高尔夫,(选配)Harman/Kardon哈曼卡顿,"(标配)7喇叭,(选配)10喇叭",,(标配)30色,,(标配),
70638,高尔夫,,(标配)7喇叭,,(标配)10色,,(标配),
68888,高尔夫,(选配)Harman/Kardon哈曼卡顿,"(标配)7喇叭,(选配)10喇叭",,(标配)30色,,(标配),
62338,高尔夫,(选配)Harman/Kardon哈曼卡顿,"(标配)7喇叭,(选配)10喇叭",,(标配)30色,,(标配),
68636,揽巡,,(标配)9喇叭,,,,(标配),
68633,揽巡,,(标配)9喇叭,,(标配)30色,,(标配),
71076,揽巡,(选配)Harman/Kardon哈曼卡顿,"(标配)9喇叭,(选配)14喇叭",,(标配)30色,,(标配),
68634,揽巡,(选配)Harman/Kardon哈曼卡顿,"(标配)9喇叭,(选配)14喇叭",,(标配)30色,,(标配),
68635,揽巡,(标配)Harman/Kardon哈曼卡顿,(标配)14喇叭,,(标配)30色,,(标配),
70401,宝来,,(标配)4喇叭,,,,,
70402,宝来,,(标配)4喇叭,,,,,
68144,宝来,,(标配)6喇叭,,(标配)单色,,,
70398,宝来,,(标配)6喇叭,,(标配)单色,,,
70399,宝来,,(标配)6喇叭,,(标配)单色,,,
70400,宝来,,(标配)6喇叭,,(标配)单色,,,
70397,宝来,,(标配)6喇叭,,(标配)单色,,,
69047,一汽-大众CC,(选配)Harman/Kardon哈曼卡顿,"(标配)8喇叭,(选配)12喇叭",,(标配)30色,,,
71859,一汽-大众CC,(选配)Harman/Kardon哈曼卡顿,"(标配)8喇叭,(选配)12喇叭",,(标配)30色,,,
64089,一汽-大众CC,(选配)Harman/Kardon哈曼卡顿,"(标配)8喇叭,(选配)12喇叭",,(标配)30色,,,
64113,一汽-大众CC,(标配)Harman/Kardon哈曼卡顿,(标配)12喇叭,,(标配)30色,,,
69048,一汽-大众CC,(选配)Harman/Kardon哈曼卡顿,"(标配)8喇叭,(选配)12喇叭",,(标配)30色,,,
67032,一汽-大众CC,(标配)Harman/Kardon哈曼卡顿,(标配)12喇叭,,(标配)30色,,,
65340,一汽-大众CC,(选配)Harman/Kardon哈曼卡顿,"(标配)8喇叭,(选配)12喇叭",,(标配)30色,,,
69044,一汽-大众CC,(选配)Harman/Kardon哈曼卡顿,"(标配)8喇叭,(选配)12喇叭",,(标配)30色,,,
69045,一汽-大众CC,(选配)Harman/Kardon哈曼卡顿,"(标配)8喇叭,(选配)12喇叭",,(标配)30色,,,
71858,一汽-大众CC,(选配)Harman/Kardon哈曼卡顿,"(标配)8喇叭,(选配)12喇叭",,(标配)30色,,,
64114,一汽-大众CC,(选配)Harman/Kardon哈曼卡顿,"(标配)8喇叭,(选配)12喇叭",,(标配)30色,,,
71856,一汽-大众CC,(标配)Harman/Kardon哈曼卡顿,(标配)12喇叭,,(标配)30色,,,
69043,一汽-大众CC,(选配)Harman/Kardon哈曼卡顿,"(标配)8喇叭,(选配)12喇叭",,(标配)30色,,,
71857,一汽-大众CC,(标配)Harman/Kardon哈曼卡顿,(标配)12喇叭,,(标配)30色,,,
71860,一汽-大众CC,(选配)Harman/Kardon哈曼卡顿,"(标配)8喇叭,(选配)12喇叭",,(标配)30色,,,
71861,一汽-大众CC,(标配)Harman/Kardon哈曼卡顿,(标配)12喇叭,,(标配)30色,,,
67033,一汽-大众CC,(选配)Harman/Kardon哈曼卡顿,"(标配)8喇叭,(选配)12喇叭",,(标配)30色,,,
69046,一汽-大众CC,(标配)Harman/Kardon哈曼卡顿,(标配)12喇叭,,(标配)30色,,,
63584,途锐,,(标配)10喇叭,,(标配)30色,,(标配),
63585,途锐,,(标配)10喇叭,,(标配)30色,,(标配),
64329,途锐,,(标配)10喇叭,,(标配)30色,,(标配),
72503,途锐,,(标配)10喇叭,,(标配)30色,,(标配),
63583,途锐,(标配)Dynaudio丹拿,(标配)14喇叭,,(标配)30色,,(标配),
64328,途锐,,(标配)10喇叭,,(标配)30色,,(标配),
63582,途锐,(标配)Dynaudio丹拿,(标配)14喇叭,,(标配)30色,,(标配),
64396,威然,,(标配)8喇叭,,,,,
64398,威然,,(标配)8喇叭,,(标配)单色,,,
64395,威然,,(标配)8喇叭,,(标配)单色,,,
64394,威然,,(标配)8喇叭,,(标配)30色,,,
64397,威然,(标配)Harman/Kardon哈曼卡顿,(标配)12喇叭,,(标配)30色,,,
71346,揽境,,(标配)8喇叭,,,,(标配),
68640,揽境,,(标配)8喇叭,,,,(标配),
71349,揽境,,(标配)8喇叭,,(标配)30色,,(标配),
68648,揽境,,(标配)8喇叭,,(标配)30色,,(标配),
71340,揽境,,(标配)8喇叭,,(标配)30色,,(标配),
71341,揽境,,(标配)8喇叭,,(标配)30色,,(标配),
71345,揽境,,(标配)8喇叭,,(标配)30色,,(标配),
71342,揽境,,(标配)8喇叭,,(标配)30色,,(标配),
71344,揽境,(标配)Harman/Kardon哈曼卡顿,(标配)12喇叭,,(标配)30色,,(标配),
68642,揽境,(标配)Harman/Kardon哈曼卡顿,(标配)12喇叭,,(标配)30色,,(标配),
71348,揽境,(标配)Harman/Kardon哈曼卡顿,(标配)12喇叭,,(标配)30色,,(标配),
68646,揽境,(标配)Harman/Kardon哈曼卡顿,(标配)12喇叭,,(标配)30色,,(标配),
68641,揽境,,(标配)8喇叭,,(标配)30色,,(标配),
71343,揽境,,(标配)8喇叭,,(标配)30色,,(标配),
71351,揽境,,(标配)8喇叭,,(标配)30色,,(标配),
68645,揽境,,(标配)8喇叭,,(标配)30色,,(标配),
71350,揽境,(标配)Harman/Kardon哈曼卡顿,(标配)12喇叭,,(标配)30色,,(标配),
68639,揽境,(标配)Harman/Kardon哈曼卡顿,(标配)12喇叭,,(标配)30色,,(标配),
68647,揽境,(标配)Harman/Kardon哈曼卡顿,(标配)12喇叭,,(标配)30色,,(标配),
71347,揽境,(标配)Harman/Kardon哈曼卡顿,(标配)12喇叭,,(标配)30色,,(标配),
64933,凌渡,,(标配)6喇叭,,,,(标配),
70122,凌渡,,(标配)6喇叭,,,,(标配),
70120,凌渡,,(标配)6喇叭,,(标配)30色,,(标配),
64555,凌渡,(标配)Beats,(标配)8喇叭,,(标配)30色,,(标配),
70121,凌渡,,(标配)6喇叭,,,,,
60621,凌渡,,(标配)6喇叭,,,,(标配),
64556,凌渡,,(标配)6喇叭,,,,(标配),
70123,凌渡,,(标配)6喇叭,,(标配)30色,,(标配),
64932,凌渡,(标配)Beats,(标配)8喇叭,,(标配)30色,,(标配),
63096,Polo,,(标配)4喇叭,,,,,
63097,Polo,,(标配)4喇叭,,,,,
63095,Polo,,(标配)4喇叭,,,,,
62295,Polo,(选配)Beats,"(标配)4喇叭,(选配)8喇叭",,,,,
63047,Polo,(选配)Beats,"(标配)4喇叭,(选配)8喇叭",,,,,
61859,高尔夫GTI,(标配)Harman/Kardon哈曼卡顿,(标配)10喇叭,,(标配)30色,,(标配),
67314,高尔夫GTI,(标配)Harman/Kardon哈曼卡顿,(标配)10喇叭,,(标配)30色,,(标配),
71027,T-ROC探歌,,(标配)6喇叭,,(标配)单色,,,
71026,T-ROC探歌,,(标配)6喇叭,,(标配)30色,,,
72574,T-ROC探歌,,(标配)6喇叭,,(标配)30色,,,
72576,T-ROC探歌,,(标配)4喇叭,,(标配)单色,,,
71025,T-ROC探歌,,(标配)6喇叭,,(标配)30色,,,
72575,T-ROC探歌,,(标配)6喇叭,,(标配)30色,,,
70812,ID.4 CROZZ,,(标配)7喇叭,,,,(标配),
71288,ID.4 CROZZ,,(标配)7喇叭,,,,(标配),
71287,ID.4 CROZZ,(选配)Harman/Kardon哈曼卡顿,"(标配)7喇叭,(选配)10喇叭",,(标配)30色,(标配),(标配),
71289,ID.4 CROZZ,(标配)Harman/Kardon哈曼卡顿,(标配)10喇叭,,(标配)30色,(标配),(标配),
66302,ID.4 X,,(标配)7喇叭,,(标配)单色,,(标配),
66304,ID.4 X,,(标配)7喇叭,,(标配)单色,,(标配),
69275,ID.4 X,,(标配)7喇叭,,(标配)单色,,(标配),
69274,ID.4 X,(选配)Harman/Kardon哈曼卡顿,"(标配)7喇叭,(选配)10喇叭",,(标配)30色,,(标配),
66305,ID.4 X,,(标配)7喇叭,,(标配)单色,,(标配),
69276,ID.4 X,,(标配)7喇叭,,(标配)单色,,(标配),
72043,ID.4 X,(选配)Harman/Kardon哈曼卡顿,"(标配)7喇叭,(选配)10喇叭",,(标配)30色,,(标配),
66303,ID.4 X,(标配)Harman/Kardon哈曼卡顿,(标配)10喇叭,,(标配)30色,,(标配),
63282,途安,,(标配)8喇叭,,,,,
65378,途安,,(标配)8喇叭,,,,,
65377,途安,,(标配)8喇叭,,,,,
63118,途安,,(标配)8喇叭,,(标配)单色,,,
63117,途安,,(标配)8喇叭,,(标配)单色,,,
64849,探影,,(标配)4喇叭,,(标配)单色,,,
64850,探影,,(标配)4喇叭,,(标配)单色,,,
63094,途铠,,(标配)4喇叭,,,,,
60102,途铠,,(标配)4喇叭,,,,,
63565,途铠,,(标配)4喇叭,,(标配)单色,,,
63092,途铠,,(标配)4喇叭,,(标配)单色,,,
63093,途铠,(标配)Beats,(标配)6喇叭,,(标配)单色,,,
50920,Arteon,(标配)Harman/Kardon哈曼卡顿,(标配)12喇叭,,(标配)30色,,,
65987,大众ID.7 VIZZION,,(标配)9喇叭,,(标配)多色,,(标配),
62442,大众ID.7 VIZZION,(选配)Harman/Kardon哈曼卡顿,"(标配)9喇叭,(选配)14喇叭",,(标配)多色,,(标配),
62621,大众ID.7 VIZZION,(选配)Harman/Kardon哈曼卡顿,"(标配)9喇叭,(选配)14喇叭",,(标配)多色,,(标配),
66190,大众ID.7 VIZZION,(标配)Harman/Kardon哈曼卡顿,(标配)14喇叭,,(标配)多色,,(标配),
50921,蔚揽,,(标配)10-11喇叭,,,,,
50780,蔚揽,,(标配)10-11喇叭,,,,,
50922,蔚揽,(标配)Harman/Kardon哈曼卡顿,(标配)12喇叭,,(标配)30色,,,
67824,ID.6 CROZZ,,(标配)9喇叭,,,(标配),(标配),
67826,ID.6 CROZZ,,(标配)9喇叭,,,(标配),(标配),
67825,ID.6 CROZZ,(选配)Harman/Kardon哈曼卡顿,"(标配)9喇叭,(选配)12喇叭",,(标配)30色,(标配),(标配),
64678,ID.6 CROZZ,(选配)Harman/Kardon哈曼卡顿,"(标配)9喇叭,(选配)12喇叭",,(标配)30色,(标配),(标配),
62714,ID.6 X,,(标配)9喇叭,,(标配)单色,,(标配),
62716,ID.6 X,,(标配)9喇叭,,(标配)单色,,(标配),
62715,ID.6 X,(选配)Harman/Kardon哈曼卡顿,"(标配)9喇叭,(选配)12喇叭",,(标配)30色,,(标配),
69354,途观X,,(标配)8喇叭,,(标配)单色,,,
70633,ID.UNYX 与众,(选配)Harman/Kardon哈曼卡顿,"(标配)7喇叭,(选配)12喇叭",,(标配)多色,,(标配),
69174,ID.UNYX 与众,(标配)Harman/Kardon哈曼卡顿,(标配)12喇叭,,(标配)多色,,(标配),
69173,ID.UNYX 与众,(标配)Harman/Kardon哈曼卡顿,(标配)12喇叭,,(标配)多色,,(标配),
67640,探岳X,,(标配)6喇叭,,"(标配)单色,(选配)30色",,,
62195,探岳X,,(标配)8喇叭,,(标配)30色,,,
58500,探岳X,(标配)Harman/Kardon哈曼卡顿,(标配)10喇叭,,(标配)30色,,,
59533,帕萨特新能源,,(标配)8喇叭,,(标配)单色,,(标配),
59532,帕萨特新能源,,(标配)8喇叭,,(标配)10色,,(标配),
54800,迈腾GTE插电混动,,(标配)8喇叭,,(标配)单色,,,
54801,迈腾GTE插电混动,,(标配)8喇叭,,(标配)30色,,,
59087,途观L新能源,,(标配)8喇叭,,(标配)单色,,,
59086,途观L新能源,,(标配)8喇叭,,(标配)30色,,,
55512,途锐新能源,,(标配)10喇叭,,(标配)30色,,(标配),
66573,探岳GTE插电混动,,(标配)6喇叭,,"(标配)单色,(选配)30色",,,
71531,奥迪A6L,(选配)Bang & Olufsen,"(标配)10喇叭,(选配)16喇叭",,(标配)多色,,(标配),
71530,奥迪A6L,(选配)Bang & Olufsen,"(标配)10喇叭,(选配)16喇叭",,(标配)多色,,(标配),
72049,奥迪A6L,(选配)Bang & Olufsen,"(标配)10喇叭,(选配)16喇叭",,(标配)多色,,(标配),
71526,奥迪A6L,(选配)Bang & Olufsen,"(标配)10喇叭,(选配)16喇叭",,(标配)多色,,(标配),
71527,奥迪A6L,(标配)Bang & Olufsen,(标配)16喇叭,,(标配)多色,,(标配),
71995,奥迪A6L,(标配)Bang & Olufsen,(标配)16喇叭,,(标配)多色,,(标配),
71528,奥迪A6L,(标配)Bang & Olufsen,(标配)16喇叭,,(标配)多色,,(标配),
65347,奥迪Q5L,(选配)Bang & Olufsen,"(标配)10喇叭,(选配)19喇叭",,(标配)30色,,(标配),
68853,奥迪Q5L,(选配)Bang & Olufsen,"(标配)10喇叭,(选配)19喇叭",,(标配)30色,,(标配),
68852,奥迪Q5L,(选配)Bang & Olufsen,"(标配)10喇叭,(选配)19喇叭",,(标配)30色,,(标配),
68851,奥迪Q5L,(选配)Bang & Olufsen,"(标配)10喇叭,(选配)19喇叭",,(标配)30色,,(标配),
65348,奥迪Q5L,(标配)Bang & Olufsen,(标配)19喇叭,,(标配)30色,,(标配),
65351,奥迪Q5L,(标配)Bang & Olufsen,(标配)19喇叭,,(标配)30色,,(标配),
71980,奥迪Q5L,(标配)Bang & Olufsen,(标配)19喇叭,,(标配)30色,,(标配),
71981,奥迪Q5L,(标配)Bang & Olufsen,(标配)19喇叭,,(标配)30色,,(标配),
71982,奥迪Q5L,(选配)Bang & Olufsen,"(标配)10喇叭,(选配)19喇叭",,"(标配)单色,(选配)30色",,(标配),
71979,奥迪Q5L,(选配)Bang & Olufsen,"(标配)10喇叭,(选配)19喇叭",,(标配)30色,,(标配),
68854,奥迪Q5L,(选配)Bang & Olufsen,"(标配)10喇叭,(选配)19喇叭",,(标配)30色,,(标配),
65349,奥迪Q5L,(标配)Bang & Olufsen,(标配)19喇叭,,(标配)30色,,(标配),
65350,奥迪Q5L,(标配)Bang & Olufsen,(标配)19喇叭,,(标配)30色,,(标配),
65000,奥迪A4L,(选配)Bang & Olufsen,"(标配)10喇叭,(选配)19喇叭",,(标配)30色,,(标配),
69124,奥迪A4L,(选配)Bang & Olufsen,"(标配)10喇叭,(选配)19喇叭",,(标配)30色,,(标配),
65293,奥迪A4L,(标配)Bang & Olufsen,(标配)19喇叭,,(标配)30色,,(标配),
65296,奥迪A4L,(标配)Bang & Olufsen,(标配)19喇叭,,(标配)30色,,(标配),
69123,奥迪A4L,(选配)Bang & Olufsen,"(标配)10喇叭,(选配)19喇叭",,"(标配)单色,(选配)30色",,(标配),
65295,奥迪A4L,(选配)Bang & Olufsen,"(标配)10喇叭,(选配)19喇叭",,(标配)30色,,(标配),
69122,奥迪A4L,(标配)Bang & Olufsen,(标配)19喇叭,,(标配)30色,,(标配),
65294,奥迪A4L,(选配)Bang & Olufsen,"(标配)10喇叭,(选配)19喇叭",,(标配)30色,,(标配),
69125,奥迪A4L,(标配)Bang & Olufsen,(标配)19喇叭,,(标配)30色,,(标配),
70481,奥迪Q7,(选配)Bang & Olufsen,"(标配)10喇叭,(选配)19喇叭",,(标配)30色,,(标配),
68679,奥迪Q7,(标配)Bang & Olufsen,(标配)19喇叭,,(标配)30色,,(标配),
68681,奥迪Q7,(标配)Bang & Olufsen,(标配)19喇叭,,(标配)30色,,(标配),
68682,奥迪Q7,(标配)Bang & Olufsen,(标配)19喇叭,,(标配)30色,,(标配),
68680,奥迪Q7,(标配)Bang & Olufsen,"(标配)19喇叭,(选配)23喇叭",,(标配)30色,,(标配),
70931,奥迪Q7,(选配)Bang & Olufsen,"(标配)10喇叭,(选配)19喇叭",,(标配)30色,,(标配),
70483,奥迪Q7,(选配)Bang & Olufsen,"(标配)10喇叭,(选配)19喇叭",,(标配)30色,,(标配),
70480,奥迪Q7,(标配)Bang & Olufsen,(标配)19喇叭,,(标配)30色,,(标配),
70482,奥迪Q7,(标配)Bang & Olufsen,"(标配)19喇叭,(选配)23喇叭",,(标配)30色,,(标配),
68726,奥迪A3,(选配)SONOS,"(标配)8喇叭,(选配)15喇叭",,(选配)30色,,(标配),
70232,奥迪A3,(选配)SONOS,"(标配)8喇叭,(选配)15喇叭",,(标配)30色,,(标配),
64853,奥迪A3,(选配)SONOS,"(标配)8喇叭,(选配)15喇叭",,(标配)30色,,(标配),
64858,奥迪A3,(选配)SONOS,"(标配)8喇叭,(选配)15喇叭",,(选配)30色,,(标配),
69761,奥迪A3,(选配)SONOS,"(标配)8喇叭,(选配)15喇叭",,(标配)30色,,(标配),
64854,奥迪A3,(选配)SONOS,"(标配)8喇叭,(选配)15喇叭",,(标配)30色,,(标配),
64856,奥迪A3,(选配)Bang & Olufsen,"(标配)8喇叭,(选配)14喇叭",,(选配)30色,,(标配),
64859,奥迪A3,(选配)Bang & Olufsen,"(标配)8喇叭,(选配)14喇叭",,(选配)30色,,(标配),
69763,奥迪A3,(选配)Bang & Olufsen,"(标配)8喇叭,(选配)14喇叭",,(标配)30色,,(标配),
64857,奥迪A3,(选配)Bang & Olufsen,"(标配)8喇叭,(选配)14喇叭",,(标配)30色,,(标配),
64861,奥迪A3,(选配)Bang & Olufsen,"(标配)8喇叭,(选配)14喇叭",,(标配)30色,,(标配),
70233,奥迪A3,(选配)Bang & Olufsen,"(标配)8喇叭,(选配)14喇叭",,(标配)30色,,(标配),
64864,奥迪A3,(选配)Bang & Olufsen,"(标配)8喇叭,(选配)14喇叭",,(选配)30色,,(标配),
64863,奥迪A3,(选配)Bang & Olufsen,"(标配)8喇叭,(选配)14喇叭",,(选配)30色,,(标配),
64862,奥迪A3,(选配)Bang & Olufsen,"(标配)8喇叭,(选配)14喇叭",,(选配)30色,,(标配),
64855,奥迪A3,(选配)Bang & Olufsen,"(标配)8喇叭,(选配)14喇叭",,(标配)30色,,(标配),
69762,奥迪A3,(选配)Bang & Olufsen,"(标配)8喇叭,(选配)14喇叭",,(标配)30色,,(标配),
64860,奥迪A3,(选配)Bang & Olufsen,"(标配)8喇叭,(选配)14喇叭",,(标配)30色,,(标配),
64865,奥迪A3,(选配)Bang & Olufsen,"(标配)8喇叭,(选配)14喇叭",,(标配)30色,,(标配),
64866,奥迪A3,(选配)Bang & Olufsen,"(标配)8喇叭,(选配)14喇叭",,(标配)30色,,(标配),
66886,奥迪A7L,(选配)Bang & Olufsen,"(标配)10喇叭,(选配)16喇叭",,(标配)30色,,(标配),
66755,奥迪A7L,(标配)Bang & Olufsen,(标配)16喇叭,,(标配)30色,,(标配),
66790,奥迪A7L,(标配)Bang & Olufsen,(标配)16喇叭,,(标配)30色,,(标配),
66891,奥迪A7L,(标配)Bang & Olufsen,(标配)16喇叭,,(标配)30色,,(标配),
66890,奥迪A7L,(选配)Bang & Olufsen,"(标配)10喇叭,(选配)16喇叭",,(标配)30色,,(标配),
66887,奥迪A7L,(选配)Bang & Olufsen,"(标配)10喇叭,(选配)16喇叭",,(标配)30色,,(标配),
66889,奥迪A7L,(选配)Bang & Olufsen,"(标配)10喇叭,(选配)16喇叭",,(标配)30色,,(标配),
65482,奥迪A8,(选配)Bang & Olufsen,"(标配)10喇叭,(选配)17喇叭,(选配)23喇叭",,(标配)多色,,(标配),
64041,奥迪A8,(选配)Bang & Olufsen,"(标配)10喇叭,(选配)17喇叭,(选配)23喇叭",,(标配)多色,,(标配),
70490,奥迪A8,(标配)Bang & Olufsen,"(标配)17喇叭,(选配)23喇叭",,(标配)多色,,(标配),
64046,奥迪A8,(标配)Bang & Olufsen,(标配)23喇叭,,(标配)多色,,(标配),
70485,奥迪A8,(标配)Bang & Olufsen,(标配)23喇叭,,(标配)多色,,(标配),
64045,奥迪A8,(选配)Bang & Olufsen,"(标配)10喇叭,(选配)17喇叭,(选配)23喇叭",,(标配)多色,,(标配),
67356,奥迪A8,(选配)Bang & Olufsen,"(标配)10喇叭,(选配)17喇叭,(选配)23喇叭",,(标配)多色,,(标配),
64043,奥迪A8,(标配)Bang & Olufsen,"(标配)17喇叭,(选配)23喇叭",,(标配)多色,,(标配),
70489,奥迪A8,(标配)Bang & Olufsen,"(标配)17喇叭,(选配)23喇叭",,(标配)多色,,(标配),
70484,奥迪A8,(标配)Bang & Olufsen,"(标配)17喇叭,(选配)23喇叭",,(标配)多色,,(标配),
64042,奥迪A8,(标配)Bang & Olufsen,(标配)23喇叭,,(标配)多色,,(标配),
64047,奥迪A8,(标配)Bang & Olufsen,(标配)23喇叭,,(标配)多色,,(标配),
70487,奥迪A8,(标配)Bang & Olufsen,(标配)23喇叭,,(标配)多色,,(标配),
64044,奥迪A8,(标配)Bang & Olufsen,(标配)23喇叭,,(标配)多色,,(标配),
70865,奥迪A6(进口),(选配)Bang & Olufsen,"(选配)≥12喇叭,(标配)10-11喇叭",,(标配)30色,,(标配),
70866,奥迪A6(进口),(标配)Bang & Olufsen,(标配)≥12喇叭,,(标配)30色,,(标配),
69186,奥迪A6(进口),(选配)Bang & Olufsen,"(选配)≥12喇叭,(标配)10-11喇叭",,(标配)30色,,(标配),
65706,奥迪A6(进口),(标配)Bang & Olufsen,(标配)≥12喇叭,,(标配)30色,,(标配),
65707,奥迪A6(进口),(选配)Bang & Olufsen,"(选配)≥12喇叭,(标配)10-11喇叭",,(标配)30色,,(标配),
69185,奥迪A6(进口),(选配)Bang & Olufsen,"(选配)≥12喇叭,(标配)10-11喇叭",,(标配)30色,,(标配),
65002,奥迪Q3,(选配)SONOS,(选配)12喇叭,,(标配)30色,,,
63974,奥迪Q3,(选配)SONOS,(选配)12喇叭,,(标配)30色,,,
63985,奥迪Q3,(选配)SONOS,(选配)12喇叭,,(标配)30色,,,
63983,奥迪Q3,(选配)SONOS,(选配)12喇叭,,(标配)30色,,,
63986,奥迪Q3,(选配)SONOS,(选配)12喇叭,,(标配)30色,,,
63984,奥迪Q3,(选配)SONOS,(选配)12喇叭,,(标配)30色,,,
63988,奥迪Q3,(选配)SONOS,(选配)12喇叭,,(标配)30色,,,
63989,奥迪Q3,(选配)SONOS,(选配)12喇叭,,(标配)30色,,,
63987,奥迪Q3,(选配)SONOS,(选配)12喇叭,,(标配)30色,,,
63724,奥迪Q3,(选配)SONOS,(选配)12喇叭,,(标配)30色,,,
64926,奥迪Q6,(选配)Bang & Olufsen,"(标配)10喇叭,(选配)14喇叭",,(标配)单色,,,
66295,奥迪Q6,(选配)Bang & Olufsen,"(标配)10喇叭,(选配)14喇叭",,(标配)30色,,,
64920,奥迪Q6,(选配)Bang & Olufsen,"(标配)10喇叭,(选配)14喇叭",,(标配)单色,,,
64916,奥迪Q6,(选配)Bang & Olufsen,"(标配)10喇叭,(选配)14喇叭",,(标配)30色,,,
64915,奥迪Q6,(选配)Bang & Olufsen,"(标配)10喇叭,(选配)14喇叭",,(标配)30色,,,
64925,奥迪Q6,(选配)Bang & Olufsen,"(标配)10喇叭,(选配)14喇叭",,(标配)30色,,,
66294,奥迪Q6,(选配)Bang & Olufsen,"(标配)10喇叭,(选配)14喇叭",,(标配)30色,,,
64913,奥迪Q6,(选配)Bang & Olufsen,"(标配)10喇叭,(选配)14喇叭",,(标配)30色,,,
64919,奥迪Q6,,(标配)10喇叭,,(标配)30色,,,
64918,奥迪Q6,(标配)Bang & Olufsen,(标配)14喇叭,,(标配)30色,,,
64922,奥迪Q6,(标配)Bang & Olufsen,(标配)14喇叭,,(标配)30色,,,
64917,奥迪Q6,(选配)Bang & Olufsen,"(标配)10喇叭,(选配)14喇叭",,(标配)30色,,,
64914,奥迪Q6,(选配)Bang & Olufsen,"(标配)10喇叭,(选配)14喇叭",,(标配)30色,,,
64921,奥迪Q6,(标配)Bang & Olufsen,(标配)14喇叭,,(标配)30色,,,
64927,奥迪Q6,(标配)Bang & Olufsen,(标配)14喇叭,,(标配)30色,,,
65914,奥迪Q6,(标配)Bang & Olufsen,(标配)14喇叭,,(标配)30色,,,
64923,奥迪Q6,(标配)Bang & Olufsen,(标配)14喇叭,,(标配)30色,,,
64928,奥迪Q6,(标配)Bang & Olufsen,(标配)14喇叭,,(标配)30色,,,
64924,奥迪Q6,(标配)Bang & Olufsen,(标配)14喇叭,,(标配)30色,,,
70824,奥迪A7,(标配)Bang & Olufsen,"(标配)16喇叭,(选配)23喇叭",,(标配)30色,,(标配),
70823,奥迪A7,(标配)Bang & Olufsen,"(标配)16喇叭,(选配)23喇叭",,(标配)30色,,(标配),
65818,奥迪A7,(标配)Bang & Olufsen,"(标配)16喇叭,(选配)23喇叭",,(标配)30色,,(标配),
65819,奥迪A7,(标配)Bang & Olufsen,"(标配)16喇叭,(选配)23喇叭",,(标配)30色,,(标配),
65855,奥迪A7,(标配)Bang & Olufsen,"(标配)16喇叭,(选配)23喇叭",,(标配)30色,,(标配),
70825,奥迪A7,(标配)Bang & Olufsen,"(标配)16喇叭,(选配)23喇叭",,(标配)30色,,(标配),
66015,奥迪A5(进口),(选配)Bang & Olufsen,"(标配)10喇叭,(选配)19喇叭",,(标配)30色,,(标配),
66014,奥迪A5(进口),(标配)Bang & Olufsen,(标配)19喇叭,,(标配)30色,,(标配),
66013,奥迪A5(进口),(标配)Bang & Olufsen,(标配)19喇叭,,(标配)30色,,(标配),
66011,奥迪A5(进口),(选配)Bang & Olufsen,"(标配)10喇叭,(选配)19喇叭",,(标配)30色,,(标配),
66012,奥迪A5(进口),(选配)Bang & Olufsen,"(标配)10喇叭,(选配)19喇叭",,(标配)30色,,(标配),
71277,奥迪Q2L,(选配)SONOS,"(标配)8喇叭,(选配)14喇叭",,(标配)10色,,(标配),
70132,奥迪Q2L,(选配)SONOS,"(标配)8喇叭,(选配)14喇叭",,(标配)10色,,(标配),
71275,奥迪Q2L,(选配)SONOS,"(标配)8喇叭,(选配)14喇叭",,(标配)10色,,(标配),
70131,奥迪Q2L,(选配)SONOS,"(标配)8喇叭,(选配)14喇叭",,(标配)10色,,(标配),
71276,奥迪Q2L,(选配)SONOS,"(标配)8喇叭,(选配)14喇叭",,(标配)10色,,(标配),
71274,奥迪Q2L,(标配)SONOS,(标配)14喇叭,,(标配)10色,,(标配),
71273,奥迪Q2L,(标配)SONOS,(标配)14喇叭,,(标配)10色,,(标配),
69018,奥迪Q8,(选配)Bang & Olufsen,"(标配)10喇叭,(选配)16喇叭",,(标配)30色,,(标配),
64630,奥迪Q8,(标配)Bang & Olufsen,(标配)16喇叭,,(标配)30色,,(标配),
69019,奥迪Q8,(标配)Bang & Olufsen,(标配)16喇叭,,(标配)30色,,(标配),
69020,奥迪Q8,(标配)Bang & Olufsen,"(标配)16喇叭,(选配)23喇叭",,(标配)30色,,(标配),
64252,奥迪S4,(标配)Bang & Olufsen,(标配)≥12喇叭,,(标配)30色,,(标配),
64253,奥迪S4,(标配)Bang & Olufsen,(标配)19喇叭,,(标配)30色,,(标配),
65951,奥迪A4(进口),(选配)Bang & Olufsen,"(标配)8喇叭,(选配)19喇叭",,(标配)单色,,(标配),
65961,奥迪A4(进口),(标配)Bang & Olufsen,(标配)19喇叭,,(标配)30色,,(标配),
62273,奥迪Q5 e-tron,,(标配)7喇叭,,"(标配)单色,(选配)30色",,(标配),
62272,奥迪Q5 e-tron,,(标配)7喇叭,,"(标配)单色,(选配)30色",,(标配),
62271,奥迪Q5 e-tron,(选配)Bang & Olufsen,"(标配)7喇叭,(选配)13喇叭",,"(标配)单色,(选配)30色",,(标配),
68572,奥迪Q5 e-tron,(选配)Bang & Olufsen,"(标配)7喇叭,(选配)13喇叭",,"(标配)单色,(选配)30色",,(标配),
62270,奥迪Q5 e-tron,(选配)Bang & Olufsen,"(标配)7喇叭,(选配)13喇叭",,"(标配)单色,(选配)30色",,(标配),
62267,奥迪Q5 e-tron,(选配)Bang & Olufsen,"(标配)7喇叭,(选配)13喇叭",,"(标配)单色,(选配)30色",,(标配),
68571,奥迪Q5 e-tron,(标配)Bang & Olufsen,(标配)13喇叭,,(标配)单色,,(标配),
62274,奥迪Q5 e-tron,(标配)Bang & Olufsen,(标配)13喇叭,,(标配)单色,,(标配),
62268,奥迪Q5 e-tron,(标配)Bang & Olufsen,(标配)13喇叭,,(标配)单色,,(标配),
62269,奥迪Q5 e-tron,(标配)Bang & Olufsen,(标配)13喇叭,,"(标配)单色,(选配)30色",,(标配),
62278,奥迪Q5 e-tron,(标配)Bang & Olufsen,(标配)13喇叭,,"(标配)单色,(选配)30色",,(标配),
62277,奥迪Q5 e-tron,(标配)Bang & Olufsen,(标配)13喇叭,,"(标配)单色,(标配)30色",,(标配),
62276,奥迪Q5 e-tron,(标配)Bang & Olufsen,(标配)13喇叭,,"(标配)单色,(标配)30色",,(标配),
62275,奥迪Q5 e-tron,(标配)Bang & Olufsen,(标配)13喇叭,,"(标配)单色,(标配)30色",,(标配),
65049,奥迪Q4 e-tron,(选配)SONOS,"(选配)≥12喇叭,(标配)8-9喇叭",,(标配)多色,,(标配),
65051,奥迪Q4 e-tron,(选配)SONOS,"(选配)≥12喇叭,(标配)8-9喇叭",,(标配)多色,,(标配),
65050,奥迪Q4 e-tron,(选配)SONOS,"(选配)≥12喇叭,(标配)8-9喇叭",,(标配)多色,,(标配),
65047,奥迪Q4 e-tron,(标配)SONOS,(标配)≥12喇叭,,(标配)多色,,(标配),
69007,奥迪Q5L Sportback,(选配)Bang & Olufsen,"(标配)10喇叭,(选配)19喇叭",,(标配)30色,,(标配),
65465,奥迪Q5L Sportback,(选配)Bang & Olufsen,"(标配)10喇叭,(选配)19喇叭",,(标配)30色,,(标配),
65467,奥迪Q5L Sportback,(标配)Bang & Olufsen,(标配)19喇叭,,(标配)30色,,(标配),
65466,奥迪Q5L Sportback,(选配)Bang & Olufsen,"(标配)10喇叭,(选配)19喇叭",,(标配)30色,,(标配),
71978,奥迪Q5L Sportback,(选配)Bang & Olufsen,"(标配)10喇叭,(选配)19喇叭",,(标配)30色,,(标配),
69008,奥迪Q5L Sportback,(标配)Bang & Olufsen,(标配)19喇叭,,(标配)30色,,(标配),
66263,奥迪RS 7,(标配)Bang & Olufsen,"(标配)≥12喇叭,(选配)19喇叭",,(标配)30色,,(标配),
66265,奥迪RS 6,(标配)Bang & Olufsen,(标配)17喇叭,,(标配)30色,,(标配),
66639,奥迪RS 6,(标配)Bang & Olufsen,"(标配)≥12喇叭,(选配)19喇叭",,(标配)30色,,(标配),
66009,奥迪S5,(标配)Bang & Olufsen,(标配)19喇叭,,(标配)多色,,(标配),
66010,奥迪S5,(标配)Bang & Olufsen,(标配)19喇叭,,(标配)多色,,(标配),
66008,奥迪S5,(标配)Bang & Olufsen,(标配)19喇叭,,(标配)多色,,(标配),
66276,奥迪RS 4,(标配)Bang & Olufsen,(标配)14喇叭,,(标配)30色,,(标配),
66275,奥迪RS 4,(标配)Bang & Olufsen,(标配)14喇叭,,(标配)30色,,(标配),
66274,奥迪RS 4,(标配)Bang & Olufsen,(标配)14喇叭,,(标配)30色,,(标配),
71606,奥迪RS Q8,(标配)Bang & Olufsen,(标配)23喇叭,,(标配)30色,,(标配),
55117,奥迪RS Q8,(标配)Bang & Olufsen,"(标配)16喇叭,(选配)23喇叭",,(标配)30色,,(标配),
66268,奥迪RS 5,(标配)Bang & Olufsen,(标配)19喇叭,,(标配)30色,,(标配),
66267,奥迪RS 5,(标配)Bang & Olufsen,(标配)19喇叭,,(标配)30色,,(标配),
66269,奥迪RS 5,(标配)Bang & Olufsen,(标配)19喇叭,,(标配)30色,,(标配),
66270,奥迪RS 5,(标配)Bang & Olufsen,(标配)19喇叭,,(标配)30色,,(标配),
66271,奥迪RS 5,(标配)Bang & Olufsen,(标配)19喇叭,,(标配)30色,,(标配),
66272,奥迪RS 5,(标配)Bang & Olufsen,(标配)19喇叭,,(标配)30色,,(标配),
63435,奥迪SQ5,(标配)Bang & Olufsen,(标配)19喇叭,,(标配)30色,,(标配),
66921,奥迪SQ5,(标配)Bang & Olufsen,(标配)19喇叭,,(标配)30色,,(标配),
64048,奥迪S8,(标配)Bang & Olufsen,(标配)23喇叭,,(标配)多色,,(标配),
70491,奥迪S8,(标配)Bang & Olufsen,(标配)23喇叭,,(标配)多色,,(标配),
63981,奥迪Q3 Sportback,(选配)SONOS,"(选配)≥12喇叭,(标配)10-11喇叭",,(标配)30色,,,
63979,奥迪Q3 Sportback,(选配)SONOS,"(选配)≥12喇叭,(标配)10-11喇叭",,(标配)30色,,,
63982,奥迪Q3 Sportback,(选配)SONOS,"(选配)≥12喇叭,(标配)10-11喇叭",,(标配)30色,,,
63975,奥迪Q3 Sportback,(选配)SONOS,"(选配)≥12喇叭,(标配)10-11喇叭",,(标配)30色,,,
63980,奥迪Q3 Sportback,(选配)SONOS,"(选配)≥12喇叭,(标配)10-11喇叭",,(标配)30色,,,
63692,奥迪e-tron GT,(标配)Bang & Olufsen,(标配)16喇叭,,(标配)多色,,,
65368,奥迪SQ7,(标配)Bang & Olufsen,(标配)23喇叭,,(标配)30色,,(标配),
68828,奥迪SQ7,(标配)Bang & Olufsen,"(标配)19喇叭,(选配)23喇叭,(标配)待查",,(标配)30色,,(标配),
67100,奥迪S6,(标配)Bang & Olufsen,"(标配)16喇叭,(选配)19喇叭",,(标配)多色,,(标配),
61540,奥迪S6,(标配)Bang & Olufsen,"(标配)16喇叭,(选配)19喇叭",,(标配)多色,,(标配),
57861,奥迪S7,(标配)Bang & Olufsen,"(标配)≥12喇叭,(选配)19喇叭",,(标配)30色,,(标配),
65820,奥迪S7,(标配)Bang & Olufsen,"(标配)≥12喇叭,(选配)19喇叭",,(标配)30色,,(标配),
65055,奥迪S7,(标配)Bang & Olufsen,"(标配)≥12喇叭,(选配)19喇叭",,(标配)30色,,(标配),
55144,奥迪Q2L e-tron,(选配)SONOS,"(标配)6喇叭,(选配)8喇叭,(选配)14喇叭",,(标配)10色,,(标配),
60410,奥迪RS e-tron GT,(标配)Bang & Olufsen,(标配)待查,,(标配)多色,,,
59025,奥迪SQ5 Sportback,(标配)Bang & Olufsen,(标配)19喇叭,,(标配)30色,,(标配),
67867,奥迪SQ5 Sportback,(标配)Bang & Olufsen,(标配)19喇叭,,(标配)30色,,(标配),
72191,雅阁,,(标配)4喇叭,,,,(标配),
70027,雅阁,,(标配)8喇叭,,(标配)多色,,(标配),
70014,雅阁,(标配)BOSE,(标配)12喇叭,,(标配)多色,,(标配),
72256,雅阁,,(标配)4喇叭,,,,(标配),
70028,雅阁,,(标配)8喇叭,,(标配)多色,,(标配),
70026,雅阁,(标配)BOSE,(标配)12喇叭,,(标配)多色,,(标配),
72124,雅阁,(标配)BOSE,(标配)12喇叭,,(标配)多色,,(标配),
71939,本田CR-V,,(标配)8喇叭,,,,,
63479,本田CR-V,,(标配)8喇叭,,,,,
71936,本田CR-V,,(标配)4喇叭,,,,(标配),
63480,本田CR-V,,(标配)8喇叭,,,,(标配),
67569,本田CR-V,,(标配)8喇叭,,,,(标配),
61271,本田CR-V,,(标配)8喇叭,,,,(标配),
71938,本田CR-V,,(标配)8喇叭,,,,(标配),
71942,本田CR-V,,(标配)8喇叭,,,,(标配),
71937,本田CR-V,(标配)BOSE,(标配)12喇叭,,(标配)单色,,(标配),
71941,本田CR-V,,(标配)4喇叭,,,,,
71940,本田CR-V,,(标配)4喇叭,,,,,
67568,本田CR-V,(标配)BOSE,(标配)12喇叭,,(标配)单色,,,
60767,思域,,(标配)2喇叭,,,,,
59054,思域,,(标配)2喇叭,,,,,
58217,思域,,(标配)8喇叭,,,,,
53177,思域,,(标配)8喇叭,,(标配)单色,,,
59067,思域,(标配)BOSE,(标配)12喇叭,,(标配)单色,,,
72008,思域,,(标配)8喇叭,,,,,
71955,思域,,(标配)8喇叭,,(标配)单色,,,
53219,思域,,(标配)8喇叭,,(标配)单色,,,
72011,思域,,(标配)8喇叭,,,,,
53268,思域,,(标配)8喇叭,,(标配)单色,,,
69138,思域,(标配)BOSE,(标配)12喇叭,,(标配)单色,,,
53266,思域,,(标配)8喇叭,,,,,
59069,思域,,(标配)8喇叭,,(标配)单色,,,
58216,思域,,(标配)8喇叭,,,,,
72009,思域,,(标配)8喇叭,,,,,
59068,思域,,(标配)8喇叭,,,,,
71954,思域,,(标配)8喇叭,,,,,
61020,思域,,(标配)8喇叭,,(标配)单色,,,
53267,思域,,(标配)8喇叭,,(标配)单色,,,
57610,思域,,(标配)8喇叭,,(标配)单色,,,
56676,思域,,(标配)2喇叭,,,,,
62373,思域,,(标配)8喇叭,,,,,
57576,思域,,(标配)8喇叭,,,,,
53265,思域,,(标配)8喇叭,,,,,
57577,思域,,(标配)8喇叭,,(标配)单色,,,
69140,思域,,(标配)8喇叭,,,,,
72010,思域,,(标配)8喇叭,,(标配)单色,,,
63458,奥德赛,,(标配)2喇叭,,,,,
63455,奥德赛,,(标配)6喇叭,,,,,
63453,奥德赛,,(标配)6喇叭,,,,,
63457,奥德赛,,(标配)6喇叭,,,,,
63454,奥德赛,,(标配)6喇叭,,,,,
63459,奥德赛,,(标配)6喇叭,,,,,
63456,奥德赛,,(标配)10喇叭,,(标配),,,
70326,皓影,,(标配)4喇叭,,,,(标配),
70317,皓影,,(标配)8喇叭,,,,(标配),
70319,皓影,,(标配)8喇叭,,,,(标配),
70322,皓影,(标配)BOSE,(标配)12喇叭,,,,(标配),
70325,皓影,(标配)BOSE,(标配)12喇叭,,(标配)单色,,(标配),
70324,皓影,,(标配)4喇叭,,,,(标配),
70323,皓影,,(标配)8喇叭,,,,(标配),
70321,皓影,,(标配)8喇叭,,,,(标配),
70320,皓影,(标配)BOSE,(标配)12喇叭,,,,(标配),
70318,皓影,(标配)BOSE,(标配)12喇叭,,(标配)单色,,(标配),
63833,艾力绅,,(标配)待查,,(标配)单色,,,
63832,艾力绅,,(标配)6喇叭,,(标配)单色,,,
63830,艾力绅,,(标配)6喇叭,,(标配)单色,,,
63831,艾力绅,,(标配)6喇叭,,(标配)单色,,,
58225,型格,,(标配)2喇叭,,,,,
60060,型格,(选配)BOSE,"(标配)8喇叭,(选配)12喇叭",,(选配)单色,,,
62353,型格,(标配)BOSE,(标配)12喇叭,,(标配)单色,,,
65960,型格,,(标配)2喇叭,,,,,
60057,型格,(选配)BOSE,"(标配)8喇叭,(选配)12喇叭",,(选配)单色,,,
61495,型格,,(标配)2喇叭,,,,,
60062,型格,(标配)BOSE,(标配)12喇叭,,(标配)单色,,,
72192,型格,,(标配)8喇叭,,,,,
72258,型格,,(标配)8喇叭,,,,,
72259,型格,,(标配)8喇叭,,(标配)单色,,,
62348,型格,(标配)BOSE,(标配)12喇叭,,(标配)单色,,,
62347,型格,,(标配)8喇叭,,,,,
58226,型格,,(标配)8喇叭,,(标配)单色,,,
62352,型格,,(标配)2喇叭,,,,,
72260,型格,,(标配)8喇叭,,,,,
60058,型格,,(标配)8喇叭,,(标配)单色,,,
72123,型格,(标配)BOSE,(标配)12喇叭,,(标配)单色,,,
62350,型格,,(标配)2喇叭,,,,,
58227,型格,,(标配)8喇叭,,,,,
62351,型格,,(标配)8喇叭,,,,,
72261,型格,,(标配)8喇叭,,,,,
72122,型格,,(标配)8喇叭,,(标配)单色,,,
60061,型格,,(标配)8喇叭,,(标配)单色,,,
62346,型格,,(标配)8喇叭,,(标配)单色,,,
62349,型格,(标配)BOSE,(标配)12喇叭,,(标配)单色,,,
71217,英仕派,,(标配)4喇叭,,,,(标配),
71216,英仕派,,(标配)8喇叭,,,,(标配),
71218,英仕派,(标配)BOSE,(标配)12喇叭,,(标配)多色,,(标配),
62889,飞度,,(标配)2喇叭,,,,,
65959,飞度,,(标配)2喇叭,,,,,
62474,飞度,,(标配)4喇叭,,,,,
62888,飞度,,(标配)4喇叭,,,,,
62887,飞度,,(标配)4喇叭,,,,,
62890,飞度,,(标配)4喇叭,,,,,
64098,冠道,,(标配)7喇叭,,,,,
64093,冠道,,(标配)7喇叭,,,,,
64094,冠道,,(标配)7喇叭,,,,,
63965,冠道,,(标配)7喇叭,,(标配)单色,,,
64092,冠道,,(标配)12喇叭,,(标配)单色,,,
64097,冠道,,(标配)12喇叭,,(标配)单色,,,
64096,冠道,,(标配)12喇叭,,(标配)单色,,,
64095,冠道,,(标配)12喇叭,,(标配)单色,,,
65361,本田XR-V,,(标配)4喇叭,,,,,
64446,本田XR-V,,(标配)4喇叭,,,,,
64445,本田XR-V,,(标配)4喇叭,,,,,
64444,本田XR-V,,(标配)4喇叭,,,,,
64447,本田XR-V,,(标配)4喇叭,,,,,
69196,本田UR-V,,(标配)7喇叭,,,,,
63511,本田UR-V,,(标配)7喇叭,,(标配)单色,,,
63510,本田UR-V,,(标配)7喇叭,,(标配)单色,,,
69197,本田UR-V,,(标配)7喇叭,,(标配)单色,,,
63514,本田UR-V,,(标配)7喇叭,,(标配)单色,,,
63512,本田UR-V,,(标配)12喇叭,,(标配)单色,,,
63513,本田UR-V,,(标配)12喇叭,,(标配)单色,,,
69198,本田UR-V,,(标配)12喇叭,,(标配)单色,,,
69203,本田UR-V,,(标配)7喇叭,,,,,
69200,本田UR-V,,(标配)7喇叭,,(标配)单色,,,
69201,本田UR-V,,(标配)7喇叭,,(标配)单色,,,
63509,本田UR-V,,(标配)7喇叭,,(标配)单色,,,
69199,本田UR-V,,(标配)7喇叭,,(标配)单色,,,
69202,本田UR-V,,(标配)12喇叭,,(标配)单色,,,
63497,本田UR-V,,(标配)12喇叭,,(标配)单色,,,
54076,本田UR-V,,(标配)12喇叭,,(标配)单色,,,
58208,本田HR-V,,(标配)8喇叭,,(标配)单色,,(标配),
58207,本田HR-V,,(标配)8喇叭,,,,(标配),
62493,本田HR-V,,(标配)8喇叭,,(标配)10色,,(标配),
62490,本田HR-V,(标配)BOSE,(标配)12喇叭,,(标配)10色,,(标配),
62492,本田HR-V,(标配)BOSE,(标配)12喇叭,,(标配)10色,,(标配),
62494,本田HR-V,,(标配)8喇叭,,,,(标配),
58209,本田HR-V,,(标配)8喇叭,,,,(标配),
67567,本田HR-V,,(标配)8喇叭,,(标配)单色,,(标配),
60968,本田HR-V,(标配)BOSE,(标配)12喇叭,,(标配)单色,,(标配),
63162,雅阁新能源,,(标配)8喇叭,,(标配)多色,,,
66585,雅阁新能源,,(标配)8喇叭,,(标配)多色,,,
61278,雅阁新能源,(标配)BOSE,(标配)12喇叭,,(标配)多色,,,
63163,雅阁新能源,(标配)BOSE,(标配)12喇叭,,(标配)多色,,,
72619,广汽Honda P7,,(标配)8喇叭,,(标配)多色,,,
71067,广汽Honda P7,(标配)BOSE,(标配)16喇叭,,(标配)多色,,,
67766,广汽Honda P7,(标配)BOSE,(标配)16喇叭,,(标配)多色,,,
69876,缤智,,(标配)4喇叭,,,,,
58214,缤智,,(标配)4喇叭,,,,,
58212,缤智,,(标配)4喇叭,,,,,
61952,缤智,,(标配)4喇叭,,,,,
58213,缤智,,(标配)4喇叭,,,,,
63257,凌派,,(标配)4喇叭,,,,,
63260,凌派,,(标配)4喇叭,,,,,
63259,凌派,,(标配)8喇叭,,,,,
63258,凌派,,(标配)4喇叭,,,,,
63255,凌派,,(标配)4喇叭,,,,,
63256,凌派,,(标配)8喇叭,,,,,
67767,东风本田S7,(选配)BOSE,"(标配)8喇叭,(选配)16喇叭",,(标配)多色,(标配),,
71976,东风本田S7,(标配)BOSE,(标配)16喇叭,,(标配)多色,(标配),,
61017,思域(进口),(标配)BOSE,(标配)12喇叭,,(标配)单色,,,
59442,本田CR-V新能源,,(标配)8喇叭,,(标配)单色,,(标配),
59426,本田CR-V新能源,,(标配)8喇叭,,(标配)单色,,(标配),
59443,本田CR-V新能源,(标配)BOSE,(标配)12喇叭,,(标配)单色,,(标配),
61233,LIFE,,(标配)2喇叭,,,,,
61230,LIFE,,(标配)2喇叭,,,,,
61232,LIFE,,(标配)4喇叭,,,,,
61231,LIFE,,(标配)4喇叭,,,,,
56263,享域,,(标配)4喇叭,,,,,
56261,享域,,(标配)4喇叭,,,,,
56245,享域,,(标配)4喇叭,,,,,
56264,享域,,(标配)8喇叭,,,,,
56262,享域,,(标配)4喇叭,,,,,
56266,享域,,(标配)4喇叭,,,,,
56265,享域,,(标配)4喇叭,,,,,
56243,享域,,(标配)8喇叭,,,,,
60089,ZR-V 致在,,(标配)8喇叭,,,,(标配),
61681,ZR-V 致在,,(标配)8喇叭,,(标配)10色,,(标配),
59200,ZR-V 致在,(标配)BOSE,(标配)12喇叭,,(标配)10色,,(标配),
56936,ZR-V 致在,(标配)BOSE,(标配)12喇叭,,(标配)10色,,(标配),
57092,ZR-V 致在,,(标配)8喇叭,,,,(标配),
62515,ZR-V 致在,,(标配)8喇叭,,(标配)单色,,(标配),
61680,ZR-V 致在,,(标配)8喇叭,,,,(标配),
60088,ZR-V 致在,,(标配)8喇叭,,(标配)单色,,(标配),
59188,ZR-V 致在,(标配)BOSE,(标配)12喇叭,,(标配)单色,,(标配),
70327,皓影新能源,,(标配)8喇叭,,,,,
70329,皓影新能源,(标配)BOSE,(标配)10喇叭,,(标配)单色,,,
70328,皓影新能源,(标配)BOSE,(标配)10喇叭,,(标配)单色,,,
66474,e:NP2 极湃2,(选配)BOSE,"(标配)6喇叭,(选配)12喇叭",,(标配)多色,,(标配),
63681,英仕派新能源,(标配)BOSE,(标配)12喇叭,,,,(标配),
61886,英仕派新能源,(标配)BOSE,(标配)12喇叭,,(标配)多色,,(标配),
53666,本田e:NS1,,(标配)4喇叭,,(标配)单色,,,
56138,本田e:NS1,,(标配)6喇叭,,(标配)单色,,(标配),
56791,本田e:NS1,,(标配)6喇叭,,(标配)单色,,(标配),
56565,本田e:NS1,(标配)BOSE,(标配)12喇叭,,(标配)单色,,(标配),
57030,e:NP1 极湃1,,(标配)4喇叭,,(标配)单色,,,
57412,e:NP1 极湃1,,(标配)6喇叭,,(标配)单色,,(标配),
57414,e:NP1 极湃1,,(标配)6喇叭,,(标配)单色,,(标配),
57415,e:NP1 极湃1,(标配)BOSE,(标配)12喇叭,,(标配)单色,,(标配),
68032,猎光e:NS2,,(标配)6喇叭,,(标配)多色,,(标配),
68031,猎光e:NS2,,(标配)6喇叭,,(标配)多色,,(标配),
68033,猎光e:NS2,(标配)BOSE,(标配)12喇叭,,(标配)多色,,(标配),
66473,猎光e:NS2,(标配)BOSE,(标配)12喇叭,,(标配)多色,,(标配),
62661,Cayenne,"(选配)BOSE,(选配)Burmester柏林之声","(标配)10喇叭,(选配)14喇叭,(选配)21喇叭",,(标配)7色,,,
68389,Cayenne,"(选配)BOSE,(选配)Burmester柏林之声","(标配)10喇叭,(选配)14喇叭,(选配)21喇叭",,(标配)7色,,,
68388,Cayenne,"(选配)BOSE,(选配)Burmester柏林之声","(标配)10喇叭,(选配)14喇叭,(选配)21喇叭",,(标配)7色,,,
62548,Cayenne,"(选配)BOSE,(选配)Burmester柏林之声","(标配)10喇叭,(选配)14喇叭,(选配)21喇叭",,(选配)7色,,,
62549,Cayenne,"(选配)BOSE,(选配)Burmester柏林之声","(标配)10喇叭,(选配)14喇叭,(选配)21喇叭",,(标配)7色,,,
68387,Cayenne,"(选配)BOSE,(选配)Burmester柏林之声","(标配)10喇叭,(选配)14喇叭,(选配)21喇叭",,(标配)7色,,,
56905,Panamera,"(标配)BOSE,(选配)Burmester柏林之声","(标配)14喇叭,(选配)21喇叭",,(选配)7色,,,
64337,Panamera,"(标配)BOSE,(选配)Burmester柏林之声","(标配)14喇叭,(选配)21喇叭",,(标配)7色,,,
56897,Panamera,"(标配)BOSE,(选配)Burmester柏林之声","(标配)14喇叭,(选配)21喇叭",,(标配)7色,,,
59231,Panamera,"(标配)BOSE,(选配)Burmester柏林之声","(标配)14喇叭,(选配)21喇叭",,(标配)7色,,,
56901,Panamera,"(选配)BOSE,(选配)Burmester柏林之声","(标配)10喇叭,(选配)14喇叭,(选配)21喇叭",,(选配)7色,,,
56909,Panamera,"(标配)BOSE,(选配)Burmester柏林之声","(标配)14喇叭,(选配)21喇叭",,(选配)7色,,,
69214,Panamera,"(选配)BOSE,(选配)Burmester柏林之声","(标配)10喇叭,(选配)14喇叭,(选配)21喇叭",,(标配)7色,,,
59232,Panamera,"(标配)BOSE,(选配)Burmester柏林之声","(标配)14喇叭,(选配)21喇叭",,(标配)7色,,,
56908,Panamera,"(选配)BOSE,(选配)Burmester柏林之声","(标配)10喇叭,(选配)14喇叭,(选配)21喇叭",,(选配)7色,,,
56899,Panamera,"(选配)BOSE,(选配)Burmester柏林之声","(标配)10喇叭,(选配)14喇叭,(选配)21喇叭",,(标配)7色,,,
59230,Panamera,"(标配)BOSE,(选配)Burmester柏林之声","(标配)14喇叭,(选配)21喇叭",,(标配)7色,,,
66024,Panamera,"(标配)BOSE,(选配)Burmester柏林之声","(标配)14喇叭,(选配)21喇叭",,(选配)7色,,,
56907,Panamera,"(标配)BOSE,(选配)Burmester柏林之声","(标配)14喇叭,(选配)21喇叭",,(选配)7色,,,
66023,Panamera,"(标配)BOSE,(选配)Burmester柏林之声","(标配)14喇叭,(选配)21喇叭",,(标配)7色,,,
56904,Panamera,"(标配)BOSE,(选配)Burmester柏林之声","(标配)14喇叭,(选配)21喇叭",,(选配)7色,,,
56902,Panamera,"(标配)BOSE,(选配)Burmester柏林之声","(标配)14喇叭,(选配)21喇叭",,(标配)7色,,,
56906,Panamera,"(标配)BOSE,(选配)Burmester柏林之声","(标配)14喇叭,(选配)21喇叭",,(标配)7色,,,
62370,Macan,"(选配)BOSE,(选配)Burmester柏林之声","(标配)8喇叭,(选配)14喇叭,(选配)16喇叭",,(标配),,,
62371,Macan,"(选配)BOSE,(选配)Burmester柏林之声","(标配)8喇叭,(选配)14喇叭,(选配)16喇叭",,(标配),,,
62372,Macan,"(选配)BOSE,(选配)Burmester柏林之声","(标配)8喇叭,(选配)14喇叭,(选配)16喇叭",,(标配),,,
62369,Macan,"(选配)BOSE,(选配)Burmester柏林之声","(标配)8喇叭,(选配)14喇叭,(选配)16喇叭",,(标配),,,
72222,Macan,"(标配)BOSE,(选配)Burmester柏林之声","(标配)14喇叭,(选配)16喇叭",,(标配),,,
68308,保时捷911,"(标配)BOSE,(选配)Burmester柏林之声","(标配)12喇叭,(选配)13喇叭",,(标配)7色,,,
70029,保时捷911,"(标配)BOSE,(选配)Burmester柏林之声","(标配)12喇叭,(选配)13喇叭",,(标配)7色,,,
68523,保时捷911,"(标配)BOSE,(选配)Burmester柏林之声","(标配)12喇叭,(选配)13喇叭",,(标配)7色,,,
68526,保时捷911,"(标配)BOSE,(选配)Burmester柏林之声","(标配)12喇叭,(选配)13喇叭",,(标配)7色,,,
57794,保时捷911,"(标配)BOSE,(选配)Burmester柏林之声","(标配)12喇叭,(选配)13喇叭",,(标配)7色,,,
60599,保时捷911,"(标配)BOSE,(选配)Burmester柏林之声","(标配)12喇叭,(选配)13喇叭",,(标配)7色,,,
57799,保时捷911,"(标配)BOSE,(选配)Burmester柏林之声","(标配)12喇叭,(选配)13喇叭",,(标配)7色,,,
57793,保时捷911,"(标配)BOSE,(选配)Burmester柏林之声","(标配)12喇叭,(选配)13喇叭",,(标配)7色,,,
68522,保时捷911,(选配)BOSE,"(标配)8喇叭,(选配)12喇叭",,(标配)7色,,,
57800,保时捷911,(选配)BOSE,"(标配)8喇叭,(选配)12喇叭",,(标配)7色,,,
70415,保时捷911,"(标配)BOSE,(选配)Burmester柏林之声","(标配)12喇叭,(选配)13喇叭",,(标配)7色,,,
63210,保时捷911,(选配)Burmester柏林之声,"(标配)8喇叭,(选配)13喇叭",,(标配),,,
57797,保时捷911,(选配)Burmester柏林之声,"(标配)8喇叭,(选配)13喇叭",,(标配),,,
57801,保时捷911,(选配)Burmester柏林之声,"(标配)8喇叭,(选配)13喇叭",,(标配),,,
60167,保时捷911,(选配)Burmester柏林之声,"(标配)8喇叭,(选配)13喇叭",,(标配),,,
70553,保时捷911,(选配)Burmester柏林之声,"(标配)8喇叭,(选配)13喇叭",,(标配),,,
69490,保时捷911,"(选配)BOSE,(选配)Burmester柏林之声","(标配)8喇叭,(选配)12喇叭,(选配)13喇叭",,(标配),,,
57792,保时捷911,"(选配)BOSE,(选配)Burmester柏林之声","(标配)8喇叭,(选配)12喇叭,(选配)13喇叭",,(标配),,,
57798,保时捷911,"(选配)BOSE,(选配)Burmester柏林之声","(标配)8喇叭,(选配)12喇叭,(选配)13喇叭",,(标配),,,
68527,保时捷911,"(选配)BOSE,(选配)Burmester柏林之声","(标配)8喇叭,(选配)12喇叭,(选配)13喇叭",,(标配),,,
57796,保时捷911,"(选配)BOSE,(选配)Burmester柏林之声","(标配)8喇叭,(选配)12喇叭,(选配)13喇叭",,(标配),,,
57802,保时捷911,"(选配)BOSE,(选配)Burmester柏林之声","(标配)8喇叭,(选配)12喇叭,(选配)13喇叭",,(标配),,,
68524,保时捷911,"(标配)BOSE,(选配)Burmester柏林之声","(标配)12喇叭,(选配)13喇叭",,(标配),,,
57795,保时捷911,,,,,,,
68520,保时捷911,"(标配)BOSE,(选配)Burmester柏林之声",(标配)12喇叭,,(标配),,,
57803,保时捷911,"(标配)BOSE,(选配)Burmester柏林之声","(标配)12喇叭,(选配)13喇叭",,(标配),,,
56840,保时捷718,(选配)Burmester柏林之声,"(标配)8喇叭,(选配)12喇叭",,(选配),,,
56845,保时捷718,(选配)Burmester柏林之声,"(标配)6喇叭,(选配)12喇叭",,(选配),,,
56847,保时捷718,(选配)BOSE,"(标配)8喇叭,(选配)10喇叭",,(选配),,,
56842,保时捷718,"(选配)BOSE,(选配)Burmester柏林之声","(标配)8喇叭,(选配)10喇叭,(选配)12喇叭",,(选配),,,
53803,保时捷718,"(选配)BOSE,(选配)Burmester柏林之声","(标配)6喇叭,(选配)10喇叭,(选配)12喇叭",,(选配),,,
56844,保时捷718,"(选配)BOSE,(选配)Burmester柏林之声","(标配)8喇叭,(选配)10喇叭,(选配)12喇叭",,(选配),,,
56843,保时捷718,"(选配)BOSE,(选配)Burmester柏林之声","(标配)6喇叭,(选配)10喇叭,(选配)12喇叭",,(选配),,,
63018,保时捷718,"(选配)BOSE,(选配)Burmester柏林之声","(标配)6喇叭,(选配)10喇叭,(选配)12喇叭",,(选配),,,
56841,保时捷718,"(选配)BOSE,(选配)Burmester柏林之声","(标配)8喇叭,(选配)10喇叭,(选配)12喇叭",,(选配),,,
56848,保时捷718,"(选配)BOSE,(选配)Burmester柏林之声","(标配)6喇叭,(选配)10喇叭,(选配)12喇叭",,(选配),,,
56846,保时捷718,"(选配)BOSE,(选配)Burmester柏林之声","(标配)8喇叭,(选配)10喇叭,(选配)12喇叭",,(选配),,,
60397,保时捷718,"(选配)BOSE,(选配)Burmester柏林之声","(标配)6喇叭,(选配)10喇叭,(选配)12喇叭",,(选配),,,
60396,保时捷718,(选配)BOSE,"(标配)8喇叭,(选配)10喇叭",,(选配),,,
67097,Taycan,"(标配)BOSE,(选配)Burmester柏林之声","(标配)14喇叭,(选配)21喇叭",,(标配)7色,,,
66694,Taycan,"(标配)BOSE,(选配)Burmester柏林之声","(标配)14喇叭,(选配)21喇叭",,(标配)7色,,,
66696,Taycan,"(标配)BOSE,(选配)Burmester柏林之声","(标配)14喇叭,(选配)21喇叭",,(标配)7色,,,
67096,Taycan,(标配)Burmester柏林之声,(标配)21喇叭,,(标配)7色,,,
70717,Taycan,(标配)Burmester柏林之声,(标配)21喇叭,,(标配)7色,,,
66697,Taycan,(标配)BOSE,(标配)14喇叭,,,,,
67999,Taycan,(标配)Burmester柏林之声,(标配)21喇叭,,(标配)7色,,,
66590,Taycan,"(标配)BOSE,(选配)Burmester柏林之声","(标配)14喇叭,(选配)21喇叭",,(标配)7色,,,
67098,Taycan,"(标配)BOSE,(选配)Burmester柏林之声","(标配)14喇叭,(选配)21喇叭",,(标配)7色,,,
67099,Taycan,(标配)Burmester柏林之声,(标配)21喇叭,,(标配)7色,,,
68381,Cayenne新能源,"(选配)BOSE,(选配)Burmester柏林之声","(标配)10喇叭,(选配)14喇叭,(选配)21喇叭",,(选配)7色,,,
64514,Cayenne新能源,"(选配)BOSE,(选配)Burmester柏林之声","(标配)10喇叭,(选配)14喇叭,(选配)21喇叭",,(标配)7色,,,
68383,Cayenne新能源,"(标配)BOSE,(选配)Burmester柏林之声","(标配)14喇叭,(选配)21喇叭",,(选配)7色,,,
65016,Cayenne新能源,"(标配)BOSE,(选配)Burmester柏林之声","(标配)14喇叭,(选配)21喇叭",,(标配)7色,,,
68385,Cayenne新能源,"(标配)BOSE,(选配)Burmester柏林之声","(标配)14喇叭,(选配)21喇叭",,(标配)7色,,,
62501,Cayenne新能源,"(选配)BOSE,(选配)Burmester柏林之声","(标配)10喇叭,(选配)14喇叭,(选配)21喇叭",,(选配)7色,,,
64513,Cayenne新能源,"(选配)BOSE,(选配)Burmester柏林之声","(标配)10喇叭,(选配)14喇叭,(选配)21喇叭",,(选配)7色,,,
68382,Cayenne新能源,"(选配)BOSE,(选配)Burmester柏林之声","(标配)10喇叭,(选配)14喇叭,(选配)21喇叭",,(标配)7色,,,
68384,Cayenne新能源,"(标配)BOSE,(选配)Burmester柏林之声","(标配)14喇叭,(选配)21喇叭",,(选配)7色,,,
62500,Cayenne新能源,"(标配)BOSE,(选配)Burmester柏林之声","(标配)14喇叭,(选配)21喇叭",,(标配)7色,,,
65015,Cayenne新能源,"(标配)BOSE,(选配)Burmester柏林之声","(标配)14喇叭,(选配)21喇叭",,(标配)7色,,,
68386,Cayenne新能源,"(标配)BOSE,(选配)Burmester柏林之声","(标配)14喇叭,(选配)21喇叭",,(标配)7色,,,
60569,Macan新能源,"(选配)BOSE,(选配)Burmester柏林之声","(标配)10喇叭,(选配)14喇叭,(选配)21喇叭",,(标配)7色,(标配),,
72223,Macan新能源,"(选配)BOSE,(选配)Burmester柏林之声","(标配)10喇叭,(选配)14喇叭,(选配)21喇叭",,(标配)7色,(标配),,
69233,Macan新能源,"(选配)BOSE,(选配)Burmester柏林之声","(标配)10喇叭,(选配)14喇叭,(选配)21喇叭",,(标配)7色,(标配),,
66569,Macan新能源,(标配)Burmester柏林之声,(标配)21喇叭,,(标配)7色,(标配),,
56918,Panamera新能源,"(标配)BOSE,(选配)Burmester柏林之声","(标配)14喇叭,(选配)21喇叭",,(选配)7色,,,
67461,Panamera新能源,"(标配)BOSE,(选配)Burmester柏林之声","(标配)14喇叭,(选配)21喇叭",,(标配)7色,,,
56917,Panamera新能源,"(标配)BOSE,(选配)Burmester柏林之声","(标配)14喇叭,(选配)21喇叭",,(标配)7色,,,
67460,Panamera新能源,(标配)Burmester柏林之声,(标配)21喇叭,,(标配)7色,,,
59233,Panamera新能源,(标配)Burmester柏林之声,(标配)21喇叭,,(标配)7色,,,
56910,Panamera新能源,"(选配)BOSE,(选配)Burmester柏林之声","(标配)10喇叭,(选配)14喇叭,(选配)21喇叭",,(选配)7色,,,
56912,Panamera新能源,"(标配)BOSE,(选配)Burmester柏林之声","(标配)14喇叭,(选配)21喇叭",,(选配)7色,,,
67462,Panamera新能源,"(选配)BOSE,(选配)Burmester柏林之声","(标配)10喇叭,(选配)14喇叭,(选配)21喇叭",,(选配)7色,,,
66022,Panamera新能源,"(选配)BOSE,(选配)Burmester柏林之声","(标配)10喇叭,(选配)14喇叭,(选配)21喇叭",,(标配)7色,,,
59234,Panamera新能源,"(标配)BOSE,(选配)Burmester柏林之声","(标配)14喇叭,(选配)21喇叭",,(标配)7色,,,
64338,Panamera新能源,"(标配)BOSE,(选配)Burmester柏林之声","(标配)14喇叭,(选配)21喇叭",,(选配)7色,,,
56913,Panamera新能源,"(标配)BOSE,(选配)Burmester柏林之声","(标配)14喇叭,(选配)21喇叭",,(标配)7色,,,
56919,Panamera新能源,"(标配)BOSE,(选配)Burmester柏林之声","(标配)14喇叭,(选配)21喇叭",,(标配)7色,,,
72016,Model Y,,(标配)9喇叭,,(标配)多色,,,
72017,Model Y,,(标配)16喇叭,,(标配)多色,,,
71369,Model 3,,(标配)9喇叭,,(标配)256色,,,
67550,Model 3,,(标配)17喇叭,,(标配)256色,,,
64538,Model 3,,(标配)17喇叭,,(标配)256色,,,
61092,Model S,,(标配)22喇叭,,(标配)单色,,,
61210,Model S,,(标配)22喇叭,,(标配)单色,,,
61211,Model X,,(标配)22喇叭,,(标配)单色,,,
61093,Model X,,(标配)22喇叭,,(标配)单色,,,
63903,红旗H5,,(标配)6喇叭,,(标配)253色,,,
69177,红旗H5,,(标配)6喇叭,,(标配)253色,,,
63902,红旗H5,,(标配)6喇叭,,(标配)253色,,,
63907,红旗H5,,(标配)6喇叭,,(标配)253色,,,
69340,红旗H5,(标配)Dynaudio丹拿,(标配)8喇叭,,(标配)253色,,,
69242,红旗H5,(标配)Dynaudio丹拿,(标配)12喇叭,,(标配)253色,,,
69321,红旗H5,(标配)Dynaudio丹拿,(标配)8喇叭,,(标配)253色,,,
70019,红旗H5,(标配)Dynaudio丹拿,(标配)8喇叭,,(标配)253色,,,
63905,红旗H5,(标配)Dynaudio丹拿,(标配)8喇叭,,(标配)253色,,,
63908,红旗H5,(标配)Dynaudio丹拿,(标配)12喇叭,,(标配)253色,,,
63909,红旗H5,,(标配)6喇叭,,(标配)253色,,,
70017,红旗H5,,(标配)6喇叭,,(标配)253色,,,
70015,红旗H5,,(标配)6喇叭,,(标配)253色,,,
63906,红旗H5,(标配)Dynaudio丹拿,(标配)8喇叭,,(标配)253色,,,
63904,红旗H5,(标配)Dynaudio丹拿,(标配)12喇叭,,(标配)253色,,,
70018,红旗H5,(标配)Dynaudio丹拿,(标配)8喇叭,,(标配)253色,,,
70016,红旗H5,(标配)Dynaudio丹拿,(标配)8喇叭,,(标配)253色,,,
69339,红旗H5,(标配)Dynaudio丹拿,(标配)12喇叭,,(标配)253色,,,
71604,红旗天工05,(选配)Dynaudio丹拿,"(标配)8喇叭,(选配)12喇叭",,(标配)多色,,,
71948,红旗天工05,(选配)Dynaudio丹拿,"(标配)8喇叭,(选配)12喇叭",,(标配)多色,,,
71947,红旗天工05,(选配)Dynaudio丹拿,"(标配)8喇叭,(选配)12喇叭",,(标配)多色,,,
70751,红旗天工05,(选配)Dynaudio丹拿,"(标配)8喇叭,(选配)12喇叭",,(标配)多色,,,
61265,红旗HS5,,(标配)9喇叭,,,,,
63026,红旗HS5,(标配)BOSE,(标配)12喇叭,,(标配)253色,,,
68097,红旗HS5,(标配)BOSE,(标配)12喇叭,,(标配)253色,,,
69975,红旗HS5,(标配)BOSE,(标配)12喇叭,,(标配)253色,,,
63025,红旗HS5,(标配)BOSE,(标配)12喇叭,,(标配)253色,,,
70613,红旗HS5,(标配)BOSE,(标配)12喇叭,,(标配)253色,,,
69976,红旗HS5,(标配)BOSE,(标配)12喇叭,,(标配)253色,,,
63024,红旗HS5,,(标配)9喇叭,,,,,
70614,红旗HS5,(标配)BOSE,(标配)12喇叭,,(标配)253色,,,
63027,红旗HS5,(标配)BOSE,(标配)12喇叭,,(标配)253色,,,
69977,红旗HS5,(标配)BOSE,(标配)12喇叭,,(标配)253色,,,
69978,红旗HS5,(标配)BOSE,(标配)12喇叭,,(标配)253色,,,
64121,红旗H9,(标配)BOSE,(标配)12喇叭,,(标配)253色,,(标配),
67955,红旗H9,(标配)BOSE,(标配)12喇叭,,(标配)253色,,(标配),
64122,红旗H9,(标配)BOSE,(标配)14喇叭,,(标配)253色,,(标配),
63389,红旗H9,(标配)BOSE,(标配)14喇叭,,(标配)253色,,(标配),
57026,红旗H9,(标配)BOSE,(标配)14喇叭,,(标配)253色,,(标配),
67958,红旗H9,(标配)BOSE,(标配)14喇叭,,(标配)253色,,(标配),
64123,红旗H9,(标配)BOSE,(标配)14喇叭,,(标配)253色,,(标配),
67893,红旗H9,(标配)BOSE,(标配)12喇叭,,,,(标配),
67959,红旗H9,(标配)BOSE,(标配)12喇叭,,(标配)253色,,(标配),
63381,红旗H9,(标配)BOSE,(标配)12喇叭,,(标配)253色,,(标配),
66480,红旗H9,(标配)BOSE,(标配)14喇叭,,(标配)253色,,(标配),
67956,红旗H9,(标配)BOSE,(标配)14喇叭,,(标配)253色,,(标配),
67957,红旗H9,(标配)BOSE,(标配)14喇叭,,(标配)253色,,(标配),
63687,红旗HS3,,(标配)6喇叭,,,,(标配),
63841,红旗HS3,,(标配)6喇叭,,,,(标配),
63607,红旗HS3,,(标配)8喇叭,,(标配)253色,,(标配),
69593,红旗HS3,,(标配)8喇叭,,(标配)253色,,(标配),
69591,红旗HS3,,(标配)6喇叭,,,,(标配),
61560,红旗HS3,,(标配)8喇叭,,(标配)253色,,(标配),
69590,红旗HS3,,(标配)8喇叭,,(标配)253色,,(标配),
63436,红旗HS3,,(标配)8喇叭,,(标配)253色,,(标配),
69592,红旗HS3,(标配)Dynaudio丹拿,(标配)10喇叭,,(标配)253色,,(标配),
68717,红旗H6,,(标配)6喇叭,,(标配)253色,,(标配),
68719,红旗H6,,(标配)6喇叭,,(标配)253色,,(标配),
68716,红旗H6,(标配)Dynaudio丹拿,(标配)8喇叭,,(标配)253色,,(标配),
53875,红旗H6,(标配)Dynaudio丹拿,(标配)12喇叭,,(标配)253色,,(标配),
61840,红旗H6,(标配)Dynaudio丹拿,(标配)12喇叭,,(标配)253色,,(标配),
68718,红旗H6,,(标配)6喇叭,,(标配)253色,,(标配),
61842,红旗H6,(标配)Dynaudio丹拿,(标配)8喇叭,,(标配)253色,,(标配),
61841,红旗H6,(标配)Dynaudio丹拿,(标配)12喇叭,,(标配)253色,,(标配),
68715,红旗H6,(标配)Dynaudio丹拿,(标配)12喇叭,,(标配)253色,,(标配),
63962,红旗HS7,,(标配)8喇叭,,(标配)单色,,,
63959,红旗HS7,(标配)Dynaudio丹拿,(标配)10喇叭,,(标配)多色,,,
63854,红旗HS7,(标配)Dynaudio丹拿,(标配)10喇叭,,(标配)多色,,,
69699,红旗HS7,,(标配)8喇叭,,,,,
63961,红旗HS7,(选配)Dynaudio丹拿,"(标配)10喇叭,(选配)12喇叭",,(标配)253色,,,
62742,红旗HS7,(选配)Dynaudio丹拿,"(标配)10喇叭,(选配)12喇叭",,(标配)253色,,,
63960,红旗HS7,(选配)Dynaudio丹拿,"(标配)10喇叭,(选配)12喇叭",,(标配)253色,,,
63963,红旗HS7,(选配)Dynaudio丹拿,"(标配)10喇叭,(选配)12喇叭",,(标配)253色,,,
69697,红旗HS7,(标配)Dynaudio丹拿,(标配)12喇叭,,(标配)253色,,,
69698,红旗HS7,(标配)Dynaudio丹拿,(标配)12喇叭,,(标配)253色,,,
67736,红旗国雅,(标配)红旗,(标配)18喇叭,,(标配)多色,(标配),,
67737,红旗国雅,(标配)红旗,(标配)32喇叭,,(标配)多色,(标配),,
69707,红旗HS7 PHEV,(标配)Dynaudio丹拿,(标配)10喇叭,,(标配)多色,,,
72395,红旗HS7 PHEV,(标配)Dynaudio丹拿,(标配)10喇叭,,(标配)多色,,,
69706,红旗HS7 PHEV,(标配)Dynaudio丹拿,(标配)10喇叭,,(标配)多色,,,
69072,红旗HS7 PHEV,(标配)Dynaudio丹拿,(标配)10喇叭,,(标配)多色,,,
66660,红旗HS7 PHEV,(标配)Dynaudio丹拿,(标配)12喇叭,,(标配)多色,,,
72394,红旗HS7 PHEV,(标配)Dynaudio丹拿,(标配)12喇叭,,(标配)多色,,,
67710,红旗E-QM5,,(标配)4喇叭,,,,,
67711,红旗E-QM5,,(标配)4喇叭,,,,,
56058,红旗E-QM5,,(标配)4喇叭,,,,,
67051,红旗E-QM5,,(标配)4喇叭,,,,,
67709,红旗E-QM5,,(标配)4喇叭,,,,,
60001,红旗国礼,(标配)Dynaudio丹拿,(标配)16喇叭,,(标配)多色,,,
67738,红旗HS3 PHEV,,(标配)8喇叭,,(标配)253色,,,
56719,红旗国耀,,(标配)14喇叭,,(标配)253色,,(标配),
56746,红旗国耀,,(标配)14喇叭,,(标配)253色,,(标配),
59647,红旗HQ9,,(标配)8喇叭,,,,(标配),
59645,红旗HQ9,(标配)Dynaudio丹拿,(标配)12喇叭,,(标配)16色,,(标配),
59648,红旗HQ9,(标配)Dynaudio丹拿,(标配)12喇叭,,(标配)16色,,(标配),
67498,红旗HQ9,,(标配)8喇叭,,,,(标配),
72474,红旗HQ9,,(标配)8喇叭,,,,(标配),
67496,红旗HQ9,,(标配)8喇叭,,,,(标配),
67497,红旗HQ9,,(标配)8喇叭,,(标配)16色,,(标配),
56745,红旗HQ9,(标配)Dynaudio丹拿,(标配)12喇叭,,(标配)16色,,(标配),
59646,红旗HQ9,(标配)Dynaudio丹拿,(标配)12喇叭,,(标配)16色,,(标配),
1015217,红旗国悦,,,,,,,
1018221,红旗国悦,,,,,,,
1017569,红旗国悦,,,,,,,
1017568,红旗国悦,,,,,,,
1018220,红旗国悦,,,,,,,
66441,红旗天工08,,(标配)12喇叭,,(标配)256色,,,
72443,红旗天工08,,(标配)21喇叭,,(标配)256色,,,
71322,红旗天工08,,(标配)12喇叭,,(标配)256色,,,
72444,红旗天工08,,(标配)12喇叭,,(标配)256色,,,
66466,红旗天工08,,(标配)21喇叭,,(标配)256色,(选配),,
71321,红旗天工08,,(标配)21喇叭,,(标配)256色,,,
71320,红旗天工08,,(标配)21喇叭,,(标配)256色,(选配),,
67052,红旗E-HS9,,"(标配)8喇叭,(选配)16喇叭",,,,(标配),
69768,红旗E-HS9,,"(标配)12喇叭,(选配)16喇叭",,(标配)253色,,(标配),
69770,红旗E-HS9,,"(标配)12喇叭,(选配)16喇叭",,(标配)253色,,(标配),
67054,红旗E-HS9,,(标配)16喇叭,,(标配)253色,,(标配),
69769,红旗E-HS9,,"(标配)8喇叭,(选配)16喇叭",,,,(标配),
67055,红旗E-HS9,,"(标配)12喇叭,(选配)16喇叭",,(标配)253色,,(标配),
69767,红旗E-HS9,,"(标配)12喇叭,(选配)16喇叭",,(标配)253色,,(标配),
67053,红旗E-HS9,,(标配)16喇叭,,(标配)253色,,(标配),
67489,红旗HQ9 PHEV,,(标配)8喇叭,,,,(标配),
64594,红旗HQ9 PHEV,(标配)Dynaudio丹拿,(标配)12喇叭,,(标配)多色,,(标配),
67490,红旗HQ9 PHEV,(标配)Dynaudio丹拿,(标配)12喇叭,,(标配)多色,,(标配),
67297,红旗EH7,,(标配)10喇叭,,(标配),,,
69710,红旗EH7,,"(标配)10喇叭,(选配)14喇叭",,"(标配),(选配)多色",,,
69709,红旗EH7,,"(标配)10喇叭,(选配)14喇叭",,"(标配),(选配)多色",,,
66954,红旗EH7,,"(标配)10喇叭,(选配)14喇叭",,"(标配),(选配)多色",,,
67298,红旗EH7,,"(标配)10喇叭,(选配)14喇叭",,"(标配),(选配)多色",,,
65254,红旗EH7,,(标配)10喇叭,,(标配),,,
69713,红旗EH7,,"(标配)10喇叭,(选配)14喇叭",,"(标配),(选配)多色",,,
65253,红旗EH7,,"(标配)10喇叭,(选配)14喇叭",,"(标配),(选配)多色",,,
69711,红旗EH7,,"(标配)10喇叭,(选配)14喇叭",,"(标配),(选配)多色",,,
69712,红旗EH7,,"(标配)10喇叭,(选配)14喇叭",,"(标配),(选配)多色",,,
1020495,红旗国悦新能源,,,,,,,
1020496,红旗国悦新能源,,,,,,,
66312,凯美瑞,,(标配)8喇叭,,(标配)64色,,,
67022,凯美瑞,(标配)Dynaudio丹拿,(标配)10喇叭,,(标配)64色,,,
71194,凯美瑞,,(标配)8喇叭,,"(标配)单色,(选配)64色",,,
66314,凯美瑞,,(标配)8喇叭,,"(标配)单色,(选配)64色",,,
67023,凯美瑞,,(标配)6喇叭,,(标配)单色,,,
71005,凯美瑞,,(标配)6喇叭,,(标配)单色,,,
66313,凯美瑞,,(标配)8喇叭,,"(标配)单色,(选配)64色",,,
66310,凯美瑞,,(标配)8喇叭,,"(标配)单色,(选配)64色",,,
65877,凯美瑞,,(标配)8喇叭,,"(标配)单色,(选配)64色",,,
66311,凯美瑞,,(标配)6喇叭,,(标配)单色,,,
65749,凯美瑞,,(标配)6喇叭,,(标配)单色,,,
65878,凯美瑞,,(标配)8喇叭,,(标配)单色,,,
72518,凯美瑞,,(标配)8喇叭,,(标配)单色,,,
65938,凯美瑞,,(标配)8喇叭,,"(标配)单色,(选配)64色",,,
66647,凯美瑞,,(标配)8喇叭,,"(标配)单色,(选配)64色",,,
72519,凯美瑞,(标配)JBL,(标配)11喇叭,,(标配)64色,,,
67254,赛那SIENNA,,(标配)6喇叭,,,,,
67252,赛那SIENNA,,(标配)8喇叭,,,,,
66455,赛那SIENNA,,(标配)8喇叭,,,,,
67256,赛那SIENNA,,(标配)8喇叭,,,,,
67257,赛那SIENNA,,(标配)8喇叭,,(标配),,,
67251,赛那SIENNA,,(标配)8喇叭,,(标配),,,
67253,赛那SIENNA,,(标配)8喇叭,,(标配),,,
67930,赛那SIENNA,,(标配)8喇叭,,(标配),,,
67255,赛那SIENNA,(标配)JBL,(标配)12喇叭,,(标配),,,
68219,汉兰达,,(标配)6喇叭,,,,(标配),
68216,汉兰达,,(标配)6喇叭,,,,(标配),
68555,汉兰达,,(标配)6喇叭,,,,(标配),
68218,汉兰达,,(标配)6喇叭,,,,(标配),
68217,汉兰达,,(标配)6喇叭,,,,(标配),
68554,汉兰达,,(标配)6喇叭,,,,(标配),
68556,汉兰达,,(标配)6喇叭,,,,(标配),
68215,汉兰达,(标配)JBL,(标配)11喇叭,,(标配)单色,,(标配),
68553,汉兰达,,(标配)6喇叭,,,,(标配),
68220,汉兰达,,(标配)6喇叭,,,,(标配),
68221,汉兰达,(标配)JBL,(标配)11喇叭,,(标配)单色,,(标配),
68453,RAV4荣放,,(标配)4喇叭,,,,,
68451,RAV4荣放,,(标配)6喇叭,,,,,
68450,RAV4荣放,,(标配)6喇叭,,,,,
68454,RAV4荣放,,(标配)6喇叭,,,,,
68449,RAV4荣放,,(标配)6喇叭,,,,,
68456,RAV4荣放,,(标配)6喇叭,,,,,
68457,RAV4荣放,,(标配)6喇叭,,,,,
71930,普拉多,,(标配)6喇叭,,,,,
66837,普拉多,,(标配)10喇叭,,,,,
71959,普拉多,,(标配)10喇叭,,,,,
66898,普拉多,,(标配)10喇叭,,,,,
64019,普拉多,(标配)JBL,(标配)14喇叭,,,,,
71958,普拉多,,(标配)6喇叭,,,,,
66836,普拉多,,(标配)10喇叭,,,,,
71960,普拉多,,(标配)10喇叭,,,,,
66838,普拉多,,(标配)10喇叭,,,,,
67204,亚洲龙,,(标配)8喇叭,,,,,
68975,亚洲龙,,(标配)8喇叭,,,,,
68974,亚洲龙,,(标配)8喇叭,,,,,
68978,亚洲龙,,(标配)8喇叭,,,,,
67206,亚洲龙,,(标配)8喇叭,,,,,
68977,亚洲龙,,(标配)8喇叭,,(标配)64色,,,
68976,亚洲龙,,(标配)8喇叭,,(标配)64色,,,
68979,亚洲龙,,(标配)8喇叭,,(标配)64色,,,
67205,亚洲龙,,(标配)8喇叭,,(标配)64色,,,
63170,卡罗拉,,(标配)6喇叭,,,,,
63173,卡罗拉,,(标配)6喇叭,,,,,
68964,卡罗拉,,(标配)6喇叭,,(标配)单色,,,
63177,卡罗拉,,(标配)4喇叭,,,,,
63175,卡罗拉,,(标配)6喇叭,,,,,
67629,卡罗拉,,(标配)4喇叭,,,,,
67631,卡罗拉,,(标配)6喇叭,,,,,
67630,卡罗拉,,(标配)6喇叭,,,,,
63174,卡罗拉,,(标配)6喇叭,,(标配)单色,,,
60976,卡罗拉,,(标配)4喇叭,,,,,
63176,卡罗拉,,(标配)6喇叭,,,,,
68962,卡罗拉,,(标配)4喇叭,,,,,
68963,卡罗拉,,(标配)4喇叭,,,,,
63172,卡罗拉,,(标配)4喇叭,,,,,
63171,卡罗拉,,(标配)6喇叭,,,,,
68951,锋兰达,,(标配)4喇叭,,,,,
68930,锋兰达,,(标配)4喇叭,,,,,
68932,锋兰达,,(标配)4喇叭,,,,,
68931,锋兰达,,(标配)4喇叭,,,,,
68952,锋兰达,,(标配)4喇叭,,(标配)单色,,,
68953,锋兰达,,(标配)6喇叭,,(标配)单色,,,
71236,锋兰达,,(标配)6喇叭,,(标配)单色,,,
68950,锋兰达,,(标配)4喇叭,,,,,
68933,锋兰达,,(标配)4喇叭,,(标配)单色,,,
71250,锋兰达,,(标配)6喇叭,,(标配)单色,,,
68929,锋兰达,,(标配)6喇叭,,(标配)单色,,,
67133,格瑞维亚,,(标配)6喇叭,,,,,
67129,格瑞维亚,,(标配)6喇叭,,,,,
67130,格瑞维亚,,(标配)8喇叭,,,,,
67131,格瑞维亚,,(标配)8喇叭,,,,,
67132,格瑞维亚,,(标配)8喇叭,,,,,
66456,格瑞维亚,(标配)JBL,(标配)12喇叭,,(标配),,,
67134,格瑞维亚,,(标配)8喇叭,,,,,
68314,皇冠陆放,,(标配)6喇叭,,(标配)单色,,,
68317,皇冠陆放,(标配)JBL,(标配)11喇叭,,(标配)单色,,,
67586,皇冠陆放,,(标配)6喇叭,,(标配)单色,,,
68316,皇冠陆放,,(标配)6喇叭,,(标配)单色,,,
68315,皇冠陆放,,(标配)6喇叭,,(标配)单色,,,
68318,皇冠陆放,(标配)JBL,(标配)11喇叭,,(标配)单色,,,
63241,卡罗拉锐放,,(标配)4喇叭,,,,,
63020,卡罗拉锐放,,(标配)4喇叭,,,,,
64034,卡罗拉锐放,,(标配)4喇叭,,,,,
68733,卡罗拉锐放,,(标配)6喇叭,,(标配)单色,,,
67632,卡罗拉锐放,,(标配)4喇叭,,,,,
64079,卡罗拉锐放,,(标配)4喇叭,,,,,
67628,卡罗拉锐放,,(标配)4喇叭,,,,,
63019,卡罗拉锐放,,(标配)6喇叭,,(标配)单色,,,
61460,卡罗拉锐放,,(标配)4喇叭,,,,,
62996,卡罗拉锐放,,(标配)4喇叭,,,,,
68732,卡罗拉锐放,,(标配)4喇叭,,,,,
68734,卡罗拉锐放,,(标配)4喇叭,,,,,
68728,卡罗拉锐放,,(标配)4喇叭,,,,,
62733,卡罗拉锐放,,(标配)6喇叭,,(标配)单色,,,
68729,卡罗拉锐放,,(标配)4喇叭,,,,,
62927,卡罗拉锐放,,(标配)4喇叭,,,,,
64033,卡罗拉锐放,,(标配)4喇叭,,,,,
68723,卡罗拉锐放,,(标配)4喇叭,,,,,
62731,卡罗拉锐放,,(标配)4喇叭,,,,,
64032,卡罗拉锐放,,(标配)4喇叭,,,,,
64078,卡罗拉锐放,,(标配)6喇叭,,(标配)单色,,,
68544,威兰达,,(标配)6喇叭,,,,,
68541,威兰达,,(标配)6喇叭,,,,,
68542,威兰达,,(标配)6喇叭,,,,,
68539,威兰达,,(标配)6喇叭,,,,,
68506,威兰达,,(标配)6喇叭,,(标配)单色,,,
68538,威兰达,,(标配)6喇叭,,(标配)单色,,,
68546,威兰达,,(标配)6喇叭,,,,,
68540,威兰达,,(标配)6喇叭,,,,,
68507,威兰达,,(标配)6喇叭,,,,,
68545,威兰达,,(标配)6喇叭,,(标配)单色,,,
68543,威兰达,,(标配)6喇叭,,(标配)单色,,,
71586,铂智3X,,(标配)9喇叭,,,,(标配),
71588,铂智3X,,(标配)9喇叭,,,,(标配),
71013,铂智3X,(选配)YAMAHA雅马哈,"(标配)9喇叭,(选配)11喇叭",,,,(标配),
68066,铂智3X,(标配)YAMAHA雅马哈,(标配)11喇叭,,,,(标配),
71589,铂智3X,(选配)YAMAHA雅马哈,"(标配)9喇叭,(选配)11喇叭",,(标配)32色,,(标配),
71012,铂智3X,(标配)YAMAHA雅马哈,(标配)11喇叭,,(标配)32色,,(标配),
71587,铂智3X,(标配)YAMAHA雅马哈,(标配)11喇叭,,(标配)32色,,(标配),
67982,皇冠(进口),,(标配)14喇叭,,(标配)64色,,,
67981,皇冠(进口),,(标配)14喇叭,,(标配)64色,,,
63539,埃尔法,(标配)JBL,(标配)15喇叭,,(标配)64色,,,
71307,埃尔法,(标配)JBL,(标配)15喇叭,,(标配)64色,,,
71306,埃尔法,(标配)JBL,(标配)15喇叭,,(标配)64色,,,
63540,埃尔法,(标配)JBL,(标配)15喇叭,,(标配)64色,,,
66667,雷凌,,(标配)4喇叭,,,,,
68949,雷凌,,(标配)4喇叭,,,,,
62134,雷凌,,(标配)4喇叭,,,,,
68947,雷凌,,(标配)4喇叭,,,,,
62136,雷凌,,(标配)4喇叭,,,,,
60635,雷凌,,(标配)4喇叭,,,,,
68948,雷凌,,(标配)4喇叭,,,,,
60634,雷凌,,(标配)4喇叭,,,,,
67326,雷凌,,(标配)4喇叭,,,,,
67325,雷凌,,(标配)4喇叭,,,,,
62133,雷凌,,(标配)4喇叭,,,,,
62135,雷凌,,(标配)4喇叭,,,,,
62132,雷凌,,(标配)4喇叭,,,,,
63227,凌放HARRIER,,(标配)6喇叭,,(标配),,,
68447,凌放HARRIER,,(标配)6喇叭,,(标配),,,
68441,凌放HARRIER,,(标配)6喇叭,,(标配),,,
63230,凌放HARRIER,,(标配)6喇叭,,(标配),,,
68442,凌放HARRIER,,(标配)6喇叭,,(标配),,,
63231,凌放HARRIER,(标配)JBL,(标配)9喇叭,,(标配),,,
68446,凌放HARRIER,,(标配)6喇叭,,(标配),,,
63228,凌放HARRIER,,(标配)6喇叭,,(标配),,,
68443,凌放HARRIER,,(标配)6喇叭,,(标配),,,
68444,凌放HARRIER,,(标配)6喇叭,,(标配),,,
63225,凌放HARRIER,,(标配)6喇叭,,(标配),,,
63229,凌放HARRIER,,(标配)6喇叭,,(标配),,,
63226,凌放HARRIER,,(标配)6喇叭,,(标配),,,
63232,凌放HARRIER,,(标配)6喇叭,,(标配),,,
61459,凌放HARRIER,(标配)JBL,(标配)9喇叭,,(标配),,,
61121,皇冠SportCross,(标配)JBL,(标配)11喇叭,,,,,
60295,皇冠SportCross,(标配)JBL,(标配)11喇叭,,,,,
66470,丰田bZ3,,(标配)6喇叭,,(选配)31色,,,
66581,丰田bZ3,,(标配)6喇叭,,(选配)31色,,,
66582,丰田bZ3,,(标配)7喇叭,,(标配)31色,,,
62004,威飒,,(标配)6喇叭,,,,,
62008,威飒,,(标配)6喇叭,,,,,
68795,威飒,(标配)JBL,(标配)9喇叭,,,,,
68793,威飒,(标配)JBL,(标配)9喇叭,,,,,
68792,威飒,(标配)JBL,(标配)9喇叭,,,,,
62005,威飒,,(标配)6喇叭,,,,,
68797,威飒,,(标配)6喇叭,,,,,
68618,威飒,(标配)JBL,(标配)9喇叭,,,,,
61995,威飒,(标配)JBL,(标配)9喇叭,,,,,
68799,威飒,(标配)JBL,(标配)9喇叭,,,,,
61996,威飒,,(标配)6喇叭,,,,,
62007,威飒,(标配)JBL,(标配)9喇叭,,,,,
68794,威飒,(标配)JBL,(标配)9喇叭,,,,,
62009,威飒,(标配)JBL,(标配)9喇叭,,,,,
68798,威飒,,(标配)6喇叭,,,,,
68612,威飒,(标配)JBL,(标配)9喇叭,,,,,
68796,威飒,(标配)JBL,(标配)9喇叭,,,,,
62006,威飒,(标配)JBL,(标配)9喇叭,,,,,
71299,威尔法,(标配)JBL,(标配)15喇叭,,(标配)64色,,,
71298,威尔法,(标配)JBL,(标配)15喇叭,,(标配)64色,,,
63535,威尔法,(标配)JBL,(标配)15喇叭,,(标配)64色,,,
63534,威尔法,(标配)JBL,(标配)15喇叭,,(标配)64色,,,
54680,丰田86,,(标配)6喇叭,,,,,
60398,丰田86,,(标配)6喇叭,,,,,
58313,丰田86,,(标配)6喇叭,,,,,
65874,铂智4X,,(标配)6喇叭,,,,,
70807,铂智4X,,(标配)6喇叭,,,,,
70805,铂智4X,(标配)JBL,(标配)9喇叭,,,,,
65872,铂智4X,(标配)JBL,(标配)9喇叭,,,,,
70808,铂智4X,,(标配)6喇叭,,,,,
70806,铂智4X,,(标配)6喇叭,,,,,
65875,铂智4X,(标配)JBL,(标配)9喇叭,,,,,
65873,铂智4X,(标配)JBL,(标配)9喇叭,,,,,
64037,亚洲狮,,(标配)6喇叭,,,,,
61892,亚洲狮,,(标配)6喇叭,,(标配)单色,,,
63250,亚洲狮,,(标配)6喇叭,,(标配)单色,,,
63249,亚洲狮,,(标配)4喇叭,,,,,
64036,亚洲狮,,(标配)4喇叭,,,,,
63251,亚洲狮,,(标配)6喇叭,,(标配)单色,,,
63248,亚洲狮,,(标配)6喇叭,,(标配)单色,,,
63244,亚洲狮,,(标配)6喇叭,,(标配)单色,,,
63836,凌尚,,(标配)4喇叭,,,,,
69027,凌尚,,(标配)4喇叭,,,,,
62159,凌尚,,(标配)4喇叭,,,,,
61105,凌尚,,(标配)4喇叭,,,,,
62158,凌尚,,(标配)4喇叭,,,,,
63835,凌尚,,(标配)4喇叭,,,,,
69032,凌尚,,(标配)4喇叭,,,,,
69030,凌尚,,(标配)4喇叭,,,,,
69031,凌尚,,(标配)4喇叭,,,,,
62160,凌尚,,(标配)4喇叭,,,,,
69028,凌尚,,(标配)4喇叭,,,,,
69029,凌尚,,(标配)4喇叭,,,,,
61998,丰田C-HR,,(标配)4喇叭,,,,,
61997,丰田C-HR,,(标配)4喇叭,,,,,
62002,丰田C-HR,,(标配)6喇叭,,,,,
62000,丰田C-HR,,(标配)4喇叭,,,,,
61999,丰田C-HR,,(标配)4喇叭,,,,,
62003,丰田C-HR,,(标配)6喇叭,,,,,
62001,丰田C-HR,,(标配)6喇叭,,,,,
59174,SUPRA,(标配)JBL,(标配)12喇叭,,,,,
59175,SUPRA,(标配)JBL,(标配)12喇叭,,,,,
69868,RAV4荣放双擎E+,,(标配)6喇叭,,,,,
69870,RAV4荣放双擎E+,,(标配)6喇叭,,,,,
63240,奕泽IZOA,,(标配)4喇叭,,,,,
63233,奕泽IZOA,,(标配)4喇叭,,,,,
62891,奕泽IZOA,,(标配)6喇叭,,,,,
63238,奕泽IZOA,,(标配)4喇叭,,,,,
63234,奕泽IZOA,,(标配)6喇叭,,,,,
63235,奕泽IZOA,,(标配)4喇叭,,,,,
63237,奕泽IZOA,,(标配)4喇叭,,,,,
63236,奕泽IZOA,,(标配)6喇叭,,,,,
63239,奕泽IZOA,,(标配)6喇叭,,,,,
59751,Mirai,(标配)JBL,(标配)14喇叭,,(标配)8色,,,
56233,一汽丰田bZ4X,,(标配)6喇叭,,,,,
56475,一汽丰田bZ4X,,(标配)6喇叭,,,,,
56849,一汽丰田bZ4X,,(标配)6喇叭,,,,,
56067,一汽丰田bZ4X,,(标配)6喇叭,,,,,
56850,一汽丰田bZ4X,,(标配)6喇叭,,,,,
1009302,柯斯达,,(标配)4喇叭,,,,,
1009303,柯斯达,,(标配)4喇叭,,,,,
1009297,柯斯达,,(标配)4喇叭,,,,,
1009301,柯斯达,,(标配)4喇叭,,,,,
1009298,柯斯达,,(标配)4喇叭,,,,,
1009300,柯斯达,,(标配)4喇叭,,,,,
1009299,柯斯达,,(标配)4喇叭,,,,,
68623,威兰达新能源,,(标配)6喇叭,,,,,
68622,威兰达新能源,,(标配)6喇叭,,,,,
68621,威兰达新能源,,(标配)6喇叭,,(标配)单色,,,
70546,别克GL8,,(标配)8喇叭,,(标配)单色,,,
70566,别克GL8,,(标配)8喇叭,,(标配)单色,,,
58896,别克GL8,,(标配)8喇叭,,(标配)单色,,,
71145,别克GL8,(标配)BOSE,(标配)12喇叭,,(标配)单色,,,
58892,别克GL8,(标配)BOSE,(标配)12喇叭,,(标配)单色,,,
68748,别克GL8,(标配)BOSE,(标配)12喇叭,,(标配)单色,,,
71144,别克GL8,,(标配)6喇叭,,,,,
72327,别克GL8,,(标配)6喇叭,,,,,
59916,别克GL8,,(标配)6喇叭,,,,,
58893,别克GL8,,(标配)6喇叭,,(标配)单色,,,
61172,别克GL8,(标配)BOSE,(标配)12喇叭,,(标配)128色,,,
61173,别克GL8,(标配)BOSE,(标配)12喇叭,,(标配)128色,,,
72022,君威,,(标配)6喇叭,,(标配)单色,,,
72021,君威,,(标配)6喇叭,,(标配)单色,,,
66527,昂科威Plus,,(标配)7喇叭,,(标配)121色,,,
71074,昂科威Plus,,(标配)7喇叭,,(标配)121色,,,
68661,昂科威Plus,(标配)BOSE,(标配)9喇叭,,(标配)121色,,,
68254,昂科威Plus,,(标配)7喇叭,,(标配)121色,,,
70952,昂科威Plus,,(标配)7喇叭,,(标配)121色,,,
71075,昂科威Plus,(标配)BOSE,(标配)9喇叭,,(标配)121色,,,
70529,君越,,(标配)8喇叭,,(标配)121色,,,
63072,君越,(标配)BOSE,(标配)11喇叭,,(标配)121色,(标配),,
64261,君越,,(标配)8喇叭,,(标配)121色,,,
67758,君越,(标配)BOSE,(标配)11喇叭,,(标配)121色,,,
67759,君越,,(标配)8喇叭,,(标配)121色,,,
70550,君越,,(标配)8喇叭,,(标配)121色,,,
67332,昂科威S,,(标配)7喇叭,,,,,
67333,昂科威S,,(标配)7喇叭,,(标配)121色,,,
71920,昂科威S,,(标配)7喇叭,,,,,
67324,昂科威S,,(标配)7喇叭,,(标配)121色,,,
72212,昂科威S,,(标配)7喇叭,,(标配)121色,,,
67969,别克GL8新能源,,(标配)8喇叭,,(标配)单色,,,
67915,别克GL8新能源,(标配)BOSE,(标配)12喇叭,,(标配)单色,,,
67943,别克GL8新能源,(标配)BOSE,(标配)12喇叭,,(标配)128色,,,
67968,别克GL8新能源,(标配)BOSE,(标配)12喇叭,,(标配)128色,,,
60048,威朗,,(标配)6喇叭,,,,,
60046,威朗,,(标配)6喇叭,,,,,
59896,威朗,,(标配)6喇叭,,,,,
60047,威朗,,(标配)6喇叭,,,,,
70464,世纪,(标配)BOSE,(标配)12喇叭,,(标配)单色,,,
70465,世纪,(标配)BOSE,(标配)12喇叭,,(标配)128色,,,
70463,世纪,(标配)BOSE,(标配)12喇叭,,(标配)128色,,,
70631,世纪,(标配)BOSE,(标配)21喇叭,,(标配)128色,,,
52030,昂科旗,,(标配)6喇叭,,,,,
58458,昂科旗,,(标配)6喇叭,,,,,
52033,昂科旗,(标配)BOSE,(标配)14喇叭,,(标配)单色,,,
52032,昂科旗,(标配)BOSE,(标配)14喇叭,,(标配)单色,,,
52029,昂科旗,(标配)BOSE,(标配)14喇叭,,(标配)单色,,,
62478,别克E5,,(标配)9喇叭,,,,,
68969,别克E5,(标配)BOSE,(标配)14喇叭,,(标配)121色,,,
65330,别克E5,,(标配)9喇叭,,,,,
60605,别克E5,(选配)BOSE,"(标配)9喇叭,(选配)14喇叭",,(标配)121色,,,
66832,别克E5,(选配)BOSE,"(标配)9喇叭,(选配)14喇叭",,(标配)121色,,,
64349,昂科拉PLUS,,(标配)6喇叭,,,,,
60604,昂科拉PLUS,,(标配)6喇叭,,,,,
68957,微蓝6,,(标配)4喇叭,,,,,
68958,微蓝6,,(标配)6喇叭,,,,,
68668,微蓝6,,(标配)4喇叭,,,,,
65234,微蓝6,,(标配)4喇叭,,,,,
65235,微蓝6,,(标配)6喇叭,,,,,
63393,别克E4,,(标配)9喇叭,,,,,
63391,别克E4,,(标配)9喇叭,,(标配)121色,,,
61260,别克E4,,(标配)9喇叭,,(标配)121色,,,
63392,别克E4,,(标配)9喇叭,,(标配)121色,,,
59725,昂扬,,(标配)6喇叭,,,,,
57572,昂扬,,(标配)6喇叭,,,,,
59552,昂扬,,(标配)7喇叭,,,,,
58994,昂扬,,(标配)7喇叭,,,,,
65768,小米SU7,,"(标配)10喇叭,(选配)25喇叭",(选配),(标配)256色,(标配),,
59881,小米SU7,,"(标配)10喇叭,(选配)25喇叭",(选配),(标配)256色,(标配),,
67500,小米SU7,,(标配)25喇叭,(标配),(标配)256色,(标配),,
70554,小米SU7 Ultra,,(标配)25喇叭,(标配),(标配)256色,(标配),,(标配)1喇叭
67036,星越L,,(标配)8喇叭,,(标配)72色,,,
64832,星越L,(标配)Infinity燕飞利仕,(标配)12喇叭,,(标配)72色,,,
69137,星越L,(标配)Infinity燕飞利仕,(标配)12喇叭,,(标配)72色,,,
69136,星越L,(标配)Infinity燕飞利仕,(标配)12喇叭,,(标配)72色,,,
71793,星越L,,(标配)8喇叭,,(标配)72色,,,
64831,星越L,,(标配)8喇叭,,(标配)72色,,,
71794,星越L,(标配)Infinity燕飞利仕,(标配)10喇叭,,(标配)72色,,,
68759,星瑞,,(标配)6喇叭,,,,(标配),
69901,星瑞,,(标配)6喇叭,,,,(标配),
69903,星瑞,,(标配)8喇叭,,,,(标配),
69902,星瑞,,(标配)8喇叭,,,,(标配),
58108,星瑞,,(标配)8喇叭,,,,(标配),
69904,星瑞,(标配)Infinity燕飞利仕,(标配)12喇叭,,(标配)多色,,(标配),
71883,星瑞,(标配)Infinity燕飞利仕,(标配)12喇叭,,(标配)多色,,(标配),
58114,星瑞,(标配)BOSE,(标配)10喇叭,,(标配)多色,,,
67087,星瑞,(标配)BOSE,(标配)10喇叭,,(标配)多色,,,
58115,星瑞,,(标配)8喇叭,,,,,
71882,星瑞,,(标配)8喇叭,,,,,
67088,星瑞,,(标配)8喇叭,,,,,
63498,星瑞,(标配)BOSE,(标配)10喇叭,,(标配)多色,,,
63265,星瑞,(标配)BOSE,(标配)10喇叭,,(标配)多色,,,
58109,星瑞,(选配)BOSE,"(标配)8喇叭,(选配)10喇叭",,(选配)多色,,,
62223,帝豪,,(标配)4喇叭,,,,,
62222,帝豪,,(标配)4喇叭,,,,,
67664,帝豪,,(标配)4喇叭,,,,,
68502,帝豪,,(标配)6喇叭,,,,,
62421,帝豪,,(标配)2喇叭,,,,,
68428,帝豪,,(标配)2喇叭,,,,,
68499,帝豪,,(标配)4喇叭,,,,,
68427,帝豪,,(标配)4喇叭,,,,,
68430,帝豪,,(标配)4喇叭,,,,,
55960,帝豪,,(标配)4喇叭,,,,,
62422,帝豪,,(标配)4喇叭,,,,,
68429,帝豪,,(标配)6喇叭,,,,,
70704,帝豪,,(选配)4喇叭,,,,,
68190,博越L,,(标配)6喇叭,,,,,
68188,博越L,(选配)Infinity燕飞利仕,"(标配)6喇叭,(选配)11喇叭",,(标配)72色,,,
68186,博越L,(标配)Infinity燕飞利仕,(标配)11喇叭,,(标配)72色,,,
68187,博越L,(标配)Infinity燕飞利仕,(标配)11喇叭,,(标配)72色,,,
63061,缤越,,(标配)4喇叭,,,,,
62826,缤越,,(标配)4喇叭,,,,,
69434,缤越,,(标配)4喇叭,,,,,
67792,缤越,,(标配)4喇叭,,,,,
68972,缤越,,(标配)6喇叭,,,,,
63060,缤越,,(标配)4喇叭,,,,,
66959,缤越,,(标配)4喇叭,,,,,
70452,缤越,,(标配)4喇叭,,,,,
72132,缤越,,(标配)6喇叭,,,,,
58383,缤越,,(标配)6喇叭,,,,,
70183,熊猫,,(标配)2喇叭,,,,,
68491,博越,,(标配)4喇叭,,,,,
68492,博越,,(标配)6喇叭,,,,,
68493,博越,,(标配)6喇叭,,,,,
68494,博越,(标配)Infinity燕飞利仕,(标配)10喇叭,,(标配)72色,,,
65752,豪越L,,(标配)6喇叭,,,,,
65888,豪越L,,(标配)6喇叭,,,,,
65887,豪越L,,(标配)6喇叭,,,,,
70335,豪越L,,(标配)6喇叭,,,,,
65703,星瑞L,,(标配)8喇叭,,,,,
65255,星瑞L,(标配)Infinity燕飞利仕,(标配)12喇叭,,(标配)多色,,,
65702,星瑞L,(标配)Infinity燕飞利仕,(标配)12喇叭,,(标配)多色,,,
56114,缤瑞,,(标配)6喇叭,,,,,
56115,缤瑞,,(标配)6喇叭,,,,,
66960,缤瑞,,(标配)6喇叭,,(选配)72色,,,
63900,缤瑞,,(标配)6喇叭,,(选配)72色,,,
65701,星越L智擎,,(标配)8喇叭,,(标配)72色,,,
65628,星越L智擎,,(标配)8喇叭,,(标配)72色,,,
67062,星越L智擎,(标配)Infinity燕飞利仕,(标配)10喇叭,,(标配)72色,,,
69227,嘉际,,(标配)6喇叭,,,,,
69221,嘉际,,(标配)6喇叭,,,,,
70391,吉利牛仔,,(标配)6喇叭,,,,,
70670,吉利牛仔,,(标配)6喇叭,,(标配)256色,,,
66770,帝豪L HiP,,(标配)4喇叭,,,,,
66771,帝豪L HiP,,(标配)8喇叭,,,,,
68422,吉利ICON,,(标配)6喇叭,,,,,
68397,吉利ICON,,(标配)6喇叭,,(标配)72色,,,
68423,吉利ICON,,(标配)6喇叭,,(标配)72色,,,
66403,豪越PRO,,(标配)6喇叭,,,,,
65264,豪越PRO,,(标配)4喇叭,,,,,
71620,豪越PRO,,(标配)6喇叭,,,,,
58931,帝豪新能源,,(标配)2喇叭,,,,,
58928,帝豪新能源,,(标配)2喇叭,,,,,
58927,帝豪新能源,,(标配)2喇叭,,,,,
58930,帝豪新能源,,(标配)2喇叭,,,,,
